[1,["ecpdLyjvZBwrvm+cedCcQy","c4aplNTFdLT7YvM9jFzDK0","57lMyhxmJMrYOSWY7a0R1Y","4dYPBElvBDl64exBdX48LO","d6ztkJPMFDB6eWg27jNpoM","23j5z1AU9HMpOj+cP23hxE","47wbmOzbBBurUSkzO0K2jg","05jIpp8kVPRIDyBOKAisKO","1484a7afd","75a/Y1GSJKl4EbVh/VmI3T","e767fLCqFKJ5bOF3TLC7pC","62+sK+uAhFfbfSkC2lV2KO","a5IocW5L5PLYxZ77ewTY5N","9cs5CgDL9OQrSGXfKlKTHq","a2MjXRFdtLlYQ5ouAFv/+R","39L021iihCzZh4MyDMlnwi","41TNNfFdBD55NLB1FCnXZZ","4fjRSHZrdHo5D6rbGcP/Uj","1ay3wf0IhJ1rpGpVWdlFKx","d5dgNiqtJOrLGF+DYHIO3m","8cYzVmY4JEe7KIixB/lGqx","3e+ckvUHRC4oXbpq5q0Nzy","3aUFDNsDpBsJlOe+xk9+1R","22M0VVMvNHW7OIc8OPx8iR","91Eb/a7ZlE8p6fz218qlK/"],["node","_spriteFrame","_N$file","_parent","_textureSetter","_content","root","labDes","labMian3","labMian2","labMian1","tab2","tab1","labCoinName","_view","data"],[["cc.Node",["_name","_active","_objFlags","_prefab","_contentSize","_parent","_components","_trs","_children","_anchorPoint","_color"],0,4,5,1,9,7,2,5,5],"cc.SpriteFrame",["cc.Widget",["_alignFlags","_left","_right","_bottom","_top","_originalWidth","_originalHeight","node"],-4,1],["41ebaVoPpRA4Kp67XEdHfZn",["_string","_fontSize","i18n_string","_lineHeight","_N$overflow","_N$verticalAlign","_N$horizontalAlign","node","_materials"],-4,1,3],["cc.Sprite",["_sizeMode","_enabled","_type","_materials","node","_spriteFrame"],0,3,1,6],["cc.Label",["_string","_fontSize","_lineHeight","_N$verticalAlign","_N$horizontalAlign","_isSystemFontUsed","_N$cacheMode","_N$overflow","node","_materials","_N$file"],-5,1,3,6],["cc.Node",["_name","_active","_parent","_children","_components","_prefab","_trs","_contentSize"],1,1,12,9,4,7,5],["cc.Node",["_name","_parent","_components","_prefab","_contentSize","_trs","_color"],2,1,2,4,5,7,5],["cc.Node",["_name","_active","_parent","_components","_prefab","_color","_contentSize","_trs"],1,1,12,4,5,5,7],["cc.PrefabInfo",["fileId","root"],2,1],["ScrollManager",["_orientation","_view","_content"],2,1,1],["PageViewManager",["_enabled","pageTurningSpeed"],1],["cc.Prefab",["_name"],2],["cc.BlockInputEvents",["node"],3,1],["557cfL2FF1OFK1klCNzb0+U",["node","iconsSpr"],3,1,2],["3dfa13i17NBeLaFE4q31adN",["node","labMian1","labMian2","labMian3","labDes"],3,1,1,1,1,1],["4829fs3Zp1GL4VbgaDRy13w",["node"],3,1],["4cd2dHfoVtD7bOD2dHVmpUF",["node"],3,1],["8446cEUsTFAkqItqI1C7CB0",["watchPath","foreachChildMode","node"],1,1],["cc.Layout",["_resize","_N$layoutType","node","_layoutSize"],1,1,5],["5b11ccje/RDIZvQa22ncjF7",["node","tab1","tab2","labJianshaoList","labNameList"],3,1,1,1,2,2],["cc.Mask",["_N$alphaThreshold","node","_materials"],2,1,3],["b3aa0SRf3VABIXmVwQAsRWf",["node","labCoinName"],3,1,1],["83b1cfbLrJEsrY2ny5IUZDh",["node","scrollManager","viewManager","layoutManager","pageViewManager","releaseManager","centerManager","prefab1","prefab2"],3,1,4,4,4,4,4,4,1,1],["ViewManager",[],3],["LayoutManager",[],3],["ReleaseManager",[],3],["CenterManager",[],3],["d4a2eT+AodDuY3ID81F9L9a",["node","scrollManager","viewManager","layoutManager","pageViewManager","releaseManager","centerManager","prefab1","prefab2","prefab3"],3,1,4,4,4,4,4,4,1,1,1],["0ffbcbl89xEj5yYYH4SQgf+",["i18n_string","node"],2,1],["cc.Button",["node"],3,1],["75203Gkx6dP3JWDyhEsat/Q",["watchPath","node"],2,1],["8eaaaEkOotGj4EDXygTBiJF",["indicatorMode","spacing","node","adapterNode","tabNode","spriteNode","cellSize"],1,1,1,1,2,5]],[[9,0,1,2],[0,0,1,5,6,3,4,7,3],[4,4,3,5,1],[2,0,1,7,3],[0,0,1,5,6,3,4,9,7,3],[5,0,1,2,5,4,3,6,8,9,10,8],[4,0,4,3,2],[29,0,1,2],[0,0,5,6,3,4,7,2],[5,0,1,2,5,4,3,8,9,10,7],[4,0,4,3,5,2],[18,0,1,2,3],[0,0,1,5,3,4,7,3],[0,0,1,5,6,3,10,4,9,7,3],[6,0,1,2,3,4,5,7,6,3],[2,0,1,2,7,4],[2,0,7,2],[0,0,8,6,3,4,2],[0,0,5,6,3,4,9,7,2],[7,0,1,2,3,4,5,2],[5,0,1,2,4,3,8,9,6],[0,0,5,8,3,7,2],[7,0,1,2,3,6,4,5,2],[0,0,5,6,3,10,4,7,2],[0,0,5,8,6,3,4,7,2],[0,0,5,8,3,4,7,2],[0,0,1,5,6,3,4,3],[0,0,5,6,3,4,2],[2,0,5,6,7,4],[2,0,4,7,3],[19,0,1,2,3,3],[3,0,1,6,5,2,7,8,6],[0,0,5,8,6,3,10,4,7,2],[0,0,5,8,6,3,4,2],[0,0,1,5,8,6,3,4,9,7,3],[8,0,2,3,4,5,6,7,2],[2,0,1,2,4,3,7,6],[2,0,1,4,7,4],[3,0,1,3,6,5,4,2,7,8,8],[3,0,1,5,4,2,7,8,6],[5,0,1,2,4,3,7,8,9,7],[0,0,5,8,3,2],[0,0,8,6,3,10,4,7,2],[0,0,1,5,3,4,3],[2,0,2,7,3],[2,0,1,2,4,7,5],[2,0,1,4,3,7,5],[4,1,0,4,3,5,3],[4,2,0,4,3,5,3],[21,0,1,2,2],[24,1],[25,1],[26,1],[27,1],[31,0,1,2],[12,0,2],[0,0,8,6,3,4,7,2],[0,0,2,8,6,3,4,3],[0,0,2,5,8,6,3,4,3],[0,0,5,6,3,10,4,9,7,2],[0,0,2,5,6,3,4,9,7,3],[0,0,2,5,3,4,9,7,3],[0,0,5,6,3,7,2],[6,0,2,3,4,5,6,2],[6,0,2,3,4,5,7,6,2],[8,0,1,2,3,4,5,6,7,3],[7,0,1,2,3,4,2],[2,0,1,2,3,5,7,6],[2,0,3,7,3],[2,0,3,5,6,7,5],[2,0,1,2,4,3,5,6,7,8],[13,0,1],[14,0,1,1],[9,1,1],[15,0,1,2,3,4,1],[4,0,3,2],[16,0,1],[17,0,1],[20,0,1,2,3,4,1],[22,0,1,1],[23,0,1,2,3,4,5,6,7,8,1],[10,0,1,2,2],[10,1,2,1],[11,0,1,3],[11,1],[28,0,1,2,3,4,5,6,7,8,9,1],[3,0,1,3,4,2,7,8,6],[3,0,1,3,4,7,8,5],[3,0,1,3,6,5,2,7,8,7],[3,0,1,3,5,4,2,7,8,7],[3,0,1,3,2,7,8,5],[30,0,1],[5,0,1,2,5,3,8,9,10,6],[32,0,1,2,3,4,5,6,3]],[[[{"name":"coin_1","rect":[759,1506,61,67],"offset":[-0.5,0.5],"originalSize":[70,70],"rotated":1,"capInsets":[0,0,0,0]}],[1],0,[0],[4],[8]],[[{"name":"beijing","rect":[3,3,750,1620],"offset":[0,0],"originalSize":[750,1620],"capInsets":[0,0,0,0]}],[1],0,[0],[4],[8]],[[{"name":"fanhui","rect":[978,1506,29,25],"offset":[0,-0.5],"originalSize":[29,26],"capInsets":[0,0,0,0]}],[1],0,[0],[4],[8]],[[{"name":"fengex","rect":[759,1591,472,2],"offset":[-0.5,-0.5],"originalSize":[473,3],"capInsets":[0,0,0,0]}],[1],0,[0],[4],[8]],[[{"name":"rank_bg","rect":[759,3,577,1031],"offset":[0,0],"originalSize":[577,1031],"capInsets":[128,103,121,236]}],[1],0,[0],[4],[8]],[[{"name":"btn_szb_2","rect":[759,1152,582,98],"offset":[0,0],"originalSize":[582,98],"capInsets":[64,30,67,26]}],[1],0,[0],[4],[8]],[[{"name":"label_skin_benefit","rect":[0,0,93,33],"offset":[0,0],"originalSize":[93,33],"capInsets":[0,0,0,0]}],[1],0,[0],[4],[15]],[[{"name":"coin_3","rect":[832,1506,61,67],"offset":[-0.5,0.5],"originalSize":[70,70],"rotated":1,"capInsets":[0,0,0,0]}],[1],0,[0],[4],[8]],[[{"name":"coin_2","rect":[905,1506,61,67],"offset":[-0.5,0.5],"originalSize":[70,70],"rotated":1,"capInsets":[0,0,0,0]}],[1],0,[0],[4],[8]],[[{"name":"third","rect":[1342,3,138,170],"offset":[0,0],"originalSize":[138,170],"capInsets":[0,0,0,0]}],[1],0,[0],[4],[8]],[[{"name":"bg_phb_1","rect":[1,6,329,245],"offset":[0,-3],"originalSize":[331,251],"capInsets":[0,0,0,0]}],[1],0,[0],[4],[16]],[[{"name":"label_benefit","rect":[0,0,81,33],"offset":[0,0],"originalSize":[81,33],"capInsets":[0,0,0,0]}],[1],0,[0],[4],[17]],[[{"name":"tc_szb","rect":[759,1040,749,106],"offset":[0.5,0],"originalSize":[750,106],"capInsets":[0,0,0,0]}],[1],0,[0],[4],[8]],[[{"name":"second","rect":[1342,355,138,170],"offset":[0,0],"originalSize":[138,170],"capInsets":[0,0,0,0]}],[1],0,[0],[4],[8]],[[[55,"rankLayer"],[56,"rankLayer",[-16,-17,-18,-19,-20,-21,-22,-23,-24],[[28,45,750,1912,-2],[71,-3],[72,-15,[-4,-5,-6,-7,-8,-9,-10,-11,-12,-13,-14]]],[73,-1],[5,750,1334],[375,667,0,0,0,0,1,1,1,1]],[17,"node_quanxi",[-26,-27,-28,-29,-30,-31,-32,-33,-34,-35],[[16,45,-25]],[0,"a36nrh78FFyKu9GVff9yAF",1],[5,680,920]],[17,"node_icon",[-37,-38,-39,-40,-41,-42,-43,-44,-45,-46],[[16,45,-36]],[0,"6cTe7dKZZD/pVNE26NKmBy",1],[5,680,920]],[17,"node_avatar",[-48,-49,-50,-51,-52,-53,-54,-55,-56,-57],[[16,45,-47]],[0,"46CVsro4pFc4gd6h6wlt10",1],[5,680,920]],[17,"node_coin",[-59,-60,-61,-62,-63,-64,-65,-66,-67,-68],[[16,45,-58]],[0,"45GxNvLqZAapT0GpViTk96",1],[5,680,920]],[17,"node_rank",[-70,-71,-72,-73,-74,-75,-76,-77,-78,-79],[[16,45,-69]],[0,"beNB5o4bJPRZOZpjWv/3Xz",1],[5,680,920]],[17,"node_name",[-81,-82,-83,-84,-85,-86,-87,-88,-89,-90],[[16,45,-80]],[0,"3bEHoDMTRF+aotadHdqUK7",1],[5,680,920]],[17,"node_quanxi",[-92,-93,-94,-95,-96,-97,-98,-99,-100,-101],[[16,45,-91]],[0,"b3L3ovQ5RHlq6MiD5DhOKZ",1],[5,680,920]],[17,"node_icon",[-103,-104,-105,-106,-107,-108,-109,-110,-111,-112],[[16,45,-102]],[0,"62YhUysoNKJaas8ezPo+mE",1],[5,680,920]],[17,"node_avatar",[-114,-115,-116,-117,-118,-119,-120,-121,-122,-123],[[16,45,-113]],[0,"1a40/pBaNFZIfCwYLlYvT+",1],[5,680,920]],[17,"node_coin",[-125,-126,-127,-128,-129,-130,-131,-132,-133,-134],[[16,45,-124]],[0,"03F1WCvW5FkJQiRY5gDpex",1],[5,680,920]],[17,"node_rank",[-136,-137,-138,-139,-140,-141,-142,-143,-144,-145],[[16,45,-135]],[0,"98Jx1+TtdBUIFnspDBAjz7",1],[5,680,920]],[17,"node_name",[-147,-148,-149,-150,-151,-152,-153,-154,-155,-156],[[16,45,-146]],[0,"99U1eUTEBNZr6Z6oEcdtfw",1],[5,680,920]],[24,"part1",1,[-162,-163,-164,-165,-166,-167,-168,-169],[[74,-161,-160,-159,-158,-157]],[0,"93GAOFFNdB/KkM2lUd8LxY",1],[5,750,784],[-1092.444,222,0,0,0,0,1,1,1,1]],[32,"page1",1,[-172,2,3,4,5,6,7],[[47,false,0,-170,[195],196],[76,-171]],[0,"ffv+Mx88BB3r9d+0EZY/ak",1],[4,4284776291],[5,680,920],[-2577.68,-767.578,0,0,0,0,1,1,1,1]],[41,"node_xian",15,[-173,-174,-175,-176,-177,-178,-179,-180,-181,-182],[0,"34uxiBrGBDxqg4VjCPN72W",1]],[32,"page2",1,[-185,8,9,10,11,12,13],[[47,false,0,-183,[367],368],[77,-184]],[0,"3216ZDnrdEeJHlI7HxgqE1",1],[4,4284631626],[5,680,920],[-1856.904,-767.578,0,0,0,0,1,1,1,1]],[41,"node_xian",17,[-186,-187,-188,-189,-190,-191,-192,-193,-194,-195],[0,"9bEchLWMxGz65mtH3Mokxs",1]],[32,"bg_bottom",1,[-198,-199,-200,-201,-202],[[2,-196,[412],413],[67,44,0.5,0.5,-3,750,-197]],[0,"94bM7lAdhLQIDdpnDKQS7q",1],[4,4278190080],[5,749,106],[0,-617,0,0,0,0,1,1,1,1]],[42,"btn_rank_list",[-205,-206,-207,-208],[[48,1,0,-203,[371],372],[29,4,-88.44900000000001,-204]],[0,"ce6PlT4RFHQLgffAXvCcNU",1],[4,4280428330],[5,680,920],[0,-68,0,0,0,0,1,1,1,1]],[63,"VM",14,[[[43,"bg_phb_0",false,-210,[0,"04MGhk+qxLk4a8uT4xZNSR",1],[5,750,784]],-211,-212,-213],4,1,1,1],[[11,"roomInfo.roomType",true,-209]],[0,"f10Adi+wFKTLJh5GvUSY60",1],[0,-44.587,0,0,0,0,1,1,1,1]],[42,"btn_szb_2",[-216,-217,-218],[[10,0,-214,[31],32],[29,1,6,-215]],[0,"95BBFamz1JBok1xQPimvTt",1],[4,4280164385],[5,582,86],[0,479,0,0,0,0,1,1,1,1]],[14,"VM_coin1",false,3,[[[12,"coin_0",false,-220,[0,"2djxCO2cVHCLq/BjgaSpV8",1],[5,60,68],[0,0,0,0,0,0,1,0.5,0.5,1]],-221,-222,-223],4,1,1,1],[[11,"roomInfo.roomType",true,-219]],[0,"dfAzMSwT5J9pMn1fNkzsYg",1],[5,31,36],[299.5,337,0,0,0,0,1,1,1,0.6]],[14,"VM_coin2",false,3,[[[12,"coin_0",false,-225,[0,"6fFpOt6oFGfryzIWu1Ww1d",1],[5,60,68],[0,0,0,0,0,0,1,0.5,0.5,1]],-226,-227,-228],4,1,1,1],[[11,"roomInfo.roomType",true,-224]],[0,"9eS3XpnuVGfonq1o+XQOfZ",1],[5,31,36],[299.5,253,0,0,0,0,1,1,1,0.6]],[14,"VM_coin3",false,3,[[[12,"coin_0",false,-230,[0,"fbkIb/JCFFF7473AXqJHbw",1],[5,60,68],[0,0,0,0,0,0,1,0.5,0.5,1]],-231,-232,-233],4,1,1,1],[[11,"roomInfo.roomType",true,-229]],[0,"9cFE1K9PRJz7QbOSHBnIuM",1],[5,31,36],[299.5,169,0,0,0,0,1,1,1,0.6]],[14,"VM_coin4",false,3,[[[12,"coin_0",false,-235,[0,"45iHPV2cxJYYOvbugyPZ4S",1],[5,60,68],[0,0,0,0,0,0,1,0.5,0.5,1]],-236,-237,-238],4,1,1,1],[[11,"roomInfo.roomType",true,-234]],[0,"77mbSZMyFNO7wFUsu3bdty",1],[5,31,36],[299.5,85,0,0,0,0,1,1,1,0.6]],[14,"VM_coin5",false,3,[[[12,"coin_0",false,-240,[0,"feEy9GivFOULiygKd+SDDJ",1],[5,60,68],[0,0,0,0,0,0,1,0.5,0.5,1]],-241,-242,-243],4,1,1,1],[[11,"roomInfo.roomType",true,-239]],[0,"51Ml2xr/9FH78ezTKQc8jg",1],[5,31,36],[299.5,1,0,0,0,0,1,1,1,0.6]],[14,"VM_coin6",false,3,[[[12,"coin_0",false,-245,[0,"51k55+3+9MfJgOw2YOw64j",1],[5,60,68],[0,0,0,0,0,0,1,0.5,0.5,1]],-246,-247,-248],4,1,1,1],[[11,"roomInfo.roomType",true,-244]],[0,"40KItXC7NJ/ZRJ7FEjH+7G",1],[5,31,36],[299.5,-83,0,0,0,0,1,1,1,0.6]],[14,"VM_coin7",false,3,[[[12,"coin_0",false,-250,[0,"70OzZjmiFJBKB+8HtQ+C/X",1],[5,60,68],[0,0,0,0,0,0,1,0.5,0.5,1]],-251,-252,-253],4,1,1,1],[[11,"roomInfo.roomType",true,-249]],[0,"8dHiN0qypHEKSyZ0b3CkyK",1],[5,31,36],[299.5,-167,0,0,0,0,1,1,1,0.6]],[14,"VM_coin8",false,3,[[[12,"coin_0",false,-255,[0,"cf6x4/POxHcLBC9bBKL2YO",1],[5,60,68],[0,0,0,0,0,0,1,0.5,0.5,1]],-256,-257,-258],4,1,1,1],[[11,"roomInfo.roomType",true,-254]],[0,"0198YFgpJF/KhvMrHFeKxc",1],[5,31,36],[299.5,-251,0,0,0,0,1,1,1,0.6]],[14,"VM_coin9",false,3,[[[12,"coin_0",false,-260,[0,"92otHY01ZONbP3L237InQO",1],[5,60,68],[0,0,0,0,0,0,1,0.5,0.5,1]],-261,-262,-263],4,1,1,1],[[11,"roomInfo.roomType",true,-259]],[0,"70+NtTVvdBCYE49zX0KD4/",1],[5,31,36],[299.5,-335,0,0,0,0,1,1,1,0.6]],[14,"VM_coin10",false,3,[[[12,"coin_0",false,-265,[0,"71HnIxOcJO0pcttSIGhaGs",1],[5,60,68],[0,0,0,0,0,0,1,0.5,0.5,1]],-266,-267,-268],4,1,1,1],[[11,"roomInfo.roomType",true,-264]],[0,"6eqnotXwFOz5agcM4CznCI",1],[5,31,36],[299.5,-419,0,0,0,0,1,1,1,0.6]],[14,"VM_coin1",false,9,[[[12,"coin_0",false,-270,[0,"79BsZL6U1AXac4Q+WgzjmV",1],[5,60,68],[0,0,0,0,0,0,1,0.5,0.5,1]],-271,-272,-273],4,1,1,1],[[11,"roomInfo.roomType",true,-269]],[0,"df/RsXUbZKgbWKcDBqPeN+",1],[5,31,36],[299.5,337,0,0,0,0,1,1,1,0.6]],[14,"VM_coin2",false,9,[[[12,"coin_0",false,-275,[0,"b5w3bQCfZOl43y//RcgANy",1],[5,60,68],[0,0,0,0,0,0,1,0.5,0.5,1]],-276,-277,-278],4,1,1,1],[[11,"roomInfo.roomType",true,-274]],[0,"d40GuQReZN7IHhtVUr7NQ2",1],[5,31,36],[299.5,253,0,0,0,0,1,1,1,0.6]],[14,"VM_coin3",false,9,[[[12,"coin_0",false,-280,[0,"19RshjJPdAcYNVLPQi9VEY",1],[5,60,68],[0,0,0,0,0,0,1,0.5,0.5,1]],-281,-282,-283],4,1,1,1],[[11,"roomInfo.roomType",true,-279]],[0,"feXlzvqIJJ+ZD/1NcIpQrV",1],[5,31,36],[299.5,169,0,0,0,0,1,1,1,0.6]],[14,"VM_coin4",false,9,[[[12,"coin_0",false,-285,[0,"6deZmzoelNY5HIA7JWd+Xw",1],[5,60,68],[0,0,0,0,0,0,1,0.5,0.5,1]],-286,-287,-288],4,1,1,1],[[11,"roomInfo.roomType",true,-284]],[0,"f4VqLwJodPPJitTYLCoaSj",1],[5,31,36],[299.5,85,0,0,0,0,1,1,1,0.6]],[14,"VM_coin5",false,9,[[[12,"coin_0",false,-290,[0,"bfWUejkP5ND6/q4sRbSRO+",1],[5,60,68],[0,0,0,0,0,0,1,0.5,0.5,1]],-291,-292,-293],4,1,1,1],[[11,"roomInfo.roomType",true,-289]],[0,"084V2fNMlNxbCNRgS0ipEI",1],[5,31,36],[299.5,1,0,0,0,0,1,1,1,0.6]],[14,"VM_coin6",false,9,[[[12,"coin_0",false,-295,[0,"c9UNAUE/5LlI05kqNHcP0h",1],[5,60,68],[0,0,0,0,0,0,1,0.5,0.5,1]],-296,-297,-298],4,1,1,1],[[11,"roomInfo.roomType",true,-294]],[0,"64GJ216VxNM6loKyfpfssr",1],[5,31,36],[299.5,-83,0,0,0,0,1,1,1,0.6]],[14,"VM_coin7",false,9,[[[12,"coin_0",false,-300,[0,"c25VuNtbRJ+4iI1nniP2TE",1],[5,60,68],[0,0,0,0,0,0,1,0.5,0.5,1]],-301,-302,-303],4,1,1,1],[[11,"roomInfo.roomType",true,-299]],[0,"10M6hcUq1EJ7SJu7vlhb3J",1],[5,31,36],[299.5,-167,0,0,0,0,1,1,1,0.6]],[14,"VM_coin8",false,9,[[[12,"coin_0",false,-305,[0,"4axRixYdxMx7QDS/jr1v7F",1],[5,60,68],[0,0,0,0,0,0,1,0.5,0.5,1]],-306,-307,-308],4,1,1,1],[[11,"roomInfo.roomType",true,-304]],[0,"b9gm4auZVF2biPnaMYp5R5",1],[5,31,36],[299.5,-251,0,0,0,0,1,1,1,0.6]],[14,"VM_coin9",false,9,[[[12,"coin_0",false,-310,[0,"5bZg2r4TROiYGDp3HBG65+",1],[5,60,68],[0,0,0,0,0,0,1,0.5,0.5,1]],-311,-312,-313],4,1,1,1],[[11,"roomInfo.roomType",true,-309]],[0,"4cL+G1dC9HkLHTESVMpEze",1],[5,31,36],[299.5,-335,0,0,0,0,1,1,1,0.6]],[14,"VM_coin10",false,9,[[[12,"coin_0",false,-315,[0,"adlfIMkOZHop+TBtGBJd7Q",1],[5,60,68],[0,0,0,0,0,0,1,0.5,0.5,1]],-316,-317,-318],4,1,1,1],[[11,"roomInfo.roomType",true,-314]],[0,"93Ye6NkmlBP6JENthOyZwK",1],[5,31,36],[299.5,-419,0,0,0,0,1,1,1,0.6]],[24,"part3",1,[-329,-330],[[30,1,2,-319,[5,750,1260]],[78,-328,-327,-326,[-323,-324,-325],[-320,-321,-322]]],[0,"32oSDlx4JOL6RPJ/iRrjuy",1],[5,750,1260],[-1867.93,308.296,0,0,0,0,1,1,1,1]],[25,"node_shangzhou_des",43,[-331,-332,-333,-334],[0,"46PvyvIipMdJfoSBZCNKpQ",1],[5,750,880],[0,-190,0,0,0,0,1,1,1,1]],[33,"tc_qysm",44,[-336,-337,-338,-339],[[68,1,122,-335]],[0,"86VgApgYVKP5XeTyoQ4VPj",1],[5,662,880]],[34,"layout_des_1",false,44,[-342,-343,-344],[[30,1,1,-340,[5,455.23,26]],[3,8,168.33999999999997,-341]],[0,"f8FFzSUzFIuZ/DHOyLiwMO",1],[5,455.23,26],[0,0,0.5],[-206.66000000000003,144,0,0,0,0,1,1,1,1]],[34,"layout_des_2",false,44,[-347,-348,-349],[[30,1,1,-345,[5,465.64,26]],[3,8,168.34,-346]],[0,"442MI57YRE5aNGD/RRqRRw",1],[5,465.64,26],[0,0,0.5],[-206.66,-7.504,0,0,0,0,1,1,1,1]],[34,"layout_des_3",false,44,[-352,-353,-354],[[30,1,1,-350,[5,454.14,26]],[3,8,168.34,-351]],[0,"7afnLYX8hEKqz7TupuHKoC",1],[5,454.14,26],[0,0,0.5],[-206.66,-167.56,0,0,0,0,1,1,1,1]],[64,"VM_coin",19,[[[43,"coin_0",false,-356,[0,"16c/duvWtBEIkD+uOz5urS",1],[5,60,68]],-357,-358,-359],4,1,1,1],[[11,"roomInfo.roomType",true,-355]],[0,"646Kl7anNO166zC7OkB5l0",1],[5,30,30],[330.08,0,0,0,0,0,1,0.5,0.5,1]],[57,"view",512,[-362],[[49,0,-360,[2]],[28,45,240,250,-361]],[0,"486lCrhDRG8axE2+d3ZFzu",1],[5,750,1334]],[24,"part2",1,[22,20],[[79,-364,-363]],[0,"76NhuQ4vtAhbFIL5kmuO7e",1],[5,750,1056],[-1092.444,-699.578,0,0,0,0,1,1,1,1]],[33,"scrollView2",20,[-369],[[69,45,-1.5987211554602254e-14,240,910,-365],[80,-368,[81,1,-367,-366],[50],[51],[83,true,0.5],[52],[53],15,17]],[0,"fb1LKHHjpLBYYYVt2fJm/F",1],[5,680,920]],[58,"view",512,52,[-372],[[49,0,-370,[33]],[28,45,240,250,-371]],[0,"6buuZc5+FOLKRAj2LxcZT3",1],[5,680,920]],[33,"scrollView",1,[50],[[28,45,240,250,-373],[85,-375,[82,50,-374],[50],[51],[84],[52],[53],14,51,43]],[0,"bcSH1UHZhHvYV1igX+qkPw",1],[5,750,1334]],[25,"tab_2",22,[-376,-377],[0,"65KIt0iXJBZ7yxkHuFduzy",1],[5,340,97],[170,0,0,0,0,0,1,1,1,1]],[8,"label_qy",55,[[2,-378,[29],30],[44,32,68,-379],[7,"label_benefit",-380]],[0,"6elGUVHuFJM5s9FZsn3+aN",1],[5,81,33],[61.5,0,0,0,0,0,1,1,1,1]],[1,"label_pfqy1",false,2,[[2,-381,[54],55],[3,8,333,-382],[7,"label_skin_benefit",-383]],[0,"40srcdUulPCqhfbFxgaBEf",1],[5,93,33],[39.5,337,0,0,0,0,1,1,1,1]],[1,"label_pfqy2",false,2,[[2,-384,[56],57],[7,"label_skin_benefit",-385],[3,8,333,-386]],[0,"b8V0X3am9C7bS8FnhI/i3t",1],[5,93,33],[39.5,253,0,0,0,0,1,1,1,1]],[1,"label_pfqy3",false,2,[[2,-387,[58],59],[7,"label_skin_benefit",-388],[3,8,333,-389]],[0,"9e5qZUVjBFTpRdXVDWK6bE",1],[5,93,33],[39.5,169,0,0,0,0,1,1,1,1]],[1,"label_pfqy4",false,2,[[2,-390,[60],61],[7,"label_skin_benefit",-391],[3,8,333,-392]],[0,"9cVTSHj5BLKYbVSNkUVYuP",1],[5,93,33],[39.5,85,0,0,0,0,1,1,1,1]],[1,"label_pfqy5",false,2,[[2,-393,[62],63],[7,"label_skin_benefit",-394],[3,8,333,-395]],[0,"63UaWh9QBE95bUJ4twndk3",1],[5,93,33],[39.5,1,0,0,0,0,1,1,1,1]],[1,"label_pfqy6",false,2,[[2,-396,[64],65],[7,"label_skin_benefit",-397],[3,8,333,-398]],[0,"91UFRcAEZI7K69ShGvgkgC",1],[5,93,33],[39.5,-83,0,0,0,0,1,1,1,1]],[1,"label_pfqy7",false,2,[[2,-399,[66],67],[7,"label_skin_benefit",-400],[3,8,333,-401]],[0,"a8x528F0dL1a9iEyBUfwma",1],[5,93,33],[39.5,-167,0,0,0,0,1,1,1,1]],[1,"label_pfqy8",false,2,[[2,-402,[68],69],[7,"label_skin_benefit",-403],[3,8,333,-404]],[0,"947UDwknNJqoe9z9MdMlf+",1],[5,93,33],[39.5,-251,0,0,0,0,1,1,1,1]],[1,"label_pfqy9",false,2,[[2,-405,[70],71],[7,"label_skin_benefit",-406],[3,8,333,-407]],[0,"c1er/rJLZMo5UBAko9OJPl",1],[5,93,33],[39.5,-335,0,0,0,0,1,1,1,1]],[1,"label_pfqy10",false,2,[[2,-408,[72],73],[7,"label_skin_benefit",-409],[3,8,333,-410]],[0,"0dIlKLyKxDgYhzK+rHLlst",1],[5,93,33],[39.5,-419,0,0,0,0,1,1,1,1]],[1,"label_pfqy1",false,8,[[2,-411,[217],218],[7,"label_skin_benefit",-412],[3,8,333,-413]],[0,"1cfDehKmZF1r/cVNUcaUKo",1],[5,93,33],[39.5,337,0,0,0,0,1,1,1,1]],[1,"label_pfqy2",false,8,[[2,-414,[219],220],[7,"label_skin_benefit",-415],[3,8,333,-416]],[0,"123PV5iuRELYZlg/OHA/j9",1],[5,93,33],[39.5,253,0,0,0,0,1,1,1,1]],[1,"label_pfqy3",false,8,[[2,-417,[221],222],[7,"label_skin_benefit",-418],[3,8,333,-419]],[0,"d01J4wVWlFL5wLRNqm0AAF",1],[5,93,33],[39.5,169,0,0,0,0,1,1,1,1]],[1,"label_pfqy4",false,8,[[2,-420,[223],224],[7,"label_skin_benefit",-421],[3,8,333,-422]],[0,"75+oqRkSpMIrahD/CxHWYk",1],[5,93,33],[39.5,85,0,0,0,0,1,1,1,1]],[1,"label_pfqy5",false,8,[[2,-423,[225],226],[7,"label_skin_benefit",-424],[3,8,333,-425]],[0,"a6zkGupo5It5YNKgjVmYbz",1],[5,93,33],[39.5,1,0,0,0,0,1,1,1,1]],[1,"label_pfqy6",false,8,[[2,-426,[227],228],[7,"label_skin_benefit",-427],[3,8,333,-428]],[0,"b009sUe95H/4eppLaBEHIu",1],[5,93,33],[39.5,-83,0,0,0,0,1,1,1,1]],[1,"label_pfqy7",false,8,[[2,-429,[229],230],[7,"label_skin_benefit",-430],[3,8,333,-431]],[0,"56VrzcyaxPWKyjd5XYwOFD",1],[5,93,33],[39.5,-167,0,0,0,0,1,1,1,1]],[1,"label_pfqy8",false,8,[[2,-432,[231],232],[7,"label_skin_benefit",-433],[3,8,333,-434]],[0,"51Le1ptKtEHLp0vqGone6+",1],[5,93,33],[39.5,-251,0,0,0,0,1,1,1,1]],[1,"label_pfqy9",false,8,[[2,-435,[233],234],[7,"label_skin_benefit",-436],[3,8,333,-437]],[0,"49KZ2NXBxJQ71x9/iOgwfa",1],[5,93,33],[39.5,-335,0,0,0,0,1,1,1,1]],[1,"label_pfqy10",false,8,[[2,-438,[235],236],[7,"label_skin_benefit",-439],[3,8,333,-440]],[0,"974+U/OmRM4o+KZd2ts+aA",1],[5,93,33],[39.5,-419,0,0,0,0,1,1,1,1]],[18,"lab_coin_name",20,[[45,33,43.3,24,30,-441],[86,"undefined收益",26,26,2,"Reward_Rough_stone",-442,[370]]],[0,"deD0/7no1HPawGeNbeYUTM",1],[5,104,32.76],[0,1,0.5],[316,413.62,0,0,0,0,1,1,1,1]],[25,"node_benshou_des",43,[-443,-444],[0,"df9Co1rwRGE4gX6jiR5KV2",1],[5,750,380],[0,440,0,0,0,0,1,1,1,1]],[21,"1",45,[-445,-446,-447],[0,"a0mE1XUY9Agb4UGv1bBhzI",1],[-61.034,296.035,0,0,0,0,1,1,1,1]],[21,"2",45,[-448,-449,-450],[0,"52GtzYDVlAwaov4hvayYoX",1],[-61.034,109.652,0,0,0,0,1,1,1,1]],[21,"3",45,[-451,-452,-453],[0,"af07pV+PpL5IrgEN10nsK2",1],[-61.034,-75.226,0,0,0,0,1,1,1,1]],[24,"btn_back",1,[-456],[[91,-454],[29,9,50.541000000000054,-455]],[0,"bbWu4oHAtNO5Fghrd9mfXE",1],[5,100,100],[-325,566.459,0,0,0,0,1,1,1,1]],[59,"font_2",19,[[36,8,36,100,928.83,1475.992,-457],[54,"account.myRankNo",-458],[87,"未上榜",26,26,2,-459,[403]]],[0,"b3Asw2BjNNIoX0RU6cnoJF",1],[4,4288518034],[5,78,32.76],[0,0,0.5],[-338.5,0,0,0,0,0,1,1,1,1]],[18,"lab_my_coin",19,[[92,"0",36,36,false,1,-460,[405],406],[36,32,198,77,928.83,1475.992,-461],[54,"account.myRankNum",-462]],[0,"9fl9hAF5dOYYJ+OTEYvigR",1],[5,24.59,45.36],[0,1,0.5],[297.5,0,0,0,0,0,1,1,1,1]],[8,"model",1,[[2,-463,[0],1],[70,1,325,325,-2.5,617,100,100,-464]],[0,"fb20dd7rNEz757W76xQ+xL",1],[5,750,1625],[0,-143,0,0,0,0,1,1,1,1]],[60,"content",512,50,[[16,1,-465]],[0,"7duDQs1sZIBZTJe7kGFFis",1],[5,750,2254],[0,0.5,1],[0,667,0,0,0,0,1,1,1,1]],[8,"bg_phb_1",21,[[2,-466,[3],4],[7,"bg_phb_1",-467]],[0,"fcaQOSryVBPZnw6Hq2lB12",1],[5,331,246],[0,0,0,0,0,0,1,2,2,1]],[26,"bg_phb_2",false,21,[[2,-468,[5],6],[7,"bg_phb_1",-469]],[0,"16jAaGmNpKlIcymH1/j7a5",1],[5,331,246]],[26,"bg_phb_3",false,21,[[2,-470,[7],8],[7,"bg_phb_1",-471]],[0,"0eYUZNaJVDSrIlAli/CZXH",1],[5,331,246]],[65,"lab_max_mianshang",false,14,[[[29,1,126.24900000000002,-472],-473],4,1],[0,"58CuTeOgJHEJ9eEKqNIFpJ",1],[4,4288518034],[5,314.94,25.2],[0,253.15099999999998,0,0,0,0,1,1,1,1]],[21,"1",14,[-474,-475],[0,"eap2DGlnxP84CdH3Cg+Lne",1],[0,-170.253,0,0,0,0,1,1,1,1]],[35,"lab_mianshang_1",91,[[[37,1,335.068,-12.600000000000025,-476],-477],4,1],[0,"cdrTw0HMFGA6MW5vPDE/ab",1],[4,4290962426],[5,120,25.2],[0,2.4868995751603507e-14,0,0,0,0,1,1,1,1]],[21,"2",14,[-478,-479],[0,"2adoNkjdVPnq1ecyIr5z7c",1],[-210.79,-198.629,0,0,0,0,1,1,1,1]],[35,"lab_mianshang_2",93,[[[37,1,124.805,-12.600000000000023,-480],-481],4,1],[0,"8bn2qhmeBBiJGtCFFrv0tS",1],[4,4290962426],[5,120,25.2],[0,2.3092638912203256e-14,0,0,0,0,1,1,1,1]],[21,"3",14,[-482,-483],[0,"e1YuS+L69JbrVgQOX+c9Ev",1],[209.438,-202.682,0,0,0,0,1,1,1,1]],[35,"lab_mianshang_3",95,[[[37,1,555.223,-12.600000000000023,-484],-485],4,1],[0,"7aBoppz/BCdrVhQ1JjVVeD",1],[4,4290962426],[5,120,25.2],[0,2.3092638912203256e-14,0,0,0,0,1,1,1,1]],[23,"btn_szb_1",22,[[48,1,0,-486,[25],26]],[0,"a2eQSrrBNCz5Mx35ZDp529",1],[4,4280164385],[5,268,86],[-170,0,0,0,0,0,1,1,1,1]],[25,"tab_1",22,[-487],[0,"5bzSdYt0NMV7wEWNb8rIiD",1],[5,340,97],[-170,0,0,0,0,0,1,1,1,1]],[8,"font",98,[[3,8,119.99999999999999,-488],[38,"本週榜",28,28.5,1,1,2,"CUR_WEEK_LEADERBOARD",-489,[27]]],[0,"15S8OzQuNLzogM1LaLzKKE",1],[5,100,50],[-1.4210854715202004e-14,0,0,0,0,0,1,1,1,1]],[8,"font",55,[[44,32,152.32999999999998,-490],[38,"上週榜",28,28,1,1,2,"LAST_WEEK_LEADERBOARD",-491,[28]]],[0,"b9qVfQDUtDpbOIL5KmSsXB",1],[5,100,50],[-32.329999999999984,0,0,0,0,0,1,1,1,1]],[75,0,[84]],[1,"spr_avatar1",false,4,[[6,0,-492,[125]],[3,8,79,-493]],[0,"feH4o2Ux5MRYOgsYj/x/3Y",1],[5,41,41],[-240.5,337,0,0,0,0,1,1,1,1]],[1,"spr_avatar2",false,4,[[6,0,-494,[126]],[3,8,79,-495]],[0,"502A/K0CBCRqn/oLyEkZA9",1],[5,41,41],[-240.5,253,0,0,0,0,1,1,1,1]],[1,"spr_avatar3",false,4,[[6,0,-496,[127]],[3,8,79,-497]],[0,"6aMVgDwCFNOLSGzcfrQa7W",1],[5,41,41],[-240.5,169,0,0,0,0,1,1,1,1]],[1,"spr_avatar4",false,4,[[6,0,-498,[128]],[3,8,79,-499]],[0,"b3991GhwpCh5IvpTCDyRJD",1],[5,41,41],[-240.5,85,0,0,0,0,1,1,1,1]],[1,"spr_avatar5",false,4,[[6,0,-500,[129]],[3,8,79,-501]],[0,"1dgyavBpVAqLhXfIaHMWQE",1],[5,41,41],[-240.5,1,0,0,0,0,1,1,1,1]],[1,"spr_avatar6",false,4,[[6,0,-502,[130]],[3,8,79,-503]],[0,"8aZVISiaJKw67jble3meTh",1],[5,41,41],[-240.5,-83,0,0,0,0,1,1,1,1]],[1,"spr_avatar7",false,4,[[6,0,-504,[131]],[3,8,79,-505]],[0,"5dDZLbdC5L1rM4IVey6G3J",1],[5,41,41],[-240.5,-167,0,0,0,0,1,1,1,1]],[1,"spr_avatar8",false,4,[[6,0,-506,[132]],[3,8,79,-507]],[0,"5fbLeHfQJNh5ixXk9Xs1xt",1],[5,41,41],[-240.5,-251,0,0,0,0,1,1,1,1]],[1,"spr_avatar9",false,4,[[6,0,-508,[133]],[3,8,79,-509]],[0,"14evti1FZKb6m7kfwEinlW",1],[5,41,41],[-240.5,-335,0,0,0,0,1,1,1,1]],[1,"spr_avatar10",false,4,[[6,0,-510,[134]],[3,8,79,-511]],[0,"ecbBC/1NBHsoY642vjQouJ",1],[5,41,41],[-240.5,-419,0,0,0,0,1,1,1,1]],[4,"lab_coin1",false,5,[[5,"1234567890",30,30,false,1,1,2,-512,[135],136],[15,32,19.50999999999999,68,-513]],[0,"62ALszZq9C960a9YyJQ4Ho",1],[5,172.5,30],[0,1,0.5],[272,337,0,0,0,0,1,1,1,1]],[4,"lab_coin2",false,5,[[5,"1234567890",30,30,false,1,1,2,-514,[137],138],[15,32,19.50999999999999,68,-515]],[0,"4fi45NwShDRbNinW4FAJ2s",1],[5,172.5,30],[0,1,0.5],[272,253,0,0,0,0,1,1,1,1]],[4,"lab_coin3",false,5,[[5,"1234567890",30,30,false,1,1,2,-516,[139],140],[15,32,19.50999999999999,68,-517]],[0,"c8Jvy5GDNNMI4qC+5gtxP0",1],[5,172.5,30],[0,1,0.5],[272,169,0,0,0,0,1,1,1,1]],[4,"lab_coin4",false,5,[[5,"1234567890",30,30,false,1,1,2,-518,[141],142],[15,32,19.50999999999999,68,-519]],[0,"81j4buME9N5ZHKj+QjOlYb",1],[5,172.5,30],[0,1,0.5],[272,85,0,0,0,0,1,1,1,1]],[4,"lab_coin5",false,5,[[5,"1234567890",30,30,false,1,1,2,-520,[143],144],[15,32,19.50999999999999,68,-521]],[0,"cfRS0QAa5NsoPDwWRnvNc4",1],[5,172.5,30],[0,1,0.5],[272,1,0,0,0,0,1,1,1,1]],[4,"lab_coin6",false,5,[[5,"1234567890",30,30,false,1,1,2,-522,[145],146],[15,32,19.50999999999999,68,-523]],[0,"d0vSGSNJ9BYocKu8QbhRSC",1],[5,172.5,30],[0,1,0.5],[272,-83,0,0,0,0,1,1,1,1]],[4,"lab_coin7",false,5,[[5,"1234567890",30,30,false,1,1,2,-524,[147],148],[15,32,19.50999999999999,68,-525]],[0,"50VDuzlA9DWpG754eoAQ8+",1],[5,172.5,30],[0,1,0.5],[272,-167,0,0,0,0,1,1,1,1]],[4,"lab_coin8",false,5,[[5,"1234567890",30,30,false,1,1,2,-526,[149],150],[15,32,19.50999999999999,68,-527]],[0,"bbGD/meKtKBYG0yRuIq9i0",1],[5,172.5,30],[0,1,0.5],[272,-251,0,0,0,0,1,1,1,1]],[4,"lab_coin9",false,5,[[5,"1234567890",30,30,false,1,1,2,-528,[151],152],[15,32,19.50999999999999,68,-529]],[0,"aeUJZMo3RNQLTaJvXC32lr",1],[5,172.5,30],[0,1,0.5],[272,-335,0,0,0,0,1,1,1,1]],[4,"lab_coin10",false,5,[[5,"1234567890",30,30,false,1,1,2,-530,[153],154],[15,32,19.50999999999999,68,-531]],[0,"a4ObKRrpNA5qwJt2WlfT55",1],[5,172.5,30],[0,1,0.5],[272,-419,0,0,0,0,1,1,1,1]],[4,"lab_name1",false,7,[[9,"阿*",26,26,false,1,1,-532,[175],176],[3,8,138,-533]],[0,"16dXXbf+5L6I/I6vD1Hu5J",1],[5,36.76,32.76],[0,0,0.5],[-202,337,0,0,0,0,1,1,1,1]],[4,"lab_name2",false,7,[[9,"阿*",26,26,false,1,1,-534,[177],178],[3,8,138,-535]],[0,"ab0k+b1slDl62cwPH6G4TS",1],[5,36.76,32.76],[0,0,0.5],[-202,253,0,0,0,0,1,1,1,1]],[4,"lab_name3",false,7,[[9,"阿*",26,26,false,1,1,-536,[179],180],[3,8,138,-537]],[0,"09mkDgV3dCuq9VWs2lv0wI",1],[5,36.76,32.76],[0,0,0.5],[-202,169,0,0,0,0,1,1,1,1]],[4,"lab_name4",false,7,[[9,"阿*",26,26,false,1,1,-538,[181],182],[3,8,138,-539]],[0,"7cIxk0wiJDwaO/qxaV7Xbh",1],[5,36.76,32.76],[0,0,0.5],[-202,85,0,0,0,0,1,1,1,1]],[4,"lab_name5",false,7,[[9,"阿*",26,26,false,1,1,-540,[183],184],[3,8,138,-541]],[0,"62aTwrZCtGoKJnn/y9gs9l",1],[5,36.76,32.76],[0,0,0.5],[-202,1,0,0,0,0,1,1,1,1]],[4,"lab_name6",false,7,[[9,"阿*",26,26,false,1,1,-542,[185],186],[3,8,138,-543]],[0,"8fodqVdGRLaZqQCADaJxmH",1],[5,36.76,32.76],[0,0,0.5],[-202,-83,0,0,0,0,1,1,1,1]],[4,"lab_name7",false,7,[[9,"阿*",26,26,false,1,1,-544,[187],188],[3,8,138,-545]],[0,"64IwroF8JGj4etPIt2ne9q",1],[5,36.76,32.76],[0,0,0.5],[-202,-167,0,0,0,0,1,1,1,1]],[4,"lab_name8",false,7,[[9,"阿*",26,26,false,1,1,-546,[189],190],[3,8,138,-547]],[0,"e3bnqlLSREza3yszsUH/QY",1],[5,36.76,32.76],[0,0,0.5],[-202,-251,0,0,0,0,1,1,1,1]],[4,"lab_name9",false,7,[[9,"阿*",26,26,false,1,1,-548,[191],192],[3,8,138,-549]],[0,"4enFeTTMtNgrplR0NqqJNW",1],[5,36.76,32.76],[0,0,0.5],[-202,-335,0,0,0,0,1,1,1,1]],[4,"lab_name10",false,7,[[9,"阿*",26,26,false,1,1,-550,[193],194],[3,8,138,-551]],[0,"16mqq99cpCnJnVL7B13BGI",1],[5,36.76,32.76],[0,0,0.5],[-202,-419,0,0,0,0,1,1,1,1]],[1,"spr_avatar1",false,10,[[6,0,-552,[297]],[3,8,79,-553]],[0,"bacyA5pTdAdKdJadVykOhw",1],[5,41,41],[-240.5,337,0,0,0,0,1,1,1,1]],[1,"spr_avatar2",false,10,[[6,0,-554,[298]],[3,8,79,-555]],[0,"9bmcuCrmlEU4AX41Py5Q2l",1],[5,41,41],[-240.5,253,0,0,0,0,1,1,1,1]],[1,"spr_avatar3",false,10,[[6,0,-556,[299]],[3,8,79,-557]],[0,"98gXF8QlxLyYPsTnxvVdf2",1],[5,41,41],[-240.5,169,0,0,0,0,1,1,1,1]],[1,"spr_avatar4",false,10,[[6,0,-558,[300]],[3,8,79,-559]],[0,"4eM1CVU0JLcYFeJsSf20nk",1],[5,41,41],[-240.5,85,0,0,0,0,1,1,1,1]],[1,"spr_avatar5",false,10,[[6,0,-560,[301]],[3,8,79,-561]],[0,"6fJ8Xc6iVLYKSpwlwdEqeX",1],[5,41,41],[-240.5,1,0,0,0,0,1,1,1,1]],[1,"spr_avatar6",false,10,[[6,0,-562,[302]],[3,8,79,-563]],[0,"b5e0uQjJpLN4+9CoQLeF53",1],[5,41,41],[-240.5,-83,0,0,0,0,1,1,1,1]],[1,"spr_avatar7",false,10,[[6,0,-564,[303]],[3,8,79,-565]],[0,"bfsp5hRdBDaY84s8MR7S0x",1],[5,41,41],[-240.5,-167,0,0,0,0,1,1,1,1]],[1,"spr_avatar8",false,10,[[6,0,-566,[304]],[3,8,79,-567]],[0,"93Z8M2g59Da6Pda3OrQ5YT",1],[5,41,41],[-240.5,-251,0,0,0,0,1,1,1,1]],[1,"spr_avatar9",false,10,[[6,0,-568,[305]],[3,8,79,-569]],[0,"fcHEE5fJ1GUpqFFttOYNU4",1],[5,41,41],[-240.5,-335,0,0,0,0,1,1,1,1]],[1,"spr_avatar10",false,10,[[6,0,-570,[306]],[3,8,79,-571]],[0,"66MKqxXSdD2ajpo3dCyfcf",1],[5,41,41],[-240.5,-419,0,0,0,0,1,1,1,1]],[4,"lab_coin1",false,11,[[5,"1234567890",30,30,false,1,1,2,-572,[307],308],[15,32,19.50999999999999,68,-573]],[0,"6f4qQPiV5NrqaBGiwALq+Z",1],[5,172.5,30],[0,1,0.5],[272,337,0,0,0,0,1,1,1,1]],[4,"lab_coin2",false,11,[[5,"1234567890",30,30,false,1,1,2,-574,[309],310],[15,32,19.50999999999999,68,-575]],[0,"4erqefC+1EhYqWEEKEpoHD",1],[5,172.5,30],[0,1,0.5],[272,253,0,0,0,0,1,1,1,1]],[4,"lab_coin3",false,11,[[5,"1234567890",30,30,false,1,1,2,-576,[311],312],[15,32,19.50999999999999,68,-577]],[0,"32K0Oe5NNDnLP5ud2ePeXX",1],[5,172.5,30],[0,1,0.5],[272,169,0,0,0,0,1,1,1,1]],[4,"lab_coin4",false,11,[[5,"1234567890",30,30,false,1,1,2,-578,[313],314],[15,32,19.50999999999999,68,-579]],[0,"7dVWnJHtlNyIDjTu9Jyz7T",1],[5,172.5,30],[0,1,0.5],[272,85,0,0,0,0,1,1,1,1]],[4,"lab_coin5",false,11,[[5,"1234567890",30,30,false,1,1,2,-580,[315],316],[15,32,19.50999999999999,68,-581]],[0,"5a8qHMi7lGvqBSYGSOvlgy",1],[5,172.5,30],[0,1,0.5],[272,1,0,0,0,0,1,1,1,1]],[4,"lab_coin6",false,11,[[5,"1234567890",30,30,false,1,1,2,-582,[317],318],[15,32,19.50999999999999,68,-583]],[0,"d5uMLtnOpDtZodu6a4wdCk",1],[5,172.5,30],[0,1,0.5],[272,-83,0,0,0,0,1,1,1,1]],[4,"lab_coin7",false,11,[[5,"1234567890",30,30,false,1,1,2,-584,[319],320],[15,32,19.50999999999999,68,-585]],[0,"9fhFCm6btGGYBI1YjB9rIy",1],[5,172.5,30],[0,1,0.5],[272,-167,0,0,0,0,1,1,1,1]],[4,"lab_coin8",false,11,[[5,"1234567890",30,30,false,1,1,2,-586,[321],322],[15,32,19.50999999999999,68,-587]],[0,"beqAC7VGJNP7VqVrdF/EPI",1],[5,172.5,30],[0,1,0.5],[272,-251,0,0,0,0,1,1,1,1]],[4,"lab_coin9",false,11,[[5,"1234567890",30,30,false,1,1,2,-588,[323],324],[15,32,19.50999999999999,68,-589]],[0,"54QiBykuJE9YZS9xnSvJsh",1],[5,172.5,30],[0,1,0.5],[272,-335,0,0,0,0,1,1,1,1]],[4,"lab_coin10",false,11,[[5,"1234567890",30,30,false,1,1,2,-590,[325],326],[15,32,19.50999999999999,68,-591]],[0,"bbJWeeljtGBrLNCrzwYqEZ",1],[5,172.5,30],[0,1,0.5],[272,-419,0,0,0,0,1,1,1,1]],[4,"lab_name1",false,13,[[9,"阿*",26,26,false,1,1,-592,[347],348],[3,8,138,-593]],[0,"f1CM9RXSFCt62FLiOrDpie",1],[5,36.76,32.76],[0,0,0.5],[-202,337,0,0,0,0,1,1,1,1]],[4,"lab_name2",false,13,[[9,"阿*",26,26,false,1,1,-594,[349],350],[3,8,138,-595]],[0,"57G3d6IX1B74zQQvnXnxwr",1],[5,36.76,32.76],[0,0,0.5],[-202,253,0,0,0,0,1,1,1,1]],[4,"lab_name3",false,13,[[9,"阿*",26,26,false,1,1,-596,[351],352],[3,8,138,-597]],[0,"b3MdTwxh1AKIIllJEymlWO",1],[5,36.76,32.76],[0,0,0.5],[-202,169,0,0,0,0,1,1,1,1]],[4,"lab_name4",false,13,[[9,"阿*",26,26,false,1,1,-598,[353],354],[3,8,138,-599]],[0,"ab//+MOI1BRrl7u0mBI0de",1],[5,36.76,32.76],[0,0,0.5],[-202,85,0,0,0,0,1,1,1,1]],[4,"lab_name5",false,13,[[9,"阿*",26,26,false,1,1,-600,[355],356],[3,8,138,-601]],[0,"6fC5eiDCJNUqZ5RVIQbNYK",1],[5,36.76,32.76],[0,0,0.5],[-202,1,0,0,0,0,1,1,1,1]],[4,"lab_name6",false,13,[[9,"阿*",26,26,false,1,1,-602,[357],358],[3,8,138,-603]],[0,"477uqqDtNLZ4io7bUt48vH",1],[5,36.76,32.76],[0,0,0.5],[-202,-83,0,0,0,0,1,1,1,1]],[4,"lab_name7",false,13,[[9,"阿*",26,26,false,1,1,-604,[359],360],[3,8,138,-605]],[0,"737WKbsrNOVbXoRP56/ngd",1],[5,36.76,32.76],[0,0,0.5],[-202,-167,0,0,0,0,1,1,1,1]],[4,"lab_name8",false,13,[[9,"阿*",26,26,false,1,1,-606,[361],362],[3,8,138,-607]],[0,"d6pCXCscxNoaMHhG07rzIM",1],[5,36.76,32.76],[0,0,0.5],[-202,-251,0,0,0,0,1,1,1,1]],[4,"lab_name9",false,13,[[9,"阿*",26,26,false,1,1,-608,[363],364],[3,8,138,-609]],[0,"26Zc5fKzxPO5xjiIgZ47LZ",1],[5,36.76,32.76],[0,0,0.5],[-202,-335,0,0,0,0,1,1,1,1]],[4,"lab_name10",false,13,[[9,"阿*",26,26,false,1,1,-610,[365],366],[3,8,138,-611]],[0,"92aS6nKH9JO6yEotvoTMqG",1],[5,36.76,32.76],[0,0,0.5],[-202,-419,0,0,0,0,1,1,1,1]],[18,"font_paiming",20,[[45,9,26.060000000000002,100,30,-612],[38,"排名/用戶",26,26,1,1,2,"Rank_User",-613,[369]]],[0,"31dB9Q4o5COaZhrPBdHAv5",1],[5,111.22,32.76],[0,0,0.5],[-313.94,413.62,0,0,0,0,1,1,1,1]],[18,"font_benzhou",78,[[88,"本週榜",35,35,1,1,"CUR_WEEK_LEADERBOARD",-614,[373]],[46,9,40.38,48.286000000000016,283.476,-615]],[0,"cb9wRySeNIjJ8xdEV2uENj",1],[5,105,44.1],[0,0,0.5],[-334.62,119.664,0,0,0,0,1,1,1,1]],[23,"font_benshou_des",78,[[89,"以每週日晚上12點前，杀手最後出現時間點為結束節點； 本週上榜用戶的權益，將在下週生效，權益有效期為一周； 當前有裝扮的玩家不收錄本週排行榜。",26,46,1,3,"WEEK_DESC",-616,[374]],[46,9,17,105.20899999999993,120.69300000000001,-617]],[0,"529WOhfaJJ762wNi39JgjM",1],[4,4292730333],[5,700,149.95999999999998],[-8,9.811000000000078,0,0,0,0,1,1,1,1]],[8,"touxiangshiyi",19,[[6,0,-618,[402]],[3,8,126.5,-619]],[0,"8ate41Y6BFVpC4Qu/GCycN",1],[5,50,50],[-223,0,0,0,0,0,1,1,1,1]],[18,"lab_my_name",19,[[36,8,198,100,928.83,1475.992,-620],[90,"自己",26,26,"MYSELF",-621,[404]]],[0,"52EgLznTBKCK5HqTUpkxxg",1],[5,52,32.76],[0,0,0.5],[-176.5,0,0,0,0,0,1,1,1,1]],[20,"奖励免杀手伤害皮肤，最高免伤15%",20,20,1,1,90,[9]],[27,"lab_bg",91,[[2,-622,[10],11]],[0,"b0Lq71z4RCILX3OcHNtqqY",1],[5,130,36]],[40,"免伤15%",20,20,1,1,2,92,[12]],[27,"lab_bg",93,[[2,-623,[13],14]],[0,"59nGfx7ldHN7Bjoni3sAZo",1],[5,130,36]],[40,"免伤15%",20,20,1,1,2,94,[15]],[27,"lab_bg",95,[[2,-624,[16],17]],[0,"cc7JHmvShHVbfLQvyaSFkE",1],[5,130,36]],[40,"免伤15%",20,20,1,1,2,96,[18]],[8,"third",14,[[2,-625,[19],20]],[0,"69Nfk+WZpCkbWvRRQIjz/0",1],[5,119,193],[192.093,-72.316,0,0,0,0,1,1,1,1]],[8,"second",14,[[2,-626,[21],22]],[0,"7eEFonFZxLdLXSyIwLR9X8",1],[5,119,193],[-217.435,-71.553,0,0,0,0,1,1,1,1]],[8,"first",14,[[2,-627,[23],24]],[0,"50mg89Zo1N5ra2G94OUTRL",1],[5,119,193],[0,-35.833,0,0,0,0,1,1,1,1]],[61,"content",512,53,[0,"deIFJR3YNPUauYgkrU1T8k",1],[5,220,920],[0,0.5,1],[0,460,0,0,0,0,1,1,1,1]],[1,"fengexian1",false,16,[[10,0,-628,[34],35]],[0,"37qVB5xaFELaICvJhGAbQw",1],[5,632,3],[0,376.5,0,0,0,0,1,1,1,1]],[1,"fengexian2",false,16,[[10,0,-629,[36],37]],[0,"f3S6jfSYROc5yuuRJIV9Y+",1],[5,632,3],[0,292.5,0,0,0,0,1,1,1,1]],[1,"fengexian3",false,16,[[10,0,-630,[38],39]],[0,"62wjsERtlDw58rDYkx9aNZ",1],[5,632,3],[0,208.5,0,0,0,0,1,1,1,1]],[1,"fengexian4",false,16,[[10,0,-631,[40],41]],[0,"70L7aSj2dG1JLF0i9YI/Q0",1],[5,632,3],[0,124.5,0,0,0,0,1,1,1,1]],[1,"fengexian5",false,16,[[10,0,-632,[42],43]],[0,"da+SakkKBBV7ElM4qfemBM",1],[5,632,3],[0,40.5,0,0,0,0,1,1,1,1]],[1,"fengexian6",false,16,[[10,0,-633,[44],45]],[0,"0ffMxhCNxEsoxno7MS0+Ws",1],[5,632,3],[0,-43.5,0,0,0,0,1,1,1,1]],[1,"fengexian7",false,16,[[10,0,-634,[46],47]],[0,"11qB96c7JNfrpx8W5l+78P",1],[5,632,3],[0,-127.5,0,0,0,0,1,1,1,1]],[1,"fengexian8",false,16,[[10,0,-635,[48],49]],[0,"2fJRxbXbhHwqKJsobJYKy6",1],[5,632,3],[0,-211.5,0,0,0,0,1,1,1,1]],[1,"fengexian9",false,16,[[10,0,-636,[50],51]],[0,"1b2oougLpKN7idCo9TiGn+",1],[5,632,3],[0,-295.5,0,0,0,0,1,1,1,1]],[1,"fengexian10",false,16,[[10,0,-637,[52],53]],[0,"4bsBDQKGdKB7jOfkvv8M/K",1],[5,632,3],[0,-379.5,0,0,0,0,1,1,1,1]],[19,"coin_1",23,[-638],[0,"e3W1IQbYtCYYowx56Jfsyf",1],[5,60,60],[0,0,0,0,0,0,1,0.5,0.5,1]],[6,0,188,[74]],[1,"coin_2",false,23,[[2,-639,[75],76]],[0,"76SicQklRDXp101otwI67c",1],[5,53,80],[0,0,0,0,0,0,1,0.5,0.5,1]],[1,"coin_3",false,23,[[2,-640,[77],78]],[0,"64REB0qRJJcoTDVech1jyz",1],[5,74,68],[0,0,0,0,0,0,1,0.5,0.5,1]],[19,"coin_1",24,[-641],[0,"9bfW+c1AVGo5z8+HGZP53d",1],[5,60,60],[0,0,0,0,0,0,1,0.5,0.5,1]],[6,0,192,[79]],[1,"coin_2",false,24,[[2,-642,[80],81]],[0,"93D1c1jkBDuqKp7gtzSQUW",1],[5,53,80],[0,0,0,0,0,0,1,0.5,0.5,1]],[1,"coin_3",false,24,[[2,-643,[82],83]],[0,"9e1iFSd1xEiJfuExW5Vk88",1],[5,74,68],[0,0,0,0,0,0,1,0.5,0.5,1]],[19,"coin_1",25,[101],[0,"7cDiIaFx5C1IeQN6NQDNxJ",1],[5,60,60],[0,0,0,0,0,0,1,0.5,0.5,1]],[1,"coin_2",false,25,[[2,-644,[85],86]],[0,"d3CfopMJ5Lfpjm7rTt+H42",1],[5,53,80],[0,0,0,0,0,0,1,0.5,0.5,1]],[1,"coin_3",false,25,[[2,-645,[87],88]],[0,"2cEUoObwhHE4Ck7QsFbTUL",1],[5,74,68],[0,0,0,0,0,0,1,0.5,0.5,1]],[19,"coin_1",26,[-646],[0,"0aYUK7FWBLyqZ311O2TjCw",1],[5,60,60],[0,0,0,0,0,0,1,0.5,0.5,1]],[6,0,199,[89]],[1,"coin_2",false,26,[[2,-647,[90],91]],[0,"50SaCsAStOwqdhS3sA+7uN",1],[5,53,80],[0,0,0,0,0,0,1,0.5,0.5,1]],[1,"coin_3",false,26,[[2,-648,[92],93]],[0,"4a8zRxP8hPWIIrCdLYv92W",1],[5,74,68],[0,0,0,0,0,0,1,0.5,0.5,1]],[8,"coin_1",27,[[10,0,-649,[94],95]],[0,"52rQi4f0lBk7PEN8A3Qac1",1],[5,60,68],[0,0,0,0,0,0,1,0.5,0.5,1]],[1,"coin_2",false,27,[[2,-650,[96],97]],[0,"b30O3Cx9JM5LKrt4qcmUhl",1],[5,53,80],[0,0,0,0,0,0,1,0.5,0.5,1]],[1,"coin_3",false,27,[[2,-651,[98],99]],[0,"5fN3eFc9RACohO6AtRojdZ",1],[5,74,68],[0,0,0,0,0,0,1,0.5,0.5,1]],[19,"coin_1",28,[-652],[0,"6f/aQZH7xAwqEdBRb/tblt",1],[5,60,60],[0,0,0,0,0,0,1,0.5,0.5,1]],[6,0,206,[100]],[1,"coin_2",false,28,[[2,-653,[101],102]],[0,"ed7Gb8G0FGIrMr01rStG8w",1],[5,53,80],[0,0,0,0,0,0,1,0.5,0.5,1]],[1,"coin_3",false,28,[[2,-654,[103],104]],[0,"81GyVBJ7FMl6ngCuI0Ppjb",1],[5,74,68],[0,0,0,0,0,0,1,0.5,0.5,1]],[19,"coin_1",29,[-655],[0,"87gzZU/z1Kxbuikm9AM94d",1],[5,60,60],[0,0,0,0,0,0,1,0.5,0.5,1]],[6,0,210,[105]],[1,"coin_2",false,29,[[2,-656,[106],107]],[0,"f9LhRXlWxAn52r15tDZaKr",1],[5,53,80],[0,0,0,0,0,0,1,0.5,0.5,1]],[1,"coin_3",false,29,[[2,-657,[108],109]],[0,"36GCX8lqtEgLsnSL21TgOD",1],[5,74,68],[0,0,0,0,0,0,1,0.5,0.5,1]],[19,"coin_1",30,[-658],[0,"acRlJsEaNJ8JxkUONmrYo0",1],[5,60,68],[0,0,0,0,0,0,1,0.5,0.5,1]],[6,0,214,[110]],[1,"coin_2",false,30,[[2,-659,[111],112]],[0,"aavE/h5jdCGp6FUqp30oy9",1],[5,53,80],[0,0,0,0,0,0,1,0.5,0.5,1]],[1,"coin_3",false,30,[[2,-660,[113],114]],[0,"61Uig1oQpGlp3WeLBLxaIZ",1],[5,74,68],[0,0,0,0,0,0,1,0.5,0.5,1]],[19,"coin_1",31,[-661],[0,"65OipbX6xFgr25hGB1AbtR",1],[5,60,60],[0,0,0,0,0,0,1,0.5,0.5,1]],[6,0,218,[115]],[1,"coin_2",false,31,[[2,-662,[116],117]],[0,"36U/z4U9hJo6tAJNk3s6d5",1],[5,53,80],[0,0,0,0,0,0,1,0.5,0.5,1]],[1,"coin_3",false,31,[[2,-663,[118],119]],[0,"fcmAM7A4xLD65kcNtWOu1l",1],[5,74,68],[0,0,0,0,0,0,1,0.5,0.5,1]],[19,"coin_1",32,[-664],[0,"057bWjLI9H7Jb5GhLYl0za",1],[5,60,60],[0,0,0,0,0,0,1,0.5,0.5,1]],[6,0,222,[120]],[1,"coin_2",false,32,[[2,-665,[121],122]],[0,"7et9OGwX5PYqPpPQq8qbWU",1],[5,53,80],[0,0,0,0,0,0,1,0.5,0.5,1]],[1,"coin_3",false,32,[[2,-666,[123],124]],[0,"bfATv4dDVOrIZY2gDgUXhN",1],[5,74,68],[0,0,0,0,0,0,1,0.5,0.5,1]],[13,"lab_rank1",false,6,[[5,"1",34,34,false,1,1,1,-667,[155],156]],[0,"05N7s0WpNNO7JnYeLeHGHh",1],[4,4289196029],[5,20.37,42.84],[0,0,0.5],[-312.353,337,0,0,0,0,1,1,1,1]],[13,"lab_rank2",false,6,[[5,"2",34,34,false,1,1,1,-668,[157],158]],[0,"58repttwBIur2qm3lnMATI",1],[4,4293115574],[5,20.37,42.84],[0,0,0.5],[-312.353,253,0,0,0,0,1,1,1,1]],[13,"lab_rank3",false,6,[[5,"3",34,34,false,1,1,1,-669,[159],160]],[0,"15v/dKH5NFNZbkrRgIKTDz",1],[4,4289186301],[5,21.66,42.84],[0,0,0.5],[-312.353,169,0,0,0,0,1,1,1,1]],[13,"lab_rank4",false,6,[[5,"4",34,34,false,1,1,1,-670,[161],162]],[0,"c24f2MLCpIEa98rXpDCmvS",1],[4,4290032812],[5,23.19,42.84],[0,0,0.5],[-312.353,85,0,0,0,0,1,1,1,1]],[13,"lab_rank5",false,6,[[5,"5",34,34,false,1,1,1,-671,[163],164]],[0,"f6bOMwqflIMb7v83pkckmu",1],[4,4290032812],[5,21.15,42.84],[0,0,0.5],[-312.353,1,0,0,0,0,1,1,1,1]],[13,"lab_rank6",false,6,[[5,"6",34,34,false,1,1,1,-672,[165],166]],[0,"b9eQL28XtGlJ7JXGAfF4/h",1],[4,4290032812],[5,22.03,42.84],[0,0,0.5],[-312.353,-83,0,0,0,0,1,1,1,1]],[13,"lab_rank7",false,6,[[5,"7",34,34,false,1,1,1,-673,[167],168]],[0,"3aOC1KcdZENYKdjpW0CVsJ",1],[4,4290032812],[5,20.47,42.84],[0,0,0.5],[-312.353,-167,0,0,0,0,1,1,1,1]],[13,"lab_rank8",false,6,[[5,"8",34,34,false,1,1,1,-674,[169],170]],[0,"a5mkyW23JLHqfO4ta6fw77",1],[4,4290032812],[5,22.75,42.84],[0,0,0.5],[-312.353,-251,0,0,0,0,1,1,1,1]],[13,"lab_rank9",false,6,[[5,"9",34,34,false,1,1,1,-675,[171],172]],[0,"a6kbd8uLJGJbWg/HlYugu2",1],[4,4290032812],[5,21.93,42.84],[0,0,0.5],[-312.353,-335,0,0,0,0,1,1,1,1]],[13,"lab_rank10",false,6,[[5,"10",34,34,false,1,1,1,-676,[173],174]],[0,"8fgqYsJnlJsLniKimSq+n7",1],[4,4290032812],[5,43.59,42.84],[0,0,0.5],[-312.353,-419,0,0,0,0,1,1,1,1]],[1,"fengexian1",false,18,[[10,0,-677,[197],198]],[0,"0dAf5cHr5JWaJRgos2RKkd",1],[5,632,3],[0,376.5,0,0,0,0,1,1,1,1]],[1,"fengexian2",false,18,[[10,0,-678,[199],200]],[0,"ceutj41ldLvpBnFOojF2C6",1],[5,632,3],[0,292.5,0,0,0,0,1,1,1,1]],[1,"fengexian3",false,18,[[10,0,-679,[201],202]],[0,"48WMLsYWRDd4cO9poeHHl6",1],[5,632,3],[0,208.5,0,0,0,0,1,1,1,1]],[1,"fengexian4",false,18,[[10,0,-680,[203],204]],[0,"9fR0Pvl+dCJbZthKAuOsMP",1],[5,632,3],[0,124.5,0,0,0,0,1,1,1,1]],[1,"fengexian5",false,18,[[10,0,-681,[205],206]],[0,"7acVDKxztATKoqAldaCAxX",1],[5,632,3],[0,40.5,0,0,0,0,1,1,1,1]],[1,"fengexian6",false,18,[[10,0,-682,[207],208]],[0,"e5xl1gHLNIT5ljBOYHCPd3",1],[5,632,3],[0,-43.5,0,0,0,0,1,1,1,1]],[1,"fengexian7",false,18,[[10,0,-683,[209],210]],[0,"5dIX8Hq1BKoYGf6qiKtVOS",1],[5,632,3],[0,-127.5,0,0,0,0,1,1,1,1]],[1,"fengexian8",false,18,[[10,0,-684,[211],212]],[0,"b5uQfYOEhLPpmavXGCOwLu",1],[5,632,3],[0,-211.5,0,0,0,0,1,1,1,1]],[1,"fengexian9",false,18,[[10,0,-685,[213],214]],[0,"16nXFb0v9Fj4TQep0wCa0d",1],[5,632,3],[0,-295.5,0,0,0,0,1,1,1,1]],[1,"fengexian10",false,18,[[10,0,-686,[215],216]],[0,"79mwFksbRMUoFkzN5sb2QI",1],[5,632,3],[0,-379.5,0,0,0,0,1,1,1,1]],[8,"coin_1",33,[[2,-687,[237],238]],[0,"3d0+I7fRlL35v95Lj6LaoI",1],[5,60,68],[0,0,0,0,0,0,1,0.5,0.5,1]],[1,"coin_2",false,33,[[2,-688,[239],240]],[0,"7dkstVHSFKi4JtcHlZDBWy",1],[5,53,80],[0,0,0,0,0,0,1,0.5,0.5,1]],[1,"coin_3",false,33,[[2,-689,[241],242]],[0,"6atmhn+U9Do746mpxq36on",1],[5,74,68],[0,0,0,0,0,0,1,0.5,0.5,1]],[8,"coin_1",34,[[2,-690,[243],244]],[0,"07g1kRzdJJ4Y5CYiIIgvRu",1],[5,60,68],[0,0,0,0,0,0,1,0.5,0.5,1]],[1,"coin_2",false,34,[[2,-691,[245],246]],[0,"51FvbXvBFBkp/T8CFaF37V",1],[5,53,80],[0,0,0,0,0,0,1,0.5,0.5,1]],[1,"coin_3",false,34,[[2,-692,[247],248]],[0,"9fSK1BptRGILZLfOHwhiYb",1],[5,74,68],[0,0,0,0,0,0,1,0.5,0.5,1]],[8,"coin_1",35,[[2,-693,[249],250]],[0,"fd9LsabCdJeLKKYm2bscNL",1],[5,60,68],[0,0,0,0,0,0,1,0.5,0.5,1]],[1,"coin_2",false,35,[[2,-694,[251],252]],[0,"acIXF9hoFMB77fpIG3/PUh",1],[5,53,80],[0,0,0,0,0,0,1,0.5,0.5,1]],[1,"coin_3",false,35,[[2,-695,[253],254]],[0,"8ae81GSXtJN7aiK3TUHO4G",1],[5,74,68],[0,0,0,0,0,0,1,0.5,0.5,1]],[8,"coin_1",36,[[2,-696,[255],256]],[0,"a7eIeB/FZLYbkSmtWU4k12",1],[5,60,68],[0,0,0,0,0,0,1,0.5,0.5,1]],[1,"coin_2",false,36,[[2,-697,[257],258]],[0,"88LxKMY0JGXo7s6jss7Tdp",1],[5,53,80],[0,0,0,0,0,0,1,0.5,0.5,1]],[1,"coin_3",false,36,[[2,-698,[259],260]],[0,"4f7CuQ4hhJvqkNRtAzAT8P",1],[5,74,68],[0,0,0,0,0,0,1,0.5,0.5,1]],[8,"coin_1",37,[[2,-699,[261],262]],[0,"40j5xTsDFBDZbilSatmw1f",1],[5,60,68],[0,0,0,0,0,0,1,0.5,0.5,1]],[1,"coin_2",false,37,[[2,-700,[263],264]],[0,"e8E0SkEqxCRKx3J/a3DF/x",1],[5,53,80],[0,0,0,0,0,0,1,0.5,0.5,1]],[1,"coin_3",false,37,[[2,-701,[265],266]],[0,"9f3Wq2+U5EEbj1ibd6lN1g",1],[5,74,68],[0,0,0,0,0,0,1,0.5,0.5,1]],[8,"coin_1",38,[[2,-702,[267],268]],[0,"22/JgKL/xKvKIED2RZp//O",1],[5,60,68],[0,0,0,0,0,0,1,0.5,0.5,1]],[1,"coin_2",false,38,[[2,-703,[269],270]],[0,"badnGj3S5NFa38SP3SjVIj",1],[5,53,80],[0,0,0,0,0,0,1,0.5,0.5,1]],[1,"coin_3",false,38,[[2,-704,[271],272]],[0,"f5oik2xglBar4lHgatxexs",1],[5,74,68],[0,0,0,0,0,0,1,0.5,0.5,1]],[8,"coin_1",39,[[2,-705,[273],274]],[0,"e12jKvnhBOYLVjszLg4yOj",1],[5,60,68],[0,0,0,0,0,0,1,0.5,0.5,1]],[1,"coin_2",false,39,[[2,-706,[275],276]],[0,"0aQVqk7EJB87dExleD9sYT",1],[5,53,80],[0,0,0,0,0,0,1,0.5,0.5,1]],[1,"coin_3",false,39,[[2,-707,[277],278]],[0,"f1opNSAdpDsZFbiwPInr3V",1],[5,74,68],[0,0,0,0,0,0,1,0.5,0.5,1]],[8,"coin_1",40,[[2,-708,[279],280]],[0,"bfJeutW5tB8Kb5GI874P58",1],[5,60,68],[0,0,0,0,0,0,1,0.5,0.5,1]],[1,"coin_2",false,40,[[2,-709,[281],282]],[0,"75iYfNZ4tEIJULRhp2cUBz",1],[5,53,80],[0,0,0,0,0,0,1,0.5,0.5,1]],[1,"coin_3",false,40,[[2,-710,[283],284]],[0,"8dbZenc3JMm6xRQXhN7Dsm",1],[5,74,68],[0,0,0,0,0,0,1,0.5,0.5,1]],[8,"coin_1",41,[[2,-711,[285],286]],[0,"f03V5DIlVGp70HyQioyxAs",1],[5,60,68],[0,0,0,0,0,0,1,0.5,0.5,1]],[1,"coin_2",false,41,[[2,-712,[287],288]],[0,"4arwVMSYZL0pa1qfcOkxsZ",1],[5,53,80],[0,0,0,0,0,0,1,0.5,0.5,1]],[1,"coin_3",false,41,[[2,-713,[289],290]],[0,"78LpTP2oNOcrpLGE7iKshD",1],[5,74,68],[0,0,0,0,0,0,1,0.5,0.5,1]],[8,"coin_1",42,[[2,-714,[291],292]],[0,"16RqV4E6BEhphq+ks1dU1L",1],[5,60,68],[0,0,0,0,0,0,1,0.5,0.5,1]],[1,"coin_2",false,42,[[2,-715,[293],294]],[0,"2cnb3EQNpMl6pR31tfNV2F",1],[5,53,80],[0,0,0,0,0,0,1,0.5,0.5,1]],[1,"coin_3",false,42,[[2,-716,[295],296]],[0,"8cdX8qVldAA5jFULFjZrg4",1],[5,74,68],[0,0,0,0,0,0,1,0.5,0.5,1]],[13,"lab_rank1",false,12,[[5,"1",34,34,false,1,1,1,-717,[327],328]],[0,"9d0Txqb1JLwZ8PnbkmXEUT",1],[4,4289196029],[5,20.37,42.84],[0,0,0.5],[-312.353,337,0,0,0,0,1,1,1,1]],[13,"lab_rank2",false,12,[[5,"2",34,34,false,1,1,1,-718,[329],330]],[0,"d0FY3gz8NNfqi0pit9bgR3",1],[4,4293115574],[5,20.37,42.84],[0,0,0.5],[-312.353,253,0,0,0,0,1,1,1,1]],[13,"lab_rank3",false,12,[[5,"3",34,34,false,1,1,1,-719,[331],332]],[0,"94S0BP6LxD9ojH7eVg65Yh",1],[4,4289186301],[5,21.66,42.84],[0,0,0.5],[-312.353,169,0,0,0,0,1,1,1,1]],[13,"lab_rank4",false,12,[[5,"4",34,34,false,1,1,1,-720,[333],334]],[0,"28zMLO1XJG6JI0wQZd0hZR",1],[4,4290032812],[5,23.19,42.84],[0,0,0.5],[-312.353,85,0,0,0,0,1,1,1,1]],[13,"lab_rank5",false,12,[[5,"5",34,34,false,1,1,1,-721,[335],336]],[0,"02XJhV6J9A5pnCwso5kdYT",1],[4,4290032812],[5,21.15,42.84],[0,0,0.5],[-312.353,1,0,0,0,0,1,1,1,1]],[13,"lab_rank6",false,12,[[5,"6",34,34,false,1,1,1,-722,[337],338]],[0,"1bVBLSWNBDU73T2ItlKybA",1],[4,4290032812],[5,22.03,42.84],[0,0,0.5],[-312.353,-83,0,0,0,0,1,1,1,1]],[13,"lab_rank7",false,12,[[5,"7",34,34,false,1,1,1,-723,[339],340]],[0,"84t89yhrZDbLbZksgbbvrt",1],[4,4290032812],[5,20.47,42.84],[0,0,0.5],[-312.353,-167,0,0,0,0,1,1,1,1]],[13,"lab_rank8",false,12,[[5,"8",34,34,false,1,1,1,-724,[341],342]],[0,"4aMwRQ/JtNYbHdV9Er7zjn",1],[4,4290032812],[5,22.75,42.84],[0,0,0.5],[-312.353,-251,0,0,0,0,1,1,1,1]],[13,"lab_rank9",false,12,[[5,"9",34,34,false,1,1,1,-725,[343],344]],[0,"8f0mAEKw1IprlLxSe8r19t",1],[4,4290032812],[5,21.93,42.84],[0,0,0.5],[-312.353,-335,0,0,0,0,1,1,1,1]],[13,"lab_rank10",false,12,[[5,"10",34,34,false,1,1,1,-726,[345],346]],[0,"9d2ZK6BYhPBYXkjs1Hj2h0",1],[4,4290032812],[5,43.59,42.84],[0,0,0.5],[-312.353,-419,0,0,0,0,1,1,1,1]],[62,"indicator",20,[[93,1,0,-727,52,97,[98,55],[5,100,100]]],[0,"3b3o7ANRVJdpheR5Nr2qbW",1],[0,545.583,0,0,0,0,1,1,1,1]],[18,"tit_lab",45,[[31,"權益說明",45,1,1,"BENEFITS_DESC",-728,[375]]],[0,"05SFIPVahMKZfvPpaYHzAR",1],[5,180,50.4],[0,0,0.5],[-300,418.754,0,0,0,0,1,1,1,1]],[18,"tit_1",79,[[31,"上週榜第1名",28,1,1,"LAST_WEEK_TOP1",-729,[376]]],[0,"9ctw/WP9BOxIlrkIaE4NKT",1],[5,155.57,50.4],[0,0,0.5],[-112,0,0,0,0,0,1,1,1,1]],[18,"cont",79,[[39,"專屬黃金角色套裝,失敗時減少\n15%undefined損失.",28,1,2,"TOP1_DESC",-730,[377]]],[0,"bb/GbGC8VBsa4cE0cB2lba",1],[5,531.11,90.4],[0,0,0.5],[-112,-74,0,0,0,0,1,1,1,1]],[8,"first",79,[[2,-731,[378],379]],[0,"82bB2e87FF767UV85ePn0g",1],[5,119,193],[-186.575,-47.577,0,0,0,0,1,0.7,0.7,1]],[18,"tit_1",80,[[31,"上週榜第2名",28,1,1,"LAST_WEEK_TOP2",-732,[380]]],[0,"44YtyNoD5Ea40lYY1Lu4/+",1],[5,155.57,50.4],[0,0,0.5],[-112,0,0,0,0,0,1,1,1,1]],[18,"cont",80,[[39,"專屬白銀角色套裝,失敗時減少\n10%undefined損失.",28,1,2,"TOP2_DESC",-733,[381]]],[0,"fa7B89HopP6rwEwAeoiwAY",1],[5,531.11,90.4],[0,0,0.5],[-112,-74,0,0,0,0,1,1,1,1]],[8,"first",80,[[2,-734,[382],383]],[0,"113HKYlItM8ZLvJpWsT3UM",1],[5,119,193],[-186.575,-47.577,0,0,0,0,1,0.7,0.7,1]],[18,"tit_1",81,[[31,"上週榜第3名",28,1,1,"LAST_WEEK_TOP3",-735,[384]]],[0,"4bZVnpZjtA4qxdVPg6gyQZ",1],[5,155.57,50.4],[0,0,0.5],[-112,0,0,0,0,0,1,1,1,1]],[18,"cont",81,[[39,"專屬黃銅角色套裝,失敗時減少\n5%undefined損失.",28,1,2,"TOP3_DESC",-736,[385]]],[0,"12xkCKzrNMEJqZIvLBbueR",1],[5,531.11,90.4],[0,0,0.5],[-112,-74,0,0,0,0,1,1,1,1]],[8,"first",81,[[2,-737,[386],387]],[0,"63v1FhBElK5aye5pwaX52B",1],[5,119,193],[-186.575,-39.577,0,0,0,0,1,0.7,0.7,1]],[23,"font_pifu_1",46,[[9,"专属黄金版角色皮肤，被杀时减少",20,20,false,1,1,-738,[388],389]],[0,"7auRidzG5IOKS1IoQjS9Be",1],[4,4293589503],[5,295.2,25.2],[147.6,0,0,0,0,0,1,1,1,1]],[22,"lab_jianshou_1",46,[-739],[0,"b5SskrXoVMe4yNrqj6/VA1",1],[4,4286628319],[5,80.03,25.2],[335.215,0,0,0,0,0,1,1,1,1]],[20,"减少15%",20,20,1,1,298,[390]],[22,"lab_coin_name_1",46,[-740],[0,"a22zIxN51LD6iV2B8YmpP+",1],[4,4293589503],[5,80,25.2],[415.22999999999996,0,0,0,0,0,1,1,1,1]],[20,"损失原石",20,20,1,1,300,[391]],[23,"font_pifu_2",47,[[9,"专属银版角色皮肤，被杀时减少",20,20,false,1,1,-741,[392],393]],[0,"b4nsJdh/pECq29jtyY7bCR",1],[4,4293589503],[5,275.52,25.2],[137.76,0,0,0,0,0,1,1,1,1]],[22,"lab_jianshou_2",47,[-742],[0,"68k7urW9FB6KcEJB4n43/Q",1],[4,4286628319],[5,78.78,25.2],[314.90999999999997,0,0,0,0,0,1,1,1,1]],[20,"减少15%",20,20,1,1,303,[394]],[22,"lab_coin_name_2",47,[-743],[0,"0e/HfNzc1IILMBKOY28gYr",1],[4,4293589503],[5,111.34,25.2],[409.96999999999997,0,0,0,0,0,1,1,1,1]],[20,"损失原石",20,20,1,1,305,[395]],[23,"font_pifu_3",48,[[9,"专属铜版角色皮肤，被杀时减少",20,20,false,1,1,-744,[396],397]],[0,"613E8jL8lD4bCQqD7cM+sn",1],[4,4293589503],[5,275.52,25.2],[137.76,0,0,0,0,0,1,1,1,1]],[22,"lab_jianshou_3",48,[-745],[0,"8cpxx6Vb5MYZXnuiEX5RH5",1],[4,4286628319],[5,67.28,25.2],[309.15999999999997,0,0,0,0,0,1,1,1,1]],[20,"减少15%",20,20,1,1,308,[398]],[22,"lab_coin_name_3",48,[-746],[0,"14kB3jlRhE7ql1CJ/wptib",1],[4,4293589503],[5,111.34,25.2],[398.46999999999997,0,0,0,0,0,1,1,1,1]],[20,"损失原石",20,20,1,1,310,[399]],[27,"spr_back",82,[[2,-747,[400],401]],[0,"49W2e9SLNCwpJfNW1itGOX",1],[5,46,44]],[66,"coin_1",49,[-748],[0,"457SIq0hFA340u3lDCuzPz",1],[5,58,58]],[6,0,313,[407]],[26,"coin_2",false,49,[[2,-749,[408],409]],[0,"09N+XQUqZCYr4X/4xxjUZu",1],[5,53,80]],[26,"coin_3",false,49,[[2,-750,[410],411]],[0,"deSq5BoQFBVZoST5b8PrjR",1],[5,74,68]]],0,[0,6,1,0,0,1,0,0,1,0,-1,314,0,-2,189,0,-3,193,0,-4,101,0,-5,101,0,-6,200,0,-7,207,0,-8,211,0,-9,215,0,-10,219,0,-11,223,0,0,1,0,-1,85,0,-2,54,0,-3,82,0,-4,19,0,-5,14,0,-6,51,0,-7,43,0,-8,15,0,-9,17,0,0,2,0,-1,57,0,-2,58,0,-3,59,0,-4,60,0,-5,61,0,-6,62,0,-7,63,0,-8,64,0,-9,65,0,-10,66,0,0,3,0,-1,23,0,-2,24,0,-3,25,0,-4,26,0,-5,27,0,-6,28,0,-7,29,0,-8,30,0,-9,31,0,-10,32,0,0,4,0,-1,102,0,-2,103,0,-3,104,0,-4,105,0,-5,106,0,-6,107,0,-7,108,0,-8,109,0,-9,110,0,-10,111,0,0,5,0,-1,112,0,-2,113,0,-3,114,0,-4,115,0,-5,116,0,-6,117,0,-7,118,0,-8,119,0,-9,120,0,-10,121,0,0,6,0,-1,226,0,-2,227,0,-3,228,0,-4,229,0,-5,230,0,-6,231,0,-7,232,0,-8,233,0,-9,234,0,-10,235,0,0,7,0,-1,122,0,-2,123,0,-3,124,0,-4,125,0,-5,126,0,-6,127,0,-7,128,0,-8,129,0,-9,130,0,-10,131,0,0,8,0,-1,67,0,-2,68,0,-3,69,0,-4,70,0,-5,71,0,-6,72,0,-7,73,0,-8,74,0,-9,75,0,-10,76,0,0,9,0,-1,33,0,-2,34,0,-3,35,0,-4,36,0,-5,37,0,-6,38,0,-7,39,0,-8,40,0,-9,41,0,-10,42,0,0,10,0,-1,132,0,-2,133,0,-3,134,0,-4,135,0,-5,136,0,-6,137,0,-7,138,0,-8,139,0,-9,140,0,-10,141,0,0,11,0,-1,142,0,-2,143,0,-3,144,0,-4,145,0,-5,146,0,-6,147,0,-7,148,0,-8,149,0,-9,150,0,-10,151,0,0,12,0,-1,276,0,-2,277,0,-3,278,0,-4,279,0,-5,280,0,-6,281,0,-7,282,0,-8,283,0,-9,284,0,-10,285,0,0,13,0,-1,152,0,-2,153,0,-3,154,0,-4,155,0,-5,156,0,-6,157,0,-7,158,0,-8,159,0,-9,160,0,-10,161,0,7,167,0,8,173,0,9,171,0,10,169,0,0,14,0,-1,21,0,-2,90,0,-3,91,0,-4,93,0,-5,95,0,-6,174,0,-7,175,0,-8,176,0,0,15,0,0,15,0,-1,16,0,-1,178,0,-2,179,0,-3,180,0,-4,181,0,-5,182,0,-6,183,0,-7,184,0,-8,185,0,-9,186,0,-10,187,0,0,17,0,0,17,0,-1,18,0,-1,236,0,-2,237,0,-3,238,0,-4,239,0,-5,240,0,-6,241,0,-7,242,0,-8,243,0,-9,244,0,-10,245,0,0,19,0,0,19,0,-1,165,0,-2,83,0,-3,166,0,-4,84,0,-5,49,0,0,20,0,0,20,0,-1,52,0,-2,286,0,-3,162,0,-4,77,0,0,21,0,3,21,0,-2,87,0,-3,88,0,-4,89,0,0,22,0,0,22,0,-1,97,0,-2,98,0,-3,55,0,0,23,0,3,23,0,-2,188,0,-3,190,0,-4,191,0,0,24,0,3,24,0,-2,192,0,-3,194,0,-4,195,0,0,25,0,3,25,0,-2,196,0,-3,197,0,-4,198,0,0,26,0,3,26,0,-2,199,0,-3,201,0,-4,202,0,0,27,0,3,27,0,-2,203,0,-3,204,0,-4,205,0,0,28,0,3,28,0,-2,206,0,-3,208,0,-4,209,0,0,29,0,3,29,0,-2,210,0,-3,212,0,-4,213,0,0,30,0,3,30,0,-2,214,0,-3,216,0,-4,217,0,0,31,0,3,31,0,-2,218,0,-3,220,0,-4,221,0,0,32,0,3,32,0,-2,222,0,-3,224,0,-4,225,0,0,33,0,3,33,0,-2,246,0,-3,247,0,-4,248,0,0,34,0,3,34,0,-2,249,0,-3,250,0,-4,251,0,0,35,0,3,35,0,-2,252,0,-3,253,0,-4,254,0,0,36,0,3,36,0,-2,255,0,-3,256,0,-4,257,0,0,37,0,3,37,0,-2,258,0,-3,259,0,-4,260,0,0,38,0,3,38,0,-2,261,0,-3,262,0,-4,263,0,0,39,0,3,39,0,-2,264,0,-3,265,0,-4,266,0,0,40,0,3,40,0,-2,267,0,-3,268,0,-4,269,0,0,41,0,3,41,0,-2,270,0,-3,271,0,-4,272,0,0,42,0,3,42,0,-2,273,0,-3,274,0,-4,275,0,0,43,0,-1,301,0,-2,306,0,-3,311,0,-1,299,0,-2,304,0,-3,309,0,11,44,0,12,78,0,0,43,0,-1,78,0,-2,44,0,-1,45,0,-2,46,0,-3,47,0,-4,48,0,0,45,0,-1,287,0,-2,79,0,-3,80,0,-4,81,0,0,46,0,0,46,0,-1,297,0,-2,298,0,-3,300,0,0,47,0,0,47,0,-1,302,0,-2,303,0,-3,305,0,0,48,0,0,48,0,-1,307,0,-2,308,0,-3,310,0,0,49,0,3,49,0,-2,313,0,-3,315,0,-4,316,0,0,50,0,0,50,0,-1,86,0,13,77,0,0,51,0,0,52,0,5,177,0,14,53,0,0,52,0,-1,53,0,0,53,0,0,53,0,-1,177,0,0,54,0,5,86,0,0,54,0,-1,100,0,-2,56,0,0,56,0,0,56,0,0,56,0,0,57,0,0,57,0,0,57,0,0,58,0,0,58,0,0,58,0,0,59,0,0,59,0,0,59,0,0,60,0,0,60,0,0,60,0,0,61,0,0,61,0,0,61,0,0,62,0,0,62,0,0,62,0,0,63,0,0,63,0,0,63,0,0,64,0,0,64,0,0,64,0,0,65,0,0,65,0,0,65,0,0,66,0,0,66,0,0,66,0,0,67,0,0,67,0,0,67,0,0,68,0,0,68,0,0,68,0,0,69,0,0,69,0,0,69,0,0,70,0,0,70,0,0,70,0,0,71,0,0,71,0,0,71,0,0,72,0,0,72,0,0,72,0,0,73,0,0,73,0,0,73,0,0,74,0,0,74,0,0,74,0,0,75,0,0,75,0,0,75,0,0,76,0,0,76,0,0,76,0,0,77,0,0,77,0,-1,163,0,-2,164,0,-1,288,0,-2,289,0,-3,290,0,-1,291,0,-2,292,0,-3,293,0,-1,294,0,-2,295,0,-3,296,0,0,82,0,0,82,0,-1,312,0,0,83,0,0,83,0,0,83,0,0,84,0,0,84,0,0,84,0,0,85,0,0,85,0,0,86,0,0,87,0,0,87,0,0,88,0,0,88,0,0,89,0,0,89,0,0,90,0,-2,167,0,-1,168,0,-2,92,0,0,92,0,-2,169,0,-1,170,0,-2,94,0,0,94,0,-2,171,0,-1,172,0,-2,96,0,0,96,0,-2,173,0,0,97,0,-1,99,0,0,99,0,0,99,0,0,100,0,0,100,0,0,102,0,0,102,0,0,103,0,0,103,0,0,104,0,0,104,0,0,105,0,0,105,0,0,106,0,0,106,0,0,107,0,0,107,0,0,108,0,0,108,0,0,109,0,0,109,0,0,110,0,0,110,0,0,111,0,0,111,0,0,112,0,0,112,0,0,113,0,0,113,0,0,114,0,0,114,0,0,115,0,0,115,0,0,116,0,0,116,0,0,117,0,0,117,0,0,118,0,0,118,0,0,119,0,0,119,0,0,120,0,0,120,0,0,121,0,0,121,0,0,122,0,0,122,0,0,123,0,0,123,0,0,124,0,0,124,0,0,125,0,0,125,0,0,126,0,0,126,0,0,127,0,0,127,0,0,128,0,0,128,0,0,129,0,0,129,0,0,130,0,0,130,0,0,131,0,0,131,0,0,132,0,0,132,0,0,133,0,0,133,0,0,134,0,0,134,0,0,135,0,0,135,0,0,136,0,0,136,0,0,137,0,0,137,0,0,138,0,0,138,0,0,139,0,0,139,0,0,140,0,0,140,0,0,141,0,0,141,0,0,142,0,0,142,0,0,143,0,0,143,0,0,144,0,0,144,0,0,145,0,0,145,0,0,146,0,0,146,0,0,147,0,0,147,0,0,148,0,0,148,0,0,149,0,0,149,0,0,150,0,0,150,0,0,151,0,0,151,0,0,152,0,0,152,0,0,153,0,0,153,0,0,154,0,0,154,0,0,155,0,0,155,0,0,156,0,0,156,0,0,157,0,0,157,0,0,158,0,0,158,0,0,159,0,0,159,0,0,160,0,0,160,0,0,161,0,0,161,0,0,162,0,0,162,0,0,163,0,0,163,0,0,164,0,0,164,0,0,165,0,0,165,0,0,166,0,0,166,0,0,168,0,0,170,0,0,172,0,0,174,0,0,175,0,0,176,0,0,178,0,0,179,0,0,180,0,0,181,0,0,182,0,0,183,0,0,184,0,0,185,0,0,186,0,0,187,0,-1,189,0,0,190,0,0,191,0,-1,193,0,0,194,0,0,195,0,0,197,0,0,198,0,-1,200,0,0,201,0,0,202,0,0,203,0,0,204,0,0,205,0,-1,207,0,0,208,0,0,209,0,-1,211,0,0,212,0,0,213,0,-1,215,0,0,216,0,0,217,0,-1,219,0,0,220,0,0,221,0,-1,223,0,0,224,0,0,225,0,0,226,0,0,227,0,0,228,0,0,229,0,0,230,0,0,231,0,0,232,0,0,233,0,0,234,0,0,235,0,0,236,0,0,237,0,0,238,0,0,239,0,0,240,0,0,241,0,0,242,0,0,243,0,0,244,0,0,245,0,0,246,0,0,247,0,0,248,0,0,249,0,0,250,0,0,251,0,0,252,0,0,253,0,0,254,0,0,255,0,0,256,0,0,257,0,0,258,0,0,259,0,0,260,0,0,261,0,0,262,0,0,263,0,0,264,0,0,265,0,0,266,0,0,267,0,0,268,0,0,269,0,0,270,0,0,271,0,0,272,0,0,273,0,0,274,0,0,275,0,0,276,0,0,277,0,0,278,0,0,279,0,0,280,0,0,281,0,0,282,0,0,283,0,0,284,0,0,285,0,0,286,0,0,287,0,0,288,0,0,289,0,0,290,0,0,291,0,0,292,0,0,293,0,0,294,0,0,295,0,0,296,0,0,297,0,-1,299,0,-1,301,0,0,302,0,-1,304,0,-1,306,0,0,307,0,-1,309,0,-1,311,0,0,312,0,-1,314,0,0,315,0,0,316,0,15,1,2,3,15,3,3,15,4,3,15,5,3,15,6,3,15,7,3,15,8,3,17,9,3,17,10,3,17,11,3,17,12,3,17,13,3,17,20,3,51,22,3,51,50,3,54,101,0,196,750],[0,0,0,0,0,0,0,0,0,0,0,0,0,0,0,0,0,0,0,0,0,0,0,0,0,0,0,0,0,0,0,0,0,0,0,0,0,0,0,0,0,0,0,0,0,0,0,0,0,0,0,0,0,0,0,0,0,0,0,0,0,0,0,0,0,0,0,0,0,0,0,0,0,0,0,0,0,0,0,0,0,0,0,0,0,0,0,0,0,0,0,0,0,0,0,0,0,0,0,0,0,0,0,0,0,0,0,0,0,0,0,0,0,0,0,0,0,0,0,0,0,0,0,0,0,0,0,0,0,0,0,0,0,0,0,0,0,0,0,0,0,0,0,0,0,0,0,0,0,0,0,0,0,0,0,0,0,0,0,0,0,0,0,0,0,0,0,0,0,0,0,0,0,0,0,0,0,0,0,0,0,0,0,0,0,0,0,0,0,0,0,0,0,0,0,0,0,0,0,0,0,0,0,0,0,0,0,0,0,0,0,0,0,0,0,0,0,0,0,0,0,0,0,0,0,0,0,0,0,0,0,0,0,0,0,0,0,0,0,0,0,0,0,0,0,0,0,0,0,0,0,0,0,0,0,0,0,0,0,0,0,0,0,0,0,0,0,0,0,0,0,0,0,0,0,0,0,0,0,0,0,0,0,0,0,0,0,0,0,0,0,0,0,0,0,0,0,0,0,0,0,0,0,0,0,0,0,0,0,0,0,0,0,0,0,0,0,0,0,0,0,0,0,0,0,0,0,0,0,0,0,0,0,0,0,0,0,0,0,0,0,0,0,0,0,0,0,0,0,0,0,0,0,0,0,0,0,0,0,0,0,0,0,0,0,0,0,0,0,0,0,0,0,0,0,0,0,0,0,0,0,0,0,0,0,0,0,0,0,0,0,0,0,0,0,0,0,0,0,0,0,0,0,0,0,0,0,0,0,0,0,0,0,0,189,193,101,200,207,211,215,219,223],[-1,1,-1,-1,1,-1,1,-1,1,-1,-1,1,-1,-1,1,-1,-1,1,-1,-1,1,-1,1,-1,1,-1,1,-1,-1,-1,1,-1,1,-1,-1,1,-1,1,-1,1,-1,1,-1,1,-1,1,-1,1,-1,1,-1,1,-1,1,-1,1,-1,1,-1,1,-1,1,-1,1,-1,1,-1,1,-1,1,-1,1,-1,1,-1,-1,1,-1,1,-1,-1,1,-1,1,-1,-1,1,-1,1,-1,-1,1,-1,1,-1,1,-1,1,-1,1,-1,-1,1,-1,1,-1,-1,1,-1,1,-1,-1,1,-1,1,-1,-1,1,-1,1,-1,-1,1,-1,1,-1,-1,-1,-1,-1,-1,-1,-1,-1,-1,-1,2,-1,2,-1,2,-1,2,-1,2,-1,2,-1,2,-1,2,-1,2,-1,2,-1,2,-1,2,-1,2,-1,2,-1,2,-1,2,-1,2,-1,2,-1,2,-1,2,-1,2,-1,2,-1,2,-1,2,-1,2,-1,2,-1,2,-1,2,-1,2,-1,2,-1,1,-1,1,-1,1,-1,1,-1,1,-1,1,-1,1,-1,1,-1,1,-1,1,-1,1,-1,1,-1,1,-1,1,-1,1,-1,1,-1,1,-1,1,-1,1,-1,1,-1,1,-1,1,-1,1,-1,1,-1,1,-1,1,-1,1,-1,1,-1,1,-1,1,-1,1,-1,1,-1,1,-1,1,-1,1,-1,1,-1,1,-1,1,-1,1,-1,1,-1,1,-1,1,-1,1,-1,1,-1,1,-1,1,-1,1,-1,1,-1,1,-1,1,-1,1,-1,-1,-1,-1,-1,-1,-1,-1,-1,-1,-1,2,-1,2,-1,2,-1,2,-1,2,-1,2,-1,2,-1,2,-1,2,-1,2,-1,2,-1,2,-1,2,-1,2,-1,2,-1,2,-1,2,-1,2,-1,2,-1,2,-1,2,-1,2,-1,2,-1,2,-1,2,-1,2,-1,2,-1,2,-1,2,-1,2,-1,1,-1,-1,-1,1,-1,-1,-1,-1,-1,-1,1,-1,-1,-1,1,-1,-1,-1,1,-1,2,-1,-1,-1,2,-1,-1,-1,2,-1,-1,-1,1,-1,-1,-1,-1,2,-1,-1,1,-1,1,-1,1,1,1,1,1,1,1,1,1,1],[0,18,0,0,9,0,9,0,9,0,0,10,0,0,10,0,0,10,0,0,11,0,12,0,13,0,19,0,0,0,20,0,21,0,0,5,0,5,0,5,0,5,0,5,0,5,0,5,0,5,0,5,0,5,0,6,0,6,0,6,0,6,0,6,0,6,0,6,0,6,0,6,0,6,0,0,2,0,3,0,0,2,0,3,0,0,2,0,3,0,0,2,0,3,0,7,0,2,0,3,0,0,2,0,3,0,0,2,0,3,0,0,2,0,3,0,0,2,0,3,0,0,2,0,3,0,0,0,0,0,0,0,0,0,0,0,1,0,1,0,1,0,1,0,1,0,1,0,1,0,1,0,1,0,1,0,4,0,4,0,4,0,4,0,4,0,4,0,4,0,4,0,4,0,4,0,1,0,1,0,1,0,1,0,1,0,1,0,1,0,1,0,1,0,1,0,14,0,5,0,5,0,5,0,5,0,5,0,5,0,5,0,5,0,5,0,5,0,6,0,6,0,6,0,6,0,6,0,6,0,6,0,6,0,6,0,6,0,7,0,2,0,3,0,7,0,2,0,3,0,7,0,2,0,3,0,7,0,2,0,3,0,7,0,2,0,3,0,7,0,2,0,3,0,7,0,2,0,3,0,7,0,2,0,3,0,7,0,2,0,3,0,7,0,2,0,3,0,0,0,0,0,0,0,0,0,0,0,1,0,1,0,1,0,1,0,1,0,1,0,1,0,1,0,1,0,1,0,4,0,4,0,4,0,4,0,4,0,4,0,4,0,4,0,4,0,4,0,1,0,1,0,1,0,1,0,1,0,1,0,1,0,1,0,1,0,1,0,14,0,0,0,22,0,0,0,0,0,0,13,0,0,0,12,0,0,0,11,0,1,0,0,0,1,0,0,0,1,0,0,0,23,0,0,0,0,4,0,0,2,0,3,0,24,7,7,7,7,7,7,7,7,7]],[[{"name":"btn_szb_1","rect":[1344,1487,268,88],"offset":[0,0],"originalSize":[268,88],"capInsets":[0,0,0,0]}],[1],0,[0],[4],[8]],[[{"name":"lab_bg","rect":[1344,1581,130,36],"offset":[0,0],"originalSize":[130,36],"capInsets":[0,0,0,0]}],[1],0,[0],[4],[8]]]]