[1,["ecpdLyjvZBwrvm+cedCcQy","c4aplNTFdLT7YvM9jFzDK0","05jIpp8kVPRIDyBOKAisKO","57lMyhxmJMrYOSWY7a0R1Y","4dYPBElvBDl64exBdX48LO","d6ztkJPMFDB6eWg27jNpoM","23j5z1AU9HMpOj+cP23hxE","47wbmOzbBBurUSkzO0K2jg","13b7a8099","75a/Y1GSJKl4EbVh/VmI3T","e767fLCqFKJ5bOF3TLC7pC","62+sK+uAhFfbfSkC2lV2KO","a5IocW5L5PLYxZ77ewTY5N","9cs5CgDL9OQrSGXfKlKTHq","a2MjXRFdtLlYQ5ouAFv/+R","79TzGMH8pJSaP6/tBFl6RG","39L021iihCzZh4MyDMlnwi","41TNNfFdBD55NLB1FCnXZZ","4fjRSHZrdHo5D6rbGcP/Uj","1ay3wf0IhJ1rpGpVWdlFKx","d5dgNiqtJOrLGF+DYHIO3m","8cYzVmY4JEe7KIixB/lGqx","3e+ckvUHRC4oXbpq5q0Nzy","3aUFDNsDpBsJlOe+xk9+1R","22M0VVMvNHW7OIc8OPx8iR","91Eb/a7ZlE8p6fz218qlK/"],["node","_spriteFrame","_N$file","_parent","_textureSetter","_content","defaultAvatar","root","labDes","labMian3","labMian2","labMian1","tab2","tab1","labCoinName","_view","data"],[["cc.Node",["_name","_active","_objFlags","_prefab","_contentSize","_parent","_components","_trs","_children","_anchorPoint","_color"],0,4,5,1,9,7,2,5,5],"cc.SpriteFrame",["cc.Widget",["_alignFlags","_left","_right","_bottom","_top","_originalWidth","_originalHeight","node"],-4,1],["41ebaVoPpRA4Kp67XEdHfZn",["_string","_fontSize","i18n_string","_lineHeight","_N$overflow","_N$verticalAlign","_N$horizontalAlign","node","_materials"],-4,1,3],["cc.Sprite",["_sizeMode","_enabled","_type","node","_materials","_spriteFrame"],0,1,3,6],["cc.Label",["_string","_fontSize","_lineHeight","_N$verticalAlign","_N$horizontalAlign","_isSystemFontUsed","_N$cacheMode","_N$overflow","node","_materials","_N$file"],-5,1,3,6],["cc.Node",["_name","_active","_parent","_children","_components","_prefab","_trs","_contentSize"],1,1,12,9,4,7,5],["cc.Node",["_name","_active","_parent","_components","_prefab","_color","_contentSize","_trs"],1,1,12,4,5,5,7],["cc.PrefabInfo",["fileId","root"],2,1],["ScrollManager",["_orientation","_view","_content"],2,1,1],["PageViewManager",["_enabled","pageTurningSpeed"],1],["cc.Prefab",["_name"],2],["cc.Node",["_name","_parent","_components","_prefab","_color","_contentSize","_trs"],2,1,2,4,5,5,7],["cc.BlockInputEvents",["node"],3,1],["557cfL2FF1OFK1klCNzb0+U",["node"],3,1],["3dfa13i17NBeLaFE4q31adN",["node","labMian1","labMian2","labMian3","labDes"],3,1,1,1,1,1],["4829fs3Zp1GL4VbgaDRy13w",["node","defaultAvatar"],3,1,6],["4cd2dHfoVtD7bOD2dHVmpUF",["node","defaultAvatar"],3,1,6],["8446cEUsTFAkqItqI1C7CB0",["watchPath","foreachChildMode","node"],1,1],["cc.Layout",["_resize","_N$layoutType","node","_layoutSize"],1,1,5],["5b11ccje/RDIZvQa22ncjF7",["node","tab1","tab2","labJianshaoList","labNameList"],3,1,1,1,2,2],["cc.Mask",["_N$alphaThreshold","node","_materials"],2,1,3],["b3aa0SRf3VABIXmVwQAsRWf",["node","labCoinName"],3,1,1],["83b1cfbLrJEsrY2ny5IUZDh",["node","scrollManager","viewManager","layoutManager","pageViewManager","releaseManager","centerManager","prefab1","prefab2"],3,1,4,4,4,4,4,4,1,1],["ViewManager",[],3],["LayoutManager",[],3],["ReleaseManager",[],3],["CenterManager",[],3],["d4a2eT+AodDuY3ID81F9L9a",["node","scrollManager","viewManager","layoutManager","pageViewManager","releaseManager","centerManager","prefab1","prefab2","prefab3"],3,1,4,4,4,4,4,4,1,1,1],["0ffbcbl89xEj5yYYH4SQgf+",["i18n_string","node"],2,1],["cc.Button",["node"],3,1],["75203Gkx6dP3JWDyhEsat/Q",["watchPath","node"],2,1],["8eaaaEkOotGj4EDXygTBiJF",["indicatorMode","spacing","node","adapterNode","tabNode","spriteNode","cellSize"],1,1,1,1,2,5]],[[8,0,1,2],[0,0,1,5,6,3,4,7,3],[4,3,4,5,1],[2,0,1,7,3],[0,0,1,5,6,3,4,9,7,3],[5,0,1,2,5,4,3,6,8,9,10,8],[0,0,5,6,3,4,7,2],[29,0,1,2],[5,0,1,2,5,4,3,8,9,10,7],[18,0,1,2,3],[4,0,3,4,5,2],[4,0,3,4,2],[0,0,1,5,3,4,7,3],[0,0,1,5,6,3,10,4,9,7,3],[6,0,1,2,3,4,5,7,6,3],[2,0,1,2,7,4],[2,0,7,2],[0,0,8,6,3,4,2],[0,0,5,6,3,4,9,7,2],[5,0,1,2,4,3,8,9,6],[0,0,5,8,3,7,2],[12,0,1,2,3,4,5,6,2],[0,0,5,6,3,10,4,7,2],[0,0,5,6,3,4,2],[0,0,5,8,6,3,4,7,2],[0,0,5,8,3,4,7,2],[0,0,1,5,6,3,4,3],[2,0,5,6,7,4],[2,0,4,7,3],[19,0,1,2,3,3],[3,0,1,6,5,2,7,8,6],[0,0,5,8,6,3,10,4,7,2],[0,0,5,8,6,3,4,2],[0,0,1,5,8,6,3,4,9,7,3],[7,0,2,3,4,5,6,7,2],[2,0,1,2,4,3,7,6],[2,0,1,4,7,4],[3,0,1,3,6,5,4,2,7,8,8],[3,0,1,5,4,2,7,8,6],[5,0,1,2,4,3,7,8,9,7],[0,0,5,8,3,2],[0,0,8,6,3,10,4,7,2],[0,0,1,5,3,4,3],[2,0,2,7,3],[2,0,1,2,4,7,5],[2,0,1,4,3,7,5],[4,1,0,3,4,5,3],[4,2,0,3,4,5,3],[21,0,1,2,2],[24,1],[25,1],[26,1],[27,1],[31,0,1,2],[11,0,2],[0,0,8,6,3,4,7,2],[0,0,2,8,6,3,4,3],[0,0,2,5,8,6,3,4,3],[0,0,5,6,3,10,4,9,7,2],[0,0,2,5,6,3,4,9,7,3],[0,0,2,5,3,4,9,7,3],[0,0,5,6,3,7,2],[6,0,2,3,4,5,6,2],[6,0,2,3,4,5,7,6,2],[7,0,1,2,3,4,5,6,7,3],[2,0,1,2,3,5,7,6],[2,0,3,7,3],[2,0,3,5,6,7,5],[2,0,1,2,4,3,5,6,7,8],[13,0,1],[14,0,1],[8,1,1],[15,0,1,2,3,4,1],[16,0,1,1],[17,0,1,1],[20,0,1,2,3,4,1],[22,0,1,1],[23,0,1,2,3,4,5,6,7,8,1],[9,0,1,2,2],[9,1,2,1],[10,0,1,3],[10,1],[28,0,1,2,3,4,5,6,7,8,9,1],[3,0,1,3,4,2,7,8,6],[3,0,1,3,4,7,8,5],[3,0,1,3,6,5,2,7,8,7],[3,0,1,3,5,4,2,7,8,7],[3,0,1,3,2,7,8,5],[30,0,1],[5,0,1,2,5,3,8,9,10,6],[32,0,1,2,3,4,5,6,3]],[[[{"name":"coin_1","rect":[842,1914,40,42],"offset":[0,0],"originalSize":[40,42],"capInsets":[0,0,0,0]}],[1],0,[0],[4],[8]],[[{"name":"beijing","rect":[3,3,750,1625],"offset":[0,0],"originalSize":[750,1625],"capInsets":[0,0,0,0]}],[1],0,[0],[4],[8]],[[{"name":"fanhui","rect":[792,1914,46,44],"offset":[0,0],"originalSize":[46,44],"rotated":1,"capInsets":[0,0,0,0]}],[1],0,[0],[4],[8]],[[{"name":"fengex","rect":[3,1969,472,2],"offset":[-0.5,-0.5],"originalSize":[473,3],"capInsets":[0,0,0,0]}],[1],0,[0],[4],[8]],[[{"name":"rank_bg","rect":[871,1103,686,1111],"offset":[0,0],"originalSize":[686,1111],"rotated":1,"capInsets":[128,103,121,236]}],[1],0,[0],[4],[8]],[[{"name":"btn_szb_2","rect":[845,1795,562,96],"offset":[0,0],"originalSize":[562,96],"capInsets":[64,30,67,26]}],[1],0,[0],[4],[8]],[[{"name":"label_skin_benefit","rect":[0,0,93,33],"offset":[0,0],"originalSize":[93,33],"capInsets":[0,0,0,0]}],[1],0,[0],[4],[16]],[[{"name":"coin_3","rect":[888,1897,40,42],"offset":[0,0],"originalSize":[40,42],"capInsets":[0,0,0,0]}],[1],0,[0],[4],[8]],[[{"name":"coin_2","rect":[934,1897,40,42],"offset":[0,0],"originalSize":[40,42],"capInsets":[0,0,0,0]}],[1],0,[0],[4],[8]],[[{"name":"third","rect":[759,3,119,193],"offset":[6,-4],"originalSize":[139,223],"capInsets":[0,0,0,0]}],[1],0,[0],[4],[8]],[[{"name":"bg_phb_1","rect":[0,5,331,246],"offset":[0,-2.5],"originalSize":[331,251],"capInsets":[0,0,0,0]}],[1],0,[0],[4],[17]],[[{"name":"defaultAv","rect":[888,3,1094,1094],"offset":[0,0],"originalSize":[1094,1094],"capInsets":[0,0,0,0]}],[1],0,[0],[4],[8]],[[{"name":"label_benefit","rect":[0,0,81,33],"offset":[0,0],"originalSize":[81,33],"capInsets":[0,0,0,0]}],[1],0,[0],[4],[18]],[[{"name":"tc_szb","rect":[759,699,749,106],"offset":[0.5,0],"originalSize":[750,106],"rotated":1,"capInsets":[0,0,0,0]}],[1],0,[0],[4],[8]],[[{"name":"second","rect":[759,401,119,193],"offset":[6,-4],"originalSize":[139,223],"capInsets":[0,0,0,0]}],[1],0,[0],[4],[8]],[[[54,"rankLayer"],[55,"rankLayer",[-5,-6,-7,-8,-9,-10,-11,-12,-13],[[27,45,750,1912,-2],[69,-3],[70,-4]],[71,-1],[5,750,1334],[375,667,0,0,0,0,1,1,1,1]],[17,"node_quanxi",[-15,-16,-17,-18,-19,-20,-21,-22,-23,-24],[[16,45,-14]],[0,"a36nrh78FFyKu9GVff9yAF",1],[5,680,920]],[17,"node_icon",[-26,-27,-28,-29,-30,-31,-32,-33,-34,-35],[[16,45,-25]],[0,"6cTe7dKZZD/pVNE26NKmBy",1],[5,680,920]],[17,"node_avatar",[-37,-38,-39,-40,-41,-42,-43,-44,-45,-46],[[16,45,-36]],[0,"46CVsro4pFc4gd6h6wlt10",1],[5,680,920]],[17,"node_coin",[-48,-49,-50,-51,-52,-53,-54,-55,-56,-57],[[16,45,-47]],[0,"45GxNvLqZAapT0GpVi榴莲96",1],[5,680,920]],[17,"node_rank",[-59,-60,-61,-62,-63,-64,-65,-66,-67,-68],[[16,45,-58]],[0,"beNB5o4bJPRZOZpjWv/3Xz",1],[5,680,920]],[17,"node_name",[-70,-71,-72,-73,-74,-75,-76,-77,-78,-79],[[16,45,-69]],[0,"3bEHoDMTRF+aotadHdqUK7",1],[5,680,920]],[17,"node_quanxi",[-81,-82,-83,-84,-85,-86,-87,-88,-89,-90],[[16,45,-80]],[0,"b3L3ovQ5RHlq6MiD5DhOKZ",1],[5,680,920]],[17,"node_icon",[-92,-93,-94,-95,-96,-97,-98,-99,-100,-101],[[16,45,-91]],[0,"62YhUysoNKJaas8ezPo+mE",1],[5,680,920]],[17,"node_avatar",[-103,-104,-105,-106,-107,-108,-109,-110,-111,-112],[[16,45,-102]],[0,"1a40/pBaNFZIfCwYLlYvT+",1],[5,680,920]],[17,"node_coin",[-114,-115,-116,-117,-118,-119,-120,-121,-122,-123],[[16,45,-113]],[0,"03F1WCvW5FkJQiRY5gDpex",1],[5,680,920]],[17,"node_rank",[-125,-126,-127,-128,-129,-130,-131,-132,-133,-134],[[16,45,-124]],[0,"98Jx1+TtdBUIFnspDBAjz7",1],[5,680,920]],[17,"node_name",[-136,-137,-138,-139,-140,-141,-142,-143,-144,-145],[[16,45,-135]],[0,"99U1eUTEBNZr6Z6oEcdtfw",1],[5,680,920]],[24,"part1",1,[-151,-152,-153,-154,-155,-156,-157,-158],[[72,-150,-149,-148,-147,-146]],[0,"93GAOFFNdB/KkM2lUd8LxY",1],[5,750,784],[-1092.444,222,0,0,0,0,1,1,1,1]],[31,"page1",1,[-161,2,3,4,5,6,7],[[46,false,0,-159,[204],205],[73,-160,206]],[0,"ffv+Mx88BB3r9d+0EZY/ak",1],[4,4284776291],[5,680,920],[-2577.68,-767.578,0,0,0,0,1,1,1,1]],[40,"node_xian",15,[-162,-163,-164,-165,-166,-167,-168,-169,-170,-171],[0,"34uxiBrGBDxqg4VjCPN72W",1]],[31,"page2",1,[-174,8,9,10,11,12,13],[[46,false,0,-172,[377],378],[74,-173,379]],[0,"3216ZDnrdEeJHlI7HxgqE1",1],[4,4284631626],[5,680,920],[-1856.904,-767.578,0,0,0,0,1,1,1,1]],[40,"node_xian",17,[-175,-176,-177,-178,-179,-180,-181,-182,-183,-184],[0,"9bEchLWMxGz65mtH3Mokxs",1]],[31,"bg_bottom",1,[-187,-188,-189,-190,-191],[[2,-185,[424],425],[65,44,0.5,0.5,-3,750,-186]],[0,"94bM7lAdhLQIDdpnDKQS7q",1],[4,4278190080],[5,749,106],[0,-617,0,0,0,0,1,1,1,1]],[41,"btn_rank_list",[-194,-195,-196,-197],[[47,1,0,-192,[382],383],[28,4,-88.44900000000001,-193]],[0,"ce6PlT4RFHQLgffAXvCcNU",1],[4,4280428330],[5,680,920],[0,-68,0,0,0,0,1,1,1,1]],[62,"VM",14,[[[42,"bg_phb_0",false,-199,[0,"04MGhk+qxLk4a8uT4xZNSR",1],[5,750,784]],-200,-201,-202],4,1,1,1],[[9,"roomInfo.roomType",true,-198]],[0,"f10Adi+wFKTLJh5GvUSY60",1],[0,-44.587,0,0,0,0,1,1,1,1]],[41,"btn_szb_2",[-205,-206,-207],[[10,0,-203,[31],32],[28,1,6,-204]],[0,"95BBFamz1JBok1xQPimvTt",1],[4,4280164385],[5,582,86],[0,479,0,0,0,0,1,1,1,1]],[14,"VM_coin1",false,3,[[[12,"coin_0",false,-209,[0,"2djxCO2cVHCLq/BjgaSpV8",1],[5,60,68],[0,0,0,0,0,0,1,0.5,0.5,1]],-210,-211,-212],4,1,1,1],[[9,"roomInfo.roomType",true,-208]],[0,"dfAzMSwT5J9pMn1fNkzsYg",1],[5,31,36],[299.5,337,0,0,0,0,1,1,1,0.6]],[14,"VM_coin2",false,3,[[[12,"coin_0",false,-214,[0,"6fFpOt6oFGfryzIWu1Ww1d",1],[5,60,68],[0,0,0,0,0,0,1,0.5,0.5,1]],-215,-216,-217],4,1,1,1],[[9,"roomInfo.roomType",true,-213]],[0,"9eS3XpnuVGfonq1o+XQOfZ",1],[5,31,36],[299.5,253,0,0,0,0,1,1,1,0.6]],[14,"VM_coin3",false,3,[[[12,"coin_0",false,-219,[0,"fbkIb/JCFFF7473AXqJHbw",1],[5,60,68],[0,0,0,0,0,0,1,0.5,0.5,1]],-220,-221,-222],4,1,1,1],[[9,"roomInfo.roomType",true,-218]],[0,"9cFE1K9PRJz7QbOSHBnIuM",1],[5,31,36],[299.5,169,0,0,0,0,1,1,1,0.6]],[14,"VM_coin4",false,3,[[[12,"coin_0",false,-224,[0,"45iHPV2cxJYYOvbugyPZ4S",1],[5,60,68],[0,0,0,0,0,0,1,0.5,0.5,1]],-225,-226,-227],4,1,1,1],[[9,"roomInfo.roomType",true,-223]],[0,"77mbSZMyFNO7wFUsu3bdty",1],[5,31,36],[299.5,85,0,0,0,0,1,1,1,0.6]],[14,"VM_coin5",false,3,[[[12,"coin_0",false,-229,[0,"feEy9GivFOULiygKd+SDDJ",1],[5,60,68],[0,0,0,0,0,0,1,0.5,0.5,1]],-230,-231,-232],4,1,1,1],[[9,"roomInfo.roomType",true,-228]],[0,"51Ml2xr/9FH78ez榴莲Qc8jg",1],[5,31,36],[299.5,1,0,0,0,0,1,1,1,0.6]],[14,"VM_coin6",false,3,[[[12,"coin_0",false,-234,[0,"51k55+3+9MfJgOw2YOw64j",1],[5,60,68],[0,0,0,0,0,0,1,0.5,0.5,1]],-235,-236,-237],4,1,1,1],[[9,"roomInfo.roomType",true,-233]],[0,"40KItXC7NJ/ZRJ7FEjH+7G",1],[5,31,36],[299.5,-83,0,0,0,0,1,1,1,0.6]],[14,"VM_coin7",false,3,[[[12,"coin_0",false,-239,[0,"70OzZjmiFJBKB+8HtQ+C/X",1],[5,60,68],[0,0,0,0,0,0,1,0.5,0.5,1]],-240,-241,-242],4,1,1,1],[[9,"roomInfo.roomType",true,-238]],[0,"8dHiN0qypHEKSyZ0b3CkyK",1],[5,31,36],[299.5,-167,0,0,0,0,1,1,1,0.6]],[14,"VM_coin8",false,3,[[[12,"coin_0",false,-244,[0,"cf6x4/POxHcLBC9bBKL2YO",1],[5,60,68],[0,0,0,0,0,0,1,0.5,0.5,1]],-245,-246,-247],4,1,1,1],[[9,"roomInfo.roomType",true,-243]],[0,"0198YFgpJF/KhvMrHFeKxc",1],[5,31,36],[299.5,-251,0,0,0,0,1,1,1,0.6]],[14,"VM_coin9",false,3,[[[12,"coin_0",false,-249,[0,"92otHY01ZONbP3L237InQO",1],[5,60,68],[0,0,0,0,0,0,1,0.5,0.5,1]],-250,-251,-252],4,1,1,1],[[9,"roomInfo.roomType",true,-248]],[0,"70+NtTVvdBCYE49zX0KD4/",1],[5,31,36],[299.5,-335,0,0,0,0,1,1,1,0.6]],[14,"VM_coin10",false,3,[[[12,"coin_0",false,-254,[0,"71HnIxOcJO0pcttSIGhaGs",1],[5,60,68],[0,0,0,0,0,0,1,0.5,0.5,1]],-255,-256,-257],4,1,1,1],[[9,"roomInfo.roomType",true,-253]],[0,"6eqnotXwFOz5agcM4CznCI",1],[5,31,36],[299.5,-419,0,0,0,0,1,1,1,0.6]],[14,"VM_coin1",false,9,[[[12,"coin_0",false,-259,[0,"79BsZL6U1AXac4Q+WgzjmV",1],[5,60,68],[0,0,0,0,0,0,1,0.5,0.5,1]],-260,-261,-262],4,1,1,1],[[9,"roomInfo.roomType",true,-258]],[0,"df/RsXUbZKgbWKcDBqPeN+",1],[5,31,36],[299.5,337,0,0,0,0,1,1,1,0.6]],[14,"VM_coin2",false,9,[[[12,"coin_0",false,-264,[0,"b5w3bQCfZOl43y//RcgANy",1],[5,60,68],[0,0,0,0,0,0,1,0.5,0.5,1]],-265,-266,-267],4,1,1,1],[[9,"roomInfo.roomType",true,-263]],[0,"d40GuQReZN7IHhtVUr7NQ2",1],[5,31,36],[299.5,253,0,0,0,0,1,1,1,0.6]],[14,"VM_coin3",false,9,[[[12,"coin_0",false,-269,[0,"19RshjJPdAcYNVLPQi9VEY",1],[5,60,68],[0,0,0,0,0,0,1,0.5,0.5,1]],-270,-271,-272],4,1,1,1],[[9,"roomInfo.roomType",true,-268]],[0,"feXlzvqIJJ+ZD/1NcIpQrV",1],[5,31,36],[299.5,169,0,0,0,0,1,1,1,0.6]],[14,"VM_coin4",false,9,[[[12,"coin_0",false,-274,[0,"6deZmzoelNY5HIA7JWd+Xw",1],[5,60,68],[0,0,0,0,0,0,1,0.5,0.5,1]],-275,-276,-277],4,1,1,1],[[9,"roomInfo.roomType",true,-273]],[0,"f4VqLwJodPPJitTYLCoaSj",1],[5,31,36],[299.5,85,0,0,0,0,1,1,1,0.6]],[14,"VM_coin5",false,9,[[[12,"coin_0",false,-279,[0,"bfWUejkP5ND6/q4sRbSRO+",1],[5,60,68],[0,0,0,0,0,0,1,0.5,0.5,1]],-280,-281,-282],4,1,1,1],[[9,"roomInfo.roomType",true,-278]],[0,"084V2fNMlNxbCNRgS0ipEI",1],[5,31,36],[299.5,1,0,0,0,0,1,1,1,0.6]],[14,"VM_coin6",false,9,[[[12,"coin_0",false,-284,[0,"c9UNAUE/5LlI05kqNHcP0h",1],[5,60,68],[0,0,0,0,0,0,1,0.5,0.5,1]],-285,-286,-287],4,1,1,1],[[9,"roomInfo.roomType",true,-283]],[0,"64GJ216VxNM6loKyfpfssr",1],[5,31,36],[299.5,-83,0,0,0,0,1,1,1,0.6]],[14,"VM_coin7",false,9,[[[12,"coin_0",false,-289,[0,"c25VuNtbRJ+4iI1nniP2TE",1],[5,60,68],[0,0,0,0,0,0,1,0.5,0.5,1]],-290,-291,-292],4,1,1,1],[[9,"roomInfo.roomType",true,-288]],[0,"10M6hcUq1EJ7SJu7vlhb3J",1],[5,31,36],[299.5,-167,0,0,0,0,1,1,1,0.6]],[14,"VM_coin8",false,9,[[[12,"coin_0",false,-294,[0,"4axRixYdxMx7QDS/jr1v7F",1],[5,60,68],[0,0,0,0,0,0,1,0.5,0.5,1]],-295,-296,-297],4,1,1,1],[[9,"roomInfo.roomType",true,-293]],[0,"b9gm4auZVF2biPnaMYp5R5",1],[5,31,36],[299.5,-251,0,0,0,0,1,1,1,0.6]],[14,"VM_coin9",false,9,[[[12,"coin_0",false,-299,[0,"5bZg2r4TROiYGDp3HBG65+",1],[5,60,68],[0,0,0,0,0,0,1,0.5,0.5,1]],-300,-301,-302],4,1,1,1],[[9,"roomInfo.roomType",true,-298]],[0,"4cL+G1dC9HkLHTESVMpEze",1],[5,31,36],[299.5,-335,0,0,0,0,1,1,1,0.6]],[14,"VM_coin10",false,9,[[[12,"coin_0",false,-304,[0,"adlfIMkOZHop+TBtGBJd7Q",1],[5,60,68],[0,0,0,0,0,0,1,0.5,0.5,1]],-305,-306,-307],4,1,1,1],[[9,"roomInfo.roomType",true,-303]],[0,"93Ye6NkmlBP6JENthOyZwK",1],[5,31,36],[299.5,-419,0,0,0,0,1,1,1,0.6]],[24,"part3",1,[-318,-319],[[29,1,2,-308,[5,750,1260]],[75,-317,-316,-315,[-312,-313,-314],[-309,-310,-311]]],[0,"32oSDlx4JOL6RPJ/iRrjuy",1],[5,750,1260],[-1867.93,308.296,0,0,0,0,1,1,1,1]],[25,"node_shangzhou_des",43,[-320,-321,-322,-323],[0,"46PvyvIipMdJfoSBZCNKpQ",1],[5,750,880],[0,-190,0,0,0,0,1,1,1,1]],[32,"tc_qysm",44,[-325,-326,-327,-328],[[66,1,122,-324]],[0,"86VgApgYVKP5XeTyoQ4VPj",1],[5,662,880]],[33,"layout_des_1",false,44,[-331,-332,-333],[[29,1,1,-329,[5,455.23,26]],[3,8,168.33999999999997,-330]],[0,"f8FFzSUzFIuZ/DHOyLiwMO",1],[5,455.23,26],[0,0,0.5],[-206.66000000000003,144,0,0,0,0,1,1,1,1]],[33,"layout_des_2",false,44,[-336,-337,-338],[[29,1,1,-334,[5,465.64,26]],[3,8,168.34,-335]],[0,"442MI57YRE5aNGD/RRqRRw",1],[5,465.64,26],[0,0,0.5],[-206.66,-7.504,0,0,0,0,1,1,1,1]],[33,"layout_des_3",false,44,[-341,-342,-343],[[29,1,1,-339,[5,454.14,26]],[3,8,168.34,-340]],[0,"7afnLYX8hEKqz7TupuHKoC",1],[5,454.14,26],[0,0,0.5],[-206.66,-167.56,0,0,0,0,1,1,1,1]],[63,"VM_coin",19,[[[42,"coin_0",false,-345,[0,"16c/duvWtBEIkD+uOz5urS",1],[5,60,68]],-346,-347,-348],4,1,1,1],[[9,"roomInfo.roomType",true,-344]],[0,"646Kl7anNO166zC7OkB5l0",1],[5,30,30],[330.08,0,0,0,0,0,1,0.5,0.5,1]],[56,"view",512,[-351],[[48,0,-349,[2]],[27,45,240,250,-350]],[0,"486lCrhDRG8axE2+d3ZFzu",1],[5,750,1334]],[24,"part2",1,[22,20],[[76,-353,-352]],[0,"76NhuQ4vtAhbFIL5kmuO7e",1],[5,750,1056],[-1092.444,-699.578,0,0,0,0,1,1,1,1]],[32,"scrollView2",20,[-358],[[67,45,-1.5987211554602254e-14,240,910,-354],[77,-357,[78,1,-356,-355],[49],[50],[80,true,0.5],[51],[52],15,17]],[0,"fb1LKHHjpLBYYYVt2fJm/F",1],[5,680,920]],[57,"view",512,52,[-361],[[48,0,-359,[33]],[27,45,240,250,-360]],[0,"6buuZc5+FOLKRAj2LxcZT3",1],[5,680,920]],[32,"scrollView",1,[50],[[27,45,240,250,-362],[82,-364,[79,50,-363],[49],[50],[81],[51],[52],14,51,43]],[0,"bcSH1UHZhHvYV1igX+qkPw",1],[5,750,1334]],[25,"tab_2",22,[-365,-366],[0,"65KIt0iXJBZ7yxkHuFduzy",1],[5,340,97],[170,0,0,0,0,0,1,1,1,1]],[6,"label_qy",55,[[2,-367,[29],30],[43,32,68,-368],[7,"label_benefit",-369]],[0,"6elGUVHuFJM5s9FZsn3+aN",1],[5,81,33],[61.5,0,0,0,0,0,1,1,1,1]],[1,"label_pfqy1",false,2,[[2,-370,[54],55],[3,8,333,-371],[7,"label_skin_benefit",-372]],[0,"40srcdUulPCqhfbFxgaBEf",1],[5,93,33],[39.5,337,0,0,0,0,1,1,1,1]],[1,"label_pfqy2",false,2,[[2,-373,[56],57],[7,"label_skin_benefit",-374],[3,8,333,-375]],[0,"b8V0X3am9C7bS8FnhI/i3t",1],[5,93,33],[39.5,253,0,0,0,0,1,1,1,1]],[1,"label_pfqy3",false,2,[[2,-376,[58],59],[7,"label_skin_benefit",-377],[3,8,333,-378]],[0,"9e5qZUVjBFTpRdXVDWK6bE",1],[5,93,33],[39.5,169,0,0,0,0,1,1,1,1]],[1,"label_pfqy4",false,2,[[2,-379,[60],61],[7,"label_skin_benefit",-380],[3,8,333,-381]],[0,"9cVTSHj5BLKYbVSNkUVYuP",1],[5,93,33],[39.5,85,0,0,0,0,1,1,1,1]],[1,"label_pfqy5",false,2,[[2,-382,[62],63],[7,"label_skin_benefit",-383],[3,8,333,-384]],[0,"63UaWh9QBE95bUJ4twndk3",1],[5,93,33],[39.5,1,0,0,0,0,1,1,1,1]],[1,"label_pfqy6",false,2,[[2,-385,[64],65],[7,"label_skin_benefit",-386],[3,8,333,-387]],[0,"91UFRcAEZI7K69ShGvgkgC",1],[5,93,33],[39.5,-83,0,0,0,0,1,1,1,1]],[1,"label_pfqy7",false,2,[[2,-388,[66],67],[7,"label_skin_benefit",-389],[3,8,333,-390]],[0,"a8x528F0dL1a9iEyBUfwma",1],[5,93,33],[39.5,-167,0,0,0,0,1,1,1,1]],[1,"label_pfqy8",false,2,[[2,-391,[68],69],[7,"label_skin_benefit",-392],[3,8,333,-393]],[0,"947UDwknNJqoe9z9MdMlf+",1],[5,93,33],[39.5,-251,0,0,0,0,1,1,1,1]],[1,"label_pfqy9",false,2,[[2,-394,[70],71],[7,"label_skin_benefit",-395],[3,8,333,-396]],[0,"c1er/rJLZMo5UBAko9OJPl",1],[5,93,33],[39.5,-335,0,0,0,0,1,1,1,1]],[1,"label_pfqy10",false,2,[[2,-397,[72],73],[7,"label_skin_benefit",-398],[3,8,333,-399]],[0,"0dIlKLyKxDgYhzK+rHLlst",1],[5,93,33],[39.5,-419,0,0,0,0,1,1,1,1]],[1,"label_pfqy1",false,8,[[2,-400,[227],228],[7,"label_skin_benefit",-401],[3,8,333,-402]],[0,"1cfDehKmZF1r/cVNUcaUKo",1],[5,93,33],[39.5,337,0,0,0,0,1,1,1,1]],[1,"label_pfqy2",false,8,[[2,-403,[229],230],[7,"label_skin_benefit",-404],[3,8,333,-405]],[0,"123PV5iuRELYZlg/OHA/j9",1],[5,93,33],[39.5,253,0,0,0,0,1,1,1,1]],[1,"label_pfqy3",false,8,[[2,-406,[231],232],[7,"label_skin_benefit",-407],[3,8,333,-408]],[0,"d01J4wVWlFL5wLRNqm0AAF",1],[5,93,33],[39.5,169,0,0,0,0,1,1,1,1]],[1,"label_pfqy4",false,8,[[2,-409,[233],234],[7,"label_skin_benefit",-410],[3,8,333,-411]],[0,"75+oqRkSpMIrahD/CxHWYk",1],[5,93,33],[39.5,85,0,0,0,0,1,1,1,1]],[1,"label_pfqy5",false,8,[[2,-412,[235],236],[7,"label_skin_benefit",-413],[3,8,333,-414]],[0,"a6zkGupo5It5YNKgjVmYbz",1],[5,93,33],[39.5,1,0,0,0,0,1,1,1,1]],[1,"label_pfqy6",false,8,[[2,-415,[237],238],[7,"label_skin_benefit",-416],[3,8,333,-417]],[0,"b009sUe95H/4eppLaBEHIu",1],[5,93,33],[39.5,-83,0,0,0,0,1,1,1,1]],[1,"label_pfqy7",false,8,[[2,-418,[239],240],[7,"label_skin_benefit",-419],[3,8,333,-420]],[0,"56VrzcyaxPWKyjd5XYwOFD",1],[5,93,33],[39.5,-167,0,0,0,0,1,1,1,1]],[1,"label_pfqy8",false,8,[[2,-421,[241],242],[7,"label_skin_benefit",-422],[3,8,333,-423]],[0,"51Le1p榴莲tEHLp0vqGone6+",1],[5,93,33],[39.5,-251,0,0,0,0,1,1,1,1]],[1,"label_pfqy9",false,8,[[2,-424,[243],244],[7,"label_skin_benefit",-425],[3,8,333,-426]],[0,"49KZ2NXBxJQ71x9/iOgwfa",1],[5,93,33],[39.5,-335,0,0,0,0,1,1,1,1]],[1,"label_pfqy10",false,8,[[2,-427,[245],246],[7,"label_skin_benefit",-428],[3,8,333,-429]],[0,"974+U/OmRM4o+KZd2ts+aA",1],[5,93,33],[39.5,-419,0,0,0,0,1,1,1,1]],[18,"lab_coin_name",20,[[44,33,43.3,24,30,-430],[83,"榴莲收益",26,26,2,"Reward_Rough_stone",-431,[381]]],[0,"deD0/7no1HPawGeNbeYUTM",1],[5,104,32.76],[0,1,0.5],[316,413.62,0,0,0,0,1,1,1,1]],[25,"node_benshou_des",43,[-432,-433],[0,"df9Co1rwRGE4gX6jiR5KV2",1],[5,750,380],[0,440,0,0,0,0,1,1,1,1]],[20,"1",45,[-434,-435,-436],[0,"a0mE1XUY9Agb4UGv1bBhzI",1],[-61.034,296.035,0,0,0,0,1,1,1,1]],[20,"2",45,[-437,-438,-439],[0,"52GtzYDVlAwaov4hvayYoX",1],[-61.034,109.652,0,0,0,0,1,1,1,1]],[20,"3",45,[-440,-441,-442],[0,"af07pV+PpL5IrgEN10nsK2",1],[-61.034,-75.226,0,0,0,0,1,1,1,1]],[24,"btn_back",1,[-445],[[88,-443],[28,9,50.541000000000054,-444]],[0,"bbWu4oHAtNO5Fghrd9mfXE",1],[5,100,100],[-325,566.459,0,0,0,0,1,1,1,1]],[58,"font_2",19,[[35,8,36,100,928.83,1475.992,-446],[53,"account.myRankNo",-447],[84,"未上榜",26,26,2,-448,[414]]],[0,"b3Asw2BjNNIoX0RU6cnoJF",1],[4,4288518034],[5,78,32.76],[0,0,0.5],[-338.5,0,0,0,0,0,1,1,1,1]],[18,"lab_my_coin",19,[[89,"0",36,36,false,1,-449,[416],417],[35,32,198,77,928.83,1475.992,-450],[53,"account.myRankNum",-451]],[0,"9fl9hAF5dOYYJ+OTEYvigR",1],[5,24.59,45.36],[0,1,0.5],[297.5,0,0,0,0,0,1,1,1,1]],[6,"model",1,[[2,-452,[0],1],[68,1,325,325,-2.5,617,100,100,-453]],[0,"fb20dd7rNEz757W76xQ+xL",1],[5,750,1625],[0,-143,0,0,0,0,1,1,1,1]],[59,"content",512,50,[[16,1,-454]],[0,"7duDQs1sZIBZTJe7kGFFis",1],[5,750,2254],[0,0.5,1],[0,667,0,0,0,0,1,1,1,1]],[6,"bg_phb_1",21,[[2,-455,[3],4],[7,"bg_phb_1",-456]],[0,"fcaQOSryVBPZnw6Hq2lB12",1],[5,331,246],[0,0,0,0,0,0,1,2,2,1]],[26,"bg_phb_2",false,21,[[2,-457,[5],6],[7,"bg_phb_1",-458]],[0,"16jAaGmNpKlIcymH1/j7a5",1],[5,331,246]],[26,"bg_phb_3",false,21,[[2,-459,[7],8],[7,"bg_phb_1",-460]],[0,"0eYUZNaJVDSrIlAli/CZXH",1],[5,331,246]],[64,"lab_max_mianshang",false,14,[[[28,1,126.24900000000002,-461],-462],4,1],[0,"58CuTeOgJHEJ9eEKqNIFpJ",1],[4,4288518034],[5,314.94,25.2],[0,253.15099999999998,0,0,0,0,1,1,1,1]],[20,"1",14,[-463,-464],[0,"eap2DGlnxP84CdH3Cg+Lne",1],[0,-170.253,0,0,0,0,1,1,1,1]],[34,"lab_mianshang_1",91,[[[36,1,335.068,-12.600000000000025,-465],-466],4,1],[0,"cdrTw0HMFGA6MW5vPDE/ab",1],[4,4290962426],[5,120,25.2],[0,2.4868995751603507e-14,0,0,0,0,1,1,1,1]],[20,"2",14,[-467,-468],[0,"2adoNkjdVPnq1ecyIr5z7c",1],[-210.79,-198.629,0,0,0,0,1,1,1,1]],[34,"lab_mianshang_2",93,[[[36,1,124.805,-12.600000000000023,-469],-470],4,1],[0,"8bn2qhmeBBiJGtCFFrv0tS",1],[4,4290962426],[5,120,25.2],[0,2.3092638912203256e-14,0,0,0,0,1,1,1,1]],[20,"3",14,[-471,-472],[0,"e1YuS+L69JbrVgQOX+c9Ev",1],[209.438,-202.682,0,0,0,0,1,1,1,1]],[34,"lab_mianshang_3",95,[[[36,1,555.223,-12.600000000000023,-473],-474],4,1],[0,"7aBoppz/BCdrVhQ1JjVVeD",1],[4,4290962426],[5,120,25.2],[0,2.3092638912203256e-14,0,0,0,0,1,1,1,1]],[22,"btn_szb_1",22,[[47,1,0,-475,[25],26]],[0,"a2eQSrrBNCz5Mx35ZDp529",1],[4,4280164385],[5,268,86],[-170,0,0,0,0,0,1,1,1,1]],[25,"tab_1",22,[-476],[0,"5bzSdYt0NMV7wEWNb8rIiD",1],[5,340,97],[-170,0,0,0,0,0,1,1,1,1]],[6,"font",98,[[3,8,119.99999999999999,-477],[37,"本週榜",28,28.5,1,1,2,"CUR_WEEK_LEADERBOARD",-478,[27]]],[0,"15S8OzQuNLzogM1LaLzKKE",1],[5,100,50],[-1.4210854715202004e-14,0,0,0,0,0,1,1,1,1]],[6,"font",55,[[43,32,152.32999999999998,-479],[37,"上週榜",28,28,1,1,2,"LAST_WEEK_LEADERBOARD",-480,[28]]],[0,"b9qVfQDUtDpbOIL5KmSsXB",1],[5,100,50],[-32.329999999999984,0,0,0,0,0,1,1,1,1]],[1,"spr_avatar1",false,4,[[11,0,-481,[134]],[3,8,79,-482]],[0,"feH4o2Ux5MRYOgsYj/x/3Y",1],[5,41,41],[-240.5,337,0,0,0,0,1,1,1,1]],[1,"spr_avatar2",false,4,[[11,0,-483,[135]],[3,8,79,-484]],[0,"502A/K0CBCRqn/oLyEkZA9",1],[5,41,41],[-240.5,253,0,0,0,0,1,1,1,1]],[1,"spr_avatar3",false,4,[[11,0,-485,[136]],[3,8,79,-486]],[0,"6aMVgDwCFNOLSGzcfrQa7W",1],[5,41,41],[-240.5,169,0,0,0,0,1,1,1,1]],[1,"spr_avatar4",false,4,[[11,0,-487,[137]],[3,8,79,-488]],[0,"b3991GhwpCh5IvpTCDyRJD",1],[5,41,41],[-240.5,85,0,0,0,0,1,1,1,1]],[1,"spr_avatar5",false,4,[[11,0,-489,[138]],[3,8,79,-490]],[0,"1dgyavBpVAqLhXfIaHMWQE",1],[5,41,41],[-240.5,1,0,0,0,0,1,1,1,1]],[1,"spr_avatar6",false,4,[[11,0,-491,[139]],[3,8,79,-492]],[0,"8aZVISiaJKw67jble3meTh",1],[5,41,41],[-240.5,-83,0,0,0,0,1,1,1,1]],[1,"spr_avatar7",false,4,[[11,0,-493,[140]],[3,8,79,-494]],[0,"5dDZLbdC5L1rM4IVey6G3J",1],[5,41,41],[-240.5,-167,0,0,0,0,1,1,1,1]],[1,"spr_avatar8",false,4,[[11,0,-495,[141]],[3,8,79,-496]],[0,"5fbLeHfQJNh5ixXk9Xs1xt",1],[5,41,41],[-240.5,-251,0,0,0,0,1,1,1,1]],[1,"spr_avatar9",false,4,[[11,0,-497,[142]],[3,8,79,-498]],[0,"14evti1FZKb6m7kfwEinlW",1],[5,41,41],[-240.5,-335,0,0,0,0,1,1,1,1]],[1,"spr_avatar10",false,4,[[11,0,-499,[143]],[3,8,79,-500]],[0,"ecbBC/1NBHsoY642vjQouJ",1],[5,41,41],[-240.5,-419,0,0,0,0,1,1,1,1]],[4,"lab_coin1",false,5,[[5,"1234567890",30,30,false,1,1,2,-501,[144],145],[15,32,19.50999999999999,68,-502]],[0,"62ALszZq9C960a9YyJQ4Ho",1],[5,172.5,30],[0,1,0.5],[272,337,0,0,0,0,1,1,1,1]],[4,"lab_coin2",false,5,[[5,"1234567890",30,30,false,1,1,2,-503,[146],147],[15,32,19.50999999999999,68,-504]],[0,"4fi45NwShDRbNinW4FAJ2s",1],[5,172.5,30],[0,1,0.5],[272,253,0,0,0,0,1,1,1,1]],[4,"lab_coin3",false,5,[[5,"1234567890",30,30,false,1,1,2,-505,[148],149],[15,32,19.50999999999999,68,-506]],[0,"c8Jvy5GDNNMI4qC+5gtxP0",1],[5,172.5,30],[0,1,0.5],[272,169,0,0,0,0,1,1,1,1]],[4,"lab_coin4",false,5,[[5,"1234567890",30,30,false,1,1,2,-507,[150],151],[15,32,19.50999999999999,68,-508]],[0,"81j4buME9N5ZHKj+QjOlYb",1],[5,172.5,30],[0,1,0.5],[272,85,0,0,0,0,1,1,1,1]],[4,"lab_coin5",false,5,[[5,"1234567890",30,30,false,1,1,2,-509,[152],153],[15,32,19.50999999999999,68,-510]],[0,"cfRS0QAa5NsoPDwWRnvNc4",1],[5,172.5,30],[0,1,0.5],[272,1,0,0,0,0,1,1,1,1]],[4,"lab_coin6",false,5,[[5,"1234567890",30,30,false,1,1,2,-511,[154],155],[15,32,19.50999999999999,68,-512]],[0,"d0vSGSNJ9BYocKu8QbhRSC",1],[5,172.5,30],[0,1,0.5],[272,-83,0,0,0,0,1,1,1,1]],[4,"lab_coin7",false,5,[[5,"1234567890",30,30,false,1,1,2,-513,[156],157],[15,32,19.50999999999999,68,-514]],[0,"50VDuzlA9DWpG754eoAQ8+",1],[5,172.5,30],[0,1,0.5],[272,-167,0,0,0,0,1,1,1,1]],[4,"lab_coin8",false,5,[[5,"1234567890",30,30,false,1,1,2,-515,[158],159],[15,32,19.50999999999999,68,-516]],[0,"bbGD/meK榴莲BYG0yRuIq9i0",1],[5,172.5,30],[0,1,0.5],[272,-251,0,0,0,0,1,1,1,1]],[4,"lab_coin9",false,5,[[5,"1234567890",30,30,false,1,1,2,-517,[160],161],[15,32,19.50999999999999,68,-518]],[0,"aeUJZMo3RNQLTaJvXC32lr",1],[5,172.5,30],[0,1,0.5],[272,-335,0,0,0,0,1,1,1,1]],[4,"lab_coin10",false,5,[[5,"1234567890",30,30,false,1,1,2,-519,[162],163],[15,32,19.50999999999999,68,-520]],[0,"a4ObKRrpNA5qwJt2WlfT55",1],[5,172.5,30],[0,1,0.5],[272,-419,0,0,0,0,1,1,1,1]],[4,"lab_name1",false,7,[[8,"阿*",26,26,false,1,1,-521,[184],185],[3,8,138,-522]],[0,"16dXXbf+5L6I/I6vD1Hu5J",1],[5,36.76,32.76],[0,0,0.5],[-202,337,0,0,0,0,1,1,1,1]],[4,"lab_name2",false,7,[[8,"阿*",26,26,false,1,1,-523,[186],187],[3,8,138,-524]],[0,"ab0k+b1slDl62cwPH6G4TS",1],[5,36.76,32.76],[0,0,0.5],[-202,253,0,0,0,0,1,1,1,1]],[4,"lab_name3",false,7,[[8,"阿*",26,26,false,1,1,-525,[188],189],[3,8,138,-526]],[0,"09mkDgV3dCuq9VWs2lv0wI",1],[5,36.76,32.76],[0,0,0.5],[-202,169,0,0,0,0,1,1,1,1]],[4,"lab_name4",false,7,[[8,"阿*",26,26,false,1,1,-527,[190],191],[3,8,138,-528]],[0,"7cIxk0wiJDwaO/qxaV7Xbh",1],[5,36.76,32.76],[0,0,0.5],[-202,85,0,0,0,0,1,1,1,1]],[4,"lab_name5",false,7,[[8,"阿*",26,26,false,1,1,-529,[192],193],[3,8,138,-530]],[0,"62aTwrZCtGoKJnn/y9gs9l",1],[5,36.76,32.76],[0,0,0.5],[-202,1,0,0,0,0,1,1,1,1]],[4,"lab_name6",false,7,[[8,"阿*",26,26,false,1,1,-531,[194],195],[3,8,138,-532]],[0,"8fodqVdGRLaZqQCADaJxmH",1],[5,36.76,32.76],[0,0,0.5],[-202,-83,0,0,0,0,1,1,1,1]],[4,"lab_name7",false,7,[[8,"阿*",26,26,false,1,1,-533,[196],197],[3,8,138,-534]],[0,"64IwroF8JGj4etPIt2ne9q",1],[5,36.76,32.76],[0,0,0.5],[-202,-167,0,0,0,0,1,1,1,1]],[4,"lab_name8",false,7,[[8,"阿*",26,26,false,1,1,-535,[198],199],[3,8,138,-536]],[0,"e3bnqlLSREza3yszsUH/QY",1],[5,36.76,32.76],[0,0,0.5],[-202,-251,0,0,0,0,1,1,1,1]],[4,"lab_name9",false,7,[[8,"阿*",26,26,false,1,1,-537,[200],201],[3,8,138,-538]],[0,"4enFeTTMtNgrplR0NqqJNW",1],[5,36.76,32.76],[0,0,0.5],[-202,-335,0,0,0,0,1,1,1,1]],[4,"lab_name10",false,7,[[8,"阿*",26,26,false,1,1,-539,[202],203],[3,8,138,-540]],[0,"16mqq99cpCnJnVL7B13BGI",1],[5,36.76,32.76],[0,0,0.5],[-202,-419,0,0,0,0,1,1,1,1]],[1,"spr_avatar1",false,10,[[11,0,-541,[307]],[3,8,79,-542]],[0,"bacyA5pTdAdKdJadVykOhw",1],[5,41,41],[-240.5,337,0,0,0,0,1,1,1,1]],[1,"spr_avatar2",false,10,[[11,0,-543,[308]],[3,8,79,-544]],[0,"9bmcuCrmlEU4AX41Py5Q2l",1],[5,41,41],[-240.5,253,0,0,0,0,1,1,1,1]],[1,"spr_avatar3",false,10,[[11,0,-545,[309]],[3,8,79,-546]],[0,"98gXF8QlxLyYPsTnxvVdf2",1],[5,41,41],[-240.5,169,0,0,0,0,1,1,1,1]],[1,"spr_avatar4",false,10,[[11,0,-547,[310]],[3,8,79,-548]],[0,"4eM1CVU0JLcYFeJsSf20nk",1],[5,41,41],[-240.5,85,0,0,0,0,1,1,1,1]],[1,"spr_avatar5",false,10,[[11,0,-549,[311]],[3,8,79,-550]],[0,"6fJ8Xc6iVLYKSpwlwdEqeX",1],[5,41,41],[-240.5,1,0,0,0,0,1,1,1,1]],[1,"spr_avatar6",false,10,[[11,0,-551,[312]],[3,8,79,-552]],[0,"b5e0uQjJpLN4+9CoQLeF53",1],[5,41,41],[-240.5,-83,0,0,0,0,1,1,1,1]],[1,"spr_avatar7",false,10,[[11,0,-553,[313]],[3,8,79,-554]],[0,"bfsp5hRdBDaY84s8MR7S0x",1],[5,41,41],[-240.5,-167,0,0,0,0,1,1,1,1]],[1,"spr_avatar8",false,10,[[11,0,-555,[314]],[3,8,79,-556]],[0,"93Z8M2g59Da6Pda3OrQ5YT",1],[5,41,41],[-240.5,-251,0,0,0,0,1,1,1,1]],[1,"spr_avatar9",false,10,[[11,0,-557,[315]],[3,8,79,-558]],[0,"fcHEE5fJ1GUpqFFttOYNU4",1],[5,41,41],[-240.5,-335,0,0,0,0,1,1,1,1]],[1,"spr_avatar10",false,10,[[11,0,-559,[316]],[3,8,79,-560]],[0,"66MKqxXSdD2ajpo3dCyfcf",1],[5,41,41],[-240.5,-419,0,0,0,0,1,1,1,1]],[4,"lab_coin1",false,11,[[5,"1234567890",30,30,false,1,1,2,-561,[317],318],[15,32,19.50999999999999,68,-562]],[0,"6f4qQPiV5NrqaBGiwALq+Z",1],[5,172.5,30],[0,1,0.5],[272,337,0,0,0,0,1,1,1,1]],[4,"lab_coin2",false,11,[[5,"1234567890",30,30,false,1,1,2,-563,[319],320],[15,32,19.50999999999999,68,-564]],[0,"4erqefC+1EhYqWEEKEpoHD",1],[5,172.5,30],[0,1,0.5],[272,253,0,0,0,0,1,1,1,1]],[4,"lab_coin3",false,11,[[5,"1234567890",30,30,false,1,1,2,-565,[321],322],[15,32,19.50999999999999,68,-566]],[0,"32K0Oe5NNDnLP5ud2ePeXX",1],[5,172.5,30],[0,1,0.5],[272,169,0,0,0,0,1,1,1,1]],[4,"lab_coin4",false,11,[[5,"1234567890",30,30,false,1,1,2,-567,[323],324],[15,32,19.50999999999999,68,-568]],[0,"7dVWnJHtlNyIDjTu9Jyz7T",1],[5,172.5,30],[0,1,0.5],[272,85,0,0,0,0,1,1,1,1]],[4,"lab_coin5",false,11,[[5,"1234567890",30,30,false,1,1,2,-569,[325],326],[15,32,19.50999999999999,68,-570]],[0,"5a8qHMi7lGvqBSYGSOvlgy",1],[5,172.5,30],[0,1,0.5],[272,1,0,0,0,0,1,1,1,1]],[4,"lab_coin6",false,11,[[5,"1234567890",30,30,false,1,1,2,-571,[327],328],[15,32,19.50999999999999,68,-572]],[0,"d5uMLtnOpDtZodu6a4wdCk",1],[5,172.5,30],[0,1,0.5],[272,-83,0,0,0,0,1,1,1,1]],[4,"lab_coin7",false,11,[[5,"1234567890",30,30,false,1,1,2,-573,[329],330],[15,32,19.50999999999999,68,-574]],[0,"9fhFCm6btGGYBI1YjB9rIy",1],[5,172.5,30],[0,1,0.5],[272,-167,0,0,0,0,1,1,1,1]],[4,"lab_coin8",false,11,[[5,"1234567890",30,30,false,1,1,2,-575,[331],332],[15,32,19.50999999999999,68,-576]],[0,"beqAC7VGJNP7VqVrdF/EPI",1],[5,172.5,30],[0,1,0.5],[272,-251,0,0,0,0,1,1,1,1]],[4,"lab_coin9",false,11,[[5,"1234567890",30,30,false,1,1,2,-577,[333],334],[15,32,19.50999999999999,68,-578]],[0,"54QiBykuJE9YZS9xnSvJsh",1],[5,172.5,30],[0,1,0.5],[272,-335,0,0,0,0,1,1,1,1]],[4,"lab_coin10",false,11,[[5,"1234567890",30,30,false,1,1,2,-579,[335],336],[15,32,19.50999999999999,68,-580]],[0,"bbJWeeljtGBrLNCrzwYqEZ",1],[5,172.5,30],[0,1,0.5],[272,-419,0,0,0,0,1,1,1,1]],[4,"lab_name1",false,13,[[8,"阿*",26,26,false,1,1,-581,[357],358],[3,8,138,-582]],[0,"f1CM9RXSFCt62FLiOrDpie",1],[5,36.76,32.76],[0,0,0.5],[-202,337,0,0,0,0,1,1,1,1]],[4,"lab_name2",false,13,[[8,"阿*",26,26,false,1,1,-583,[359],360],[3,8,138,-584]],[0,"57G3d6IX1B74zQQvnXnxwr",1],[5,36.76,32.76],[0,0,0.5],[-202,253,0,0,0,0,1,1,1,1]],[4,"lab_name3",false,13,[[8,"阿*",26,26,false,1,1,-585,[361],362],[3,8,138,-586]],[0,"b3MdTwxh1AKIIllJEymlWO",1],[5,36.76,32.76],[0,0,0.5],[-202,169,0,0,0,0,1,1,1,1]],[4,"lab_name4",false,13,[[8,"阿*",26,26,false,1,1,-587,[363],364],[3,8,138,-588]],[0,"ab//+MOI1BRrl7u0mBI0de",1],[5,36.76,32.76],[0,0,0.5],[-202,85,0,0,0,0,1,1,1,1]],[4,"lab_name5",false,13,[[8,"阿*",26,26,false,1,1,-589,[365],366],[3,8,138,-590]],[0,"6fC5eiDCJNUqZ5RVIQbNYK",1],[5,36.76,32.76],[0,0,0.5],[-202,1,0,0,0,0,1,1,1,1]],[4,"lab_name6",false,13,[[8,"阿*",26,26,false,1,1,-591,[367],368],[3,8,138,-592]],[0,"477uqqDtNLZ4io7bUt48vH",1],[5,36.76,32.76],[0,0,0.5],[-202,-83,0,0,0,0,1,1,1,1]],[4,"lab_name7",false,13,[[8,"阿*",26,26,false,1,1,-593,[369],370],[3,8,138,-594]],[0,"737WKbsrNOVbXoRP56/ngd",1],[5,36.76,32.76],[0,0,0.5],[-202,-167,0,0,0,0,1,1,1,1]],[4,"lab_name8",false,13,[[8,"阿*",26,26,false,1,1,-595,[371],372],[3,8,138,-596]],[0,"d6pCXCscxNoaMHhG07rzIM",1],[5,36.76,32.76],[0,0,0.5],[-202,-251,0,0,0,0,1,1,1,1]],[4,"lab_name9",false,13,[[8,"阿*",26,26,false,1,1,-597,[373],374],[3,8,138,-598]],[0,"26Zc5fKzxPO5xjiIgZ47LZ",1],[5,36.76,32.76],[0,0,0.5],[-202,-335,0,0,0,0,1,1,1,1]],[4,"lab_name10",false,13,[[8,"阿*",26,26,false,1,1,-599,[375],376],[3,8,138,-600]],[0,"92aS6nKH9JO6yEotvoTMqG",1],[5,36.76,32.76],[0,0,0.5],[-202,-419,0,0,0,0,1,1,1,1]],[18,"font_paiming",20,[[44,9,26.060000000000002,100,30,-601],[37,"排名/用戶",26,26,1,1,2,"Rank_User",-602,[380]]],[0,"31dB9Q4o5COaZhrPBdHAv5",1],[5,111.22,32.76],[0,0,0.5],[-313.94,413.62,0,0,0,0,1,1,1,1]],[18,"font_benzhou",78,[[85,"本週榜",35,35,1,1,"CUR_WEEK_LEADERBOARD",-603,[384]],[45,9,40.38,48.286000000000016,283.476,-604]],[0,"cb9wRySeNIjJ8xdEV2uENj",1],[5,105,44.1],[0,0,0.5],[-334.62,119.664,0,0,0,0,1,1,1,1]],[22,"font_benshou_des",78,[[86,"以每週日晚上12點前，暴龍最後出現時間點為結束節點； 本週上榜用戶的權益，將在下週生效，權益有效期為一周； 當前有裝扮的玩家不收錄本週排行榜。",26,46,1,3,"WEEK_DESC",-605,[385]],[45,9,17,105.20899999999993,120.69300000000001,-606]],[0,"529WOhfaJJ762wNi39JgjM",1],[4,4292730333],[5,700,149.95999999999998],[-8,9.811000000000078,0,0,0,0,1,1,1,1]],[6,"touxiangshiyi",19,[[11,0,-607,[413]],[3,8,126.5,-608]],[0,"8ate41Y6BFVpC4Qu/GCycN",1],[5,50,50],[-223,0,0,0,0,0,1,1,1,1]],[18,"lab_my_name",19,[[35,8,198,100,928.83,1475.992,-609],[87,"自己",26,26,"MYSELF",-610,[415]]],[0,"52EgLznTBKCK5HqTUpkxxg",1],[5,52,32.76],[0,0,0.5],[-176.5,0,0,0,0,0,1,1,1,1]],[19,"奖励免杀手伤害皮肤，最高免伤15%",20,20,1,1,90,[9]],[23,"lab_bg",91,[[2,-611,[10],11]],[0,"b0Lq71z4RCILX3OcHNtqqY",1],[5,130,36]],[39,"免伤15%",20,20,1,1,2,92,[12]],[23,"lab_bg",93,[[2,-612,[13],14]],[0,"59nGfx7ldHN7Bjoni3sAZo",1],[5,130,36]],[39,"免伤15%",20,20,1,1,2,94,[15]],[23,"lab_bg",95,[[2,-613,[16],17]],[0,"cc7JHmvShHVbfLQvyaSFkE",1],[5,130,36]],[39,"免伤15%",20,20,1,1,2,96,[18]],[6,"third",14,[[2,-614,[19],20]],[0,"69Nfk+WZpCkbWvRRQIjz/0",1],[5,119,193],[192.093,-72.316,0,0,0,0,1,1,1,1]],[6,"second",14,[[2,-615,[21],22]],[0,"7eEFonFZxLdLXSyIwLR9X8",1],[5,119,193],[-217.435,-71.553,0,0,0,0,1,1,1,1]],[6,"first",14,[[2,-616,[23],24]],[0,"50mg89Zo1N5ra2G94OUTRL",1],[5,119,193],[0,-35.833,0,0,0,0,1,1,1,1]],[60,"content",512,53,[0,"deIFJR3YNPUauYgkrU1T8k",1],[5,220,920],[0,0.5,1],[0,460,0,0,0,0,1,1,1,1]],[1,"fengexian1",false,16,[[10,0,-617,[34],35]],[0,"37qVB5xaFELaICvJhGAbQw",1],[5,632,3],[0,376.5,0,0,0,0,1,1,1,1]],[1,"fengexian2",false,16,[[10,0,-618,[36],37]],[0,"f3S6jfSYROc5yuuRJIV9Y+",1],[5,632,3],[0,292.5,0,0,0,0,1,1,1,1]],[1,"fengexian3",false,16,[[10,0,-619,[38],39]],[0,"62wjsERtlDw58rDYkx9aNZ",1],[5,632,3],[0,208.5,0,0,0,0,1,1,1,1]],[1,"fengexian4",false,16,[[10,0,-620,[40],41]],[0,"70L7aSj2dG1JLF0i9YI/Q0",1],[5,632,3],[0,124.5,0,0,0,0,1,1,1,1]],[1,"fengexian5",false,16,[[10,0,-621,[42],43]],[0,"da+SakkKBBV7ElM4qfemBM",1],[5,632,3],[0,40.5,0,0,0,0,1,1,1,1]],[1,"fengexian6",false,16,[[10,0,-622,[44],45]],[0,"0ffMxhCNxEsoxno7MS0+Ws",1],[5,632,3],[0,-43.5,0,0,0,0,1,1,1,1]],[1,"fengexian7",false,16,[[10,0,-623,[46],47]],[0,"11qB96c7JNfrpx8W5l+78P",1],[5,632,3],[0,-127.5,0,0,0,0,1,1,1,1]],[1,"fengexian8",false,16,[[10,0,-624,[48],49]],[0,"2fJRxbXbhHwqKJsobJYKy6",1],[5,632,3],[0,-211.5,0,0,0,0,1,1,1,1]],[1,"fengexian9",false,16,[[10,0,-625,[50],51]],[0,"1b2oougLpKN7idCo9TiGn+",1],[5,632,3],[0,-295.5,0,0,0,0,1,1,1,1]],[1,"fengexian10",false,16,[[10,0,-626,[52],53]],[0,"4bsBDQKGdKB7jOfkvv8M/K",1],[5,632,3],[0,-379.5,0,0,0,0,1,1,1,1]],[6,"coin_1",23,[[2,-627,[74],75]],[0,"e3W1IQbYtCYYowx56Jfsyf",1],[5,60,68],[0,0,0,0,0,0,1,0.5,0.5,1]],[1,"coin_2",false,23,[[2,-628,[76],77]],[0,"76SicQklRDXp101otwI67c",1],[5,53,80],[0,0,0,0,0,0,1,0.5,0.5,1]],[1,"coin_3",false,23,[[2,-629,[78],79]],[0,"64REB0qRJJcoTDVech1jyz",1],[5,74,68],[0,0,0,0,0,0,1,0.5,0.5,1]],[6,"coin_1",24,[[2,-630,[80],81]],[0,"9bfW+c1AVGo5z8+HGZP53d",1],[5,60,68],[0,0,0,0,0,0,1,0.5,0.5,1]],[1,"coin_2",false,24,[[2,-631,[82],83]],[0,"93D1c1jkBDuqKp7gtzSQUW",1],[5,53,80],[0,0,0,0,0,0,1,0.5,0.5,1]],[1,"coin_3",false,24,[[2,-632,[84],85]],[0,"9e1iFSd1xEiJfuExW5Vk88",1],[5,74,68],[0,0,0,0,0,0,1,0.5,0.5,1]],[6,"coin_1",25,[[2,-633,[86],87]],[0,"7cDiIaFx5C1IeQN6NQDNxJ",1],[5,60,68],[0,0,0,0,0,0,1,0.5,0.5,1]],[1,"coin_2",false,25,[[2,-634,[88],89]],[0,"d3CfopMJ5Lfpjm7rTt+H42",1],[5,53,80],[0,0,0,0,0,0,1,0.5,0.5,1]],[1,"coin_3",false,25,[[2,-635,[90],91]],[0,"2cEUoObwhHE4Ck7QsFbTUL",1],[5,74,68],[0,0,0,0,0,0,1,0.5,0.5,1]],[6,"coin_1",26,[[2,-636,[92],93]],[0,"0aYUK7FWBLyqZ311O2TjCw",1],[5,60,68],[0,0,0,0,0,0,1,0.5,0.5,1]],[1,"coin_2",false,26,[[2,-637,[94],95]],[0,"50SaCsAStOwqdhS3sA+7uN",1],[5,53,80],[0,0,0,0,0,0,1,0.5,0.5,1]],[1,"coin_3",false,26,[[2,-638,[96],97]],[0,"4a8zRxP8hPWIIrCdLYv92W",1],[5,74,68],[0,0,0,0,0,0,1,0.5,0.5,1]],[6,"coin_1",27,[[2,-639,[98],99]],[0,"52rQi4f0lBk7PEN8A3Qac1",1],[5,60,68],[0,0,0,0,0,0,1,0.5,0.5,1]],[1,"coin_2",false,27,[[2,-640,[100],101]],[0,"b30O3Cx9JM5LKrt4qcmUhl",1],[5,53,80],[0,0,0,0,0,0,1,0.5,0.5,1]],[1,"coin_3",false,27,[[2,-641,[102],103]],[0,"5fN3eFc9RACohO6AtRojdZ",1],[5,74,68],[0,0,0,0,0,0,1,0.5,0.5,1]],[6,"coin_1",28,[[2,-642,[104],105]],[0,"6f/aQZH7xAwqEdBRb/tblt",1],[5,60,68],[0,0,0,0,0,0,1,0.5,0.5,1]],[1,"coin_2",false,28,[[2,-643,[106],107]],[0,"ed7Gb8G0FGIrMr01rStG8w",1],[5,53,80],[0,0,0,0,0,0,1,0.5,0.5,1]],[1,"coin_3",false,28,[[2,-644,[108],109]],[0,"81GyVBJ7FMl6ngCuI0Ppjb",1],[5,74,68],[0,0,0,0,0,0,1,0.5,0.5,1]],[6,"coin_1",29,[[2,-645,[110],111]],[0,"87gzZU/z1Kxbuikm9AM94d",1],[5,60,68],[0,0,0,0,0,0,1,0.5,0.5,1]],[1,"coin_2",false,29,[[2,-646,[112],113]],[0,"f9LhRXlWxAn52r15tDZaKr",1],[5,53,80],[0,0,0,0,0,0,1,0.5,0.5,1]],[1,"coin_3",false,29,[[2,-647,[114],115]],[0,"36GCX8lqtEgLsnSL21TgOD",1],[5,74,68],[0,0,0,0,0,0,1,0.5,0.5,1]],[6,"coin_1",30,[[2,-648,[116],117]],[0,"acRlJsEaNJ8JxkUONmrYo0",1],[5,60,68],[0,0,0,0,0,0,1,0.5,0.5,1]],[1,"coin_2",false,30,[[2,-649,[118],119]],[0,"aavE/h5jdCGp6FUqp30oy9",1],[5,53,80],[0,0,0,0,0,0,1,0.5,0.5,1]],[1,"coin_3",false,30,[[2,-650,[120],121]],[0,"61Uig1oQpGlp3WeLBLxaIZ",1],[5,74,68],[0,0,0,0,0,0,1,0.5,0.5,1]],[6,"coin_1",31,[[2,-651,[122],123]],[0,"65OipbX6xFgr25hGB1AbtR",1],[5,60,68],[0,0,0,0,0,0,1,0.5,0.5,1]],[1,"coin_2",false,31,[[2,-652,[124],125]],[0,"36U/z4U9hJo6tAJNk3s6d5",1],[5,53,80],[0,0,0,0,0,0,1,0.5,0.5,1]],[1,"coin_3",false,31,[[2,-653,[126],127]],[0,"fcmAM7A4xLD65kcNtWOu1l",1],[5,74,68],[0,0,0,0,0,0,1,0.5,0.5,1]],[6,"coin_1",32,[[2,-654,[128],129]],[0,"057bWjLI9H7Jb5GhLYl0za",1],[5,60,68],[0,0,0,0,0,0,1,0.5,0.5,1]],[1,"coin_2",false,32,[[2,-655,[130],131]],[0,"7et9OGwX5PYqPpPQq8qbWU",1],[5,53,80],[0,0,0,0,0,0,1,0.5,0.5,1]],[1,"coin_3",false,32,[[2,-656,[132],133]],[0,"bfATv4dDVOrIZY2gDgUXhN",1],[5,74,68],[0,0,0,0,0,0,1,0.5,0.5,1]],[13,"lab_rank1",false,6,[[5,"1",34,34,false,1,1,1,-657,[164],165]],[0,"05N7s0WpNNO7JnYeLeHGHh",1],[4,4289196029],[5,20.37,42.84],[0,0,0.5],[-312.353,337,0,0,0,0,1,1,1,1]],[13,"lab_rank2",false,6,[[5,"2",34,34,false,1,1,1,-658,[166],167]],[0,"58repttwBIur2qm3lnMATI",1],[4,4293115574],[5,20.37,42.84],[0,0,0.5],[-312.353,253,0,0,0,0,1,1,1,1]],[13,"lab_rank3",false,6,[[5,"3",34,34,false,1,1,1,-659,[168],169]],[0,"15v/dKH5NFNZbkrRgIKTDz",1],[4,4289186301],[5,21.66,42.84],[0,0,0.5],[-312.353,169,0,0,0,0,1,1,1,1]],[13,"lab_rank4",false,6,[[5,"4",34,34,false,1,1,1,-660,[170],171]],[0,"c24f2MLCpIEa98rXpDCmvS",1],[4,4290032812],[5,23.19,42.84],[0,0,0.5],[-312.353,85,0,0,0,0,1,1,1,1]],[13,"lab_rank5",false,6,[[5,"5",34,34,false,1,1,1,-661,[172],173]],[0,"f6bOMwqflIMb7v83pkckmu",1],[4,4290032812],[5,21.15,42.84],[0,0,0.5],[-312.353,1,0,0,0,0,1,1,1,1]],[13,"lab_rank6",false,6,[[5,"6",34,34,false,1,1,1,-662,[174],175]],[0,"b9eQL28XtGlJ7JXGAfF4/h",1],[4,4290032812],[5,22.03,42.84],[0,0,0.5],[-312.353,-83,0,0,0,0,1,1,1,1]],[13,"lab_rank7",false,6,[[5,"7",34,34,false,1,1,1,-663,[176],177]],[0,"3aOC1KcdZENYKdjpW0CVsJ",1],[4,4290032812],[5,20.47,42.84],[0,0,0.5],[-312.353,-167,0,0,0,0,1,1,1,1]],[13,"lab_rank8",false,6,[[5,"8",34,34,false,1,1,1,-664,[178],179]],[0,"a5mkyW23JLHqfO4ta6fw77",1],[4,4290032812],[5,22.75,42.84],[0,0,0.5],[-312.353,-251,0,0,0,0,1,1,1,1]],[13,"lab_rank9",false,6,[[5,"9",34,34,false,1,1,1,-665,[180],181]],[0,"a6kbd8uLJGJbWg/HlYugu2",1],[4,4290032812],[5,21.93,42.84],[0,0,0.5],[-312.353,-335,0,0,0,0,1,1,1,1]],[13,"lab_rank10",false,6,[[5,"10",34,34,false,1,1,1,-666,[182],183]],[0,"8fgqYsJnlJsLniKimSq+n7",1],[4,4290032812],[5,43.59,42.84],[0,0,0.5],[-312.353,-419,0,0,0,0,1,1,1,1]],[1,"fengexian1",false,18,[[10,0,-667,[207],208]],[0,"0dAf5cHr5JWaJRgos2RKkd",1],[5,632,3],[0,376.5,0,0,0,0,1,1,1,1]],[1,"fengexian2",false,18,[[10,0,-668,[209],210]],[0,"ceutj41ldLvpBnFOojF2C6",1],[5,632,3],[0,292.5,0,0,0,0,1,1,1,1]],[1,"fengexian3",false,18,[[10,0,-669,[211],212]],[0,"48WMLsYWRDd4cO9poeHHl6",1],[5,632,3],[0,208.5,0,0,0,0,1,1,1,1]],[1,"fengexian4",false,18,[[10,0,-670,[213],214]],[0,"9fR0Pvl+dCJbZthKAuOsMP",1],[5,632,3],[0,124.5,0,0,0,0,1,1,1,1]],[1,"fengexian5",false,18,[[10,0,-671,[215],216]],[0,"7acVDKxztA榴莲oqAldaCAxX",1],[5,632,3],[0,40.5,0,0,0,0,1,1,1,1]],[1,"fengexian6",false,18,[[10,0,-672,[217],218]],[0,"e5xl1gHLNIT5ljBOYHCPd3",1],[5,632,3],[0,-43.5,0,0,0,0,1,1,1,1]],[1,"fengexian7",false,18,[[10,0,-673,[219],220]],[0,"5dIX8Hq1BKoYGf6qiKtVOS",1],[5,632,3],[0,-127.5,0,0,0,0,1,1,1,1]],[1,"fengexian8",false,18,[[10,0,-674,[221],222]],[0,"b5uQfYOEhLPpmavXGCOwLu",1],[5,632,3],[0,-211.5,0,0,0,0,1,1,1,1]],[1,"fengexian9",false,18,[[10,0,-675,[223],224]],[0,"16nXFb0v9Fj4TQep0wCa0d",1],[5,632,3],[0,-295.5,0,0,0,0,1,1,1,1]],[1,"fengexian10",false,18,[[10,0,-676,[225],226]],[0,"79mwFksbRMUoFkzN5sb2QI",1],[5,632,3],[0,-379.5,0,0,0,0,1,1,1,1]],[6,"coin_1",33,[[2,-677,[247],248]],[0,"3d0+I7fRlL35v95Lj6LaoI",1],[5,60,68],[0,0,0,0,0,0,1,0.5,0.5,1]],[1,"coin_2",false,33,[[2,-678,[249],250]],[0,"7dkstVHSFKi4JtcHlZDBWy",1],[5,53,80],[0,0,0,0,0,0,1,0.5,0.5,1]],[1,"coin_3",false,33,[[2,-679,[251],252]],[0,"6atmhn+U9Do746mpxq36on",1],[5,74,68],[0,0,0,0,0,0,1,0.5,0.5,1]],[6,"coin_1",34,[[2,-680,[253],254]],[0,"07g1kRzdJJ4Y5CYiIIgvRu",1],[5,60,68],[0,0,0,0,0,0,1,0.5,0.5,1]],[1,"coin_2",false,34,[[2,-681,[255],256]],[0,"51FvbXvBFBkp/T8CFaF37V",1],[5,53,80],[0,0,0,0,0,0,1,0.5,0.5,1]],[1,"coin_3",false,34,[[2,-682,[257],258]],[0,"9fSK1BptRGILZLfOHwhiYb",1],[5,74,68],[0,0,0,0,0,0,1,0.5,0.5,1]],[6,"coin_1",35,[[2,-683,[259],260]],[0,"fd9LsabCdJeLKKYm2bscNL",1],[5,60,68],[0,0,0,0,0,0,1,0.5,0.5,1]],[1,"coin_2",false,35,[[2,-684,[261],262]],[0,"acIXF9hoFMB77fpIG3/PUh",1],[5,53,80],[0,0,0,0,0,0,1,0.5,0.5,1]],[1,"coin_3",false,35,[[2,-685,[263],264]],[0,"8ae81GSXtJN7aiK3TUHO4G",1],[5,74,68],[0,0,0,0,0,0,1,0.5,0.5,1]],[6,"coin_1",36,[[2,-686,[265],266]],[0,"a7eIeB/FZLYbkSmtWU4k12",1],[5,60,68],[0,0,0,0,0,0,1,0.5,0.5,1]],[1,"coin_2",false,36,[[2,-687,[267],268]],[0,"88LxKMY0JGXo7s6jss7Tdp",1],[5,53,80],[0,0,0,0,0,0,1,0.5,0.5,1]],[1,"coin_3",false,36,[[2,-688,[269],270]],[0,"4f7CuQ4hhJvqkNRtAzAT8P",1],[5,74,68],[0,0,0,0,0,0,1,0.5,0.5,1]],[6,"coin_1",37,[[2,-689,[271],272]],[0,"40j5xTsDFBDZbilSatmw1f",1],[5,60,68],[0,0,0,0,0,0,1,0.5,0.5,1]],[1,"coin_2",false,37,[[2,-690,[273],274]],[0,"e8E0SkEqxCRKx3J/a3DF/x",1],[5,53,80],[0,0,0,0,0,0,1,0.5,0.5,1]],[1,"coin_3",false,37,[[2,-691,[275],276]],[0,"9f3Wq2+U5EEbj1ibd6lN1g",1],[5,74,68],[0,0,0,0,0,0,1,0.5,0.5,1]],[6,"coin_1",38,[[2,-692,[277],278]],[0,"22/JgKL/xKvKIED2RZp//O",1],[5,60,68],[0,0,0,0,0,0,1,0.5,0.5,1]],[1,"coin_2",false,38,[[2,-693,[279],280]],[0,"badnGj3S5NFa38SP3SjVIj",1],[5,53,80],[0,0,0,0,0,0,1,0.5,0.5,1]],[1,"coin_3",false,38,[[2,-694,[281],282]],[0,"f5oik2xglBar4lHgatxexs",1],[5,74,68],[0,0,0,0,0,0,1,0.5,0.5,1]],[6,"coin_1",39,[[2,-695,[283],284]],[0,"e12jKvnhBOYLVjszLg4yOj",1],[5,60,68],[0,0,0,0,0,0,1,0.5,0.5,1]],[1,"coin_2",false,39,[[2,-696,[285],286]],[0,"0aQVqk7EJB87dExleD9sYT",1],[5,53,80],[0,0,0,0,0,0,1,0.5,0.5,1]],[1,"coin_3",false,39,[[2,-697,[287],288]],[0,"f1opNSAdpDsZFbiwPInr3V",1],[5,74,68],[0,0,0,0,0,0,1,0.5,0.5,1]],[6,"coin_1",40,[[2,-698,[289],290]],[0,"bfJeutW5tB8Kb5GI874P58",1],[5,60,68],[0,0,0,0,0,0,1,0.5,0.5,1]],[1,"coin_2",false,40,[[2,-699,[291],292]],[0,"75iYfNZ4tEIJULRhp2cUBz",1],[5,53,80],[0,0,0,0,0,0,1,0.5,0.5,1]],[1,"coin_3",false,40,[[2,-700,[293],294]],[0,"8dbZenc3JMm6xRQXhN7Dsm",1],[5,74,68],[0,0,0,0,0,0,1,0.5,0.5,1]],[6,"coin_1",41,[[2,-701,[295],296]],[0,"f03V5DIlVGp70HyQioyxAs",1],[5,60,68],[0,0,0,0,0,0,1,0.5,0.5,1]],[1,"coin_2",false,41,[[2,-702,[297],298]],[0,"4arwVMSYZL0pa1qfcOkxsZ",1],[5,53,80],[0,0,0,0,0,0,1,0.5,0.5,1]],[1,"coin_3",false,41,[[2,-703,[299],300]],[0,"78LpTP2oNOcrpLGE7iKshD",1],[5,74,68],[0,0,0,0,0,0,1,0.5,0.5,1]],[6,"coin_1",42,[[2,-704,[301],302]],[0,"16RqV4E6BEhphq+ks1dU1L",1],[5,60,68],[0,0,0,0,0,0,1,0.5,0.5,1]],[1,"coin_2",false,42,[[2,-705,[303],304]],[0,"2cnb3EQNpMl6pR31tfNV2F",1],[5,53,80],[0,0,0,0,0,0,1,0.5,0.5,1]],[1,"coin_3",false,42,[[2,-706,[305],306]],[0,"8cdX8qVldAA5jFULFjZrg4",1],[5,74,68],[0,0,0,0,0,0,1,0.5,0.5,1]],[13,"lab_rank1",false,12,[[5,"1",34,34,false,1,1,1,-707,[337],338]],[0,"9d0Txqb1JLwZ8PnbkmXEUT",1],[4,4289196029],[5,20.37,42.84],[0,0,0.5],[-312.353,337,0,0,0,0,1,1,1,1]],[13,"lab_rank2",false,12,[[5,"2",34,34,false,1,1,1,-708,[339],340]],[0,"d0FY3gz8NNfqi0pit9bgR3",1],[4,4293115574],[5,20.37,42.84],[0,0,0.5],[-312.353,253,0,0,0,0,1,1,1,1]],[13,"lab_rank3",false,12,[[5,"3",34,34,false,1,1,1,-709,[341],342]],[0,"94S0BP6LxD9ojH7eVg65Yh",1],[4,4289186301],[5,21.66,42.84],[0,0,0.5],[-312.353,169,0,0,0,0,1,1,1,1]],[13,"lab_rank4",false,12,[[5,"4",34,34,false,1,1,1,-710,[343],344]],[0,"28zMLO1XJG6JI0wQZd0hZR",1],[4,4290032812],[5,23.19,42.84],[0,0,0.5],[-312.353,85,0,0,0,0,1,1,1,1]],[13,"lab_rank5",false,12,[[5,"5",34,34,false,1,1,1,-711,[345],346]],[0,"02XJhV6J9A5pnCwso5kdYT",1],[4,4290032812],[5,21.15,42.84],[0,0,0.5],[-312.353,1,0,0,0,0,1,1,1,1]],[13,"lab_rank6",false,12,[[5,"6",34,34,false,1,1,1,-712,[347],348]],[0,"1bVBLSWNBDU73T2ItlKybA",1],[4,4290032812],[5,22.03,42.84],[0,0,0.5],[-312.353,-83,0,0,0,0,1,1,1,1]],[13,"lab_rank7",false,12,[[5,"7",34,34,false,1,1,1,-713,[349],350]],[0,"84t89yhrZDbLbZksgbbvrt",1],[4,4290032812],[5,20.47,42.84],[0,0,0.5],[-312.353,-167,0,0,0,0,1,1,1,1]],[13,"lab_rank8",false,12,[[5,"8",34,34,false,1,1,1,-714,[351],352]],[0,"4aMwRQ/JtNYbHdV9Er7zjn",1],[4,4290032812],[5,22.75,42.84],[0,0,0.5],[-312.353,-251,0,0,0,0,1,1,1,1]],[13,"lab_rank9",false,12,[[5,"9",34,34,false,1,1,1,-715,[353],354]],[0,"8f0mAEKw1IprlLxSe8r19t",1],[4,4290032812],[5,21.93,42.84],[0,0,0.5],[-312.353,-335,0,0,0,0,1,1,1,1]],[13,"lab_rank10",false,12,[[5,"10",34,34,false,1,1,1,-716,[355],356]],[0,"9d2ZK6BYhPBYXkjs1Hj2h0",1],[4,4290032812],[5,43.59,42.84],[0,0,0.5],[-312.353,-419,0,0,0,0,1,1,1,1]],[61,"indicator",20,[[90,1,0,-717,52,97,[98,55],[5,100,100]]],[0,"3b3o7ANRVJdpheR5Nr2qbW",1],[0,545.583,0,0,0,0,1,1,1,1]],[18,"tit_lab",45,[[30,"權益說明",45,1,1,"BENEFITS_DESC",-718,[386]]],[0,"05SFIPVahMKZfvPpaYHzAR",1],[5,180,50.4],[0,0,0.5],[-300,418.754,0,0,0,0,1,1,1,1]],[18,"tit_1",79,[[30,"上週榜第1名",28,1,1,"LAST_WEEK_TOP1",-719,[387]]],[0,"9ctw/WP9BOxIlrkIaE4NKT",1],[5,155.57,50.4],[0,0,0.5],[-112,0,0,0,0,0,1,1,1,1]],[18,"cont",79,[[38,"專屬黃金角色套裝,失敗時減少\n15%榴莲損失.",28,1,2,"TOP1_DESC",-720,[388]]],[0,"bb/GbGC8VBsa4cE0cB2lba",1],[5,531.11,90.4],[0,0,0.5],[-112,-74,0,0,0,0,1,1,1,1]],[6,"first",79,[[2,-721,[389],390]],[0,"82bB2e87FF767UV85ePn0g",1],[5,119,193],[-186.575,-47.577,0,0,0,0,1,0.7,0.7,1]],[18,"tit_1",80,[[30,"上週榜第2名",28,1,1,"LAST_WEEK_TOP2",-722,[391]]],[0,"44YtyNoD5Ea40lYY1Lu4/+",1],[5,155.57,50.4],[0,0,0.5],[-112,0,0,0,0,0,1,1,1,1]],[18,"cont",80,[[38,"專屬白銀角色套裝,失敗時減少\n10%榴莲損失.",28,1,2,"TOP2_DESC",-723,[392]]],[0,"fa7B89HopP6rwEwAeoiwAY",1],[5,531.11,90.4],[0,0,0.5],[-112,-74,0,0,0,0,1,1,1,1]],[6,"first",80,[[2,-724,[393],394]],[0,"113HKYlItM8ZLvJpWsT3UM",1],[5,119,193],[-186.575,-47.577,0,0,0,0,1,0.7,0.7,1]],[18,"tit_1",81,[[30,"上週榜第3名",28,1,1,"LAST_WEEK_TOP3",-725,[395]]],[0,"4bZVnpZjtA4qxdVPg6gyQZ",1],[5,155.57,50.4],[0,0,0.5],[-112,0,0,0,0,0,1,1,1,1]],[18,"cont",81,[[38,"專屬黃銅角色套裝,失敗時減少\n5%榴莲損失.",28,1,2,"TOP3_DESC",-726,[396]]],[0,"12xkCKzrNMEJqZIvLBbueR",1],[5,531.11,90.4],[0,0,0.5],[-112,-74,0,0,0,0,1,1,1,1]],[6,"first",81,[[2,-727,[397],398]],[0,"63v1FhBElK5aye5pwaX52B",1],[5,119,193],[-186.575,-39.577,0,0,0,0,1,0.7,0.7,1]],[22,"font_pifu_1",46,[[8,"专属黄金版角色皮肤，被杀时减少",20,20,false,1,1,-728,[399],400]],[0,"7auRidzG5IOKS1IoQjS9Be",1],[4,4293589503],[5,295.2,25.2],[147.6,0,0,0,0,0,1,1,1,1]],[21,"lab_jianshou_1",46,[-729],[0,"b5SskrXoVMe4yNrqj6/VA1",1],[4,4286628319],[5,80.03,25.2],[335.215,0,0,0,0,0,1,1,1,1]],[19,"减少15%",20,20,1,1,289,[401]],[21,"lab_coin_name_1",46,[-730],[0,"a22zIxN51LD6iV2B8YmpP+",1],[4,4293589503],[5,80,25.2],[415.22999999999996,0,0,0,0,0,1,1,1,1]],[19,"损失原石",20,20,1,1,291,[402]],[22,"font_pifu_2",47,[[8,"专属银版角色皮肤，被杀时减少",20,20,false,1,1,-731,[403],404]],[0,"b4nsJdh/pECq29jtyY7bCR",1],[4,4293589503],[5,275.52,25.2],[137.76,0,0,0,0,0,1,1,1,1]],[21,"lab_jianshou_2",47,[-732],[0,"68k7urW9FB6KcEJB4n43/Q",1],[4,4286628319],[5,78.78,25.2],[314.90999999999997,0,0,0,0,0,1,1,1,1]],[19,"减少15%",20,20,1,1,294,[405]],[21,"lab_coin_name_2",47,[-733],[0,"0e/HfNzc1IILMBKOY28gYr",1],[4,4293589503],[5,111.34,25.2],[409.96999999999997,0,0,0,0,0,1,1,1,1]],[19,"损失原石",20,20,1,1,296,[406]],[22,"font_pifu_3",48,[[8,"专属铜版角色皮肤，被杀时减少",20,20,false,1,1,-734,[407],408]],[0,"613E8jL8lD4bCQqD7cM+sn",1],[4,4293589503],[5,275.52,25.2],[137.76,0,0,0,0,0,1,1,1,1]],[21,"lab_jianshou_3",48,[-735],[0,"8cpxx6Vb5MYZXnuiEX5RH5",1],[4,4286628319],[5,67.28,25.2],[309.15999999999997,0,0,0,0,0,1,1,1,1]],[19,"减少15%",20,20,1,1,299,[409]],[21,"lab_coin_name_3",48,[-736],[0,"14kB3jlRhE7ql1CJ/wptib",1],[4,4293589503],[5,111.34,25.2],[398.46999999999997,0,0,0,0,0,1,1,1,1]],[19,"损失原石",20,20,1,1,301,[410]],[23,"spr_back",82,[[2,-737,[411],412]],[0,"49W2e9SLNCwpJfNW1itGOX",1],[5,46,44]],[23,"coin_1",49,[[2,-738,[418],419]],[0,"457SIq0hFA340u3lDCuzPz",1],[5,40,42]],[26,"coin_2",false,49,[[2,-739,[420],421]],[0,"09N+XQUqZCYr4X/4xxjUZu",1],[5,53,80]],[26,"coin_3",false,49,[[2,-740,[422],423]],[0,"deSq5BoQFBVZoST5b8PrjR",1],[5,74,68]]],0,[0,7,1,0,0,1,0,0,1,0,0,1,0,-1,85,0,-2,54,0,-3,82,0,-4,19,0,-5,14,0,-6,51,0,-7,43,0,-8,15,0,-9,17,0,0,2,0,-1,57,0,-2,58,0,-3,59,0,-4,60,0,-5,61,0,-6,62,0,-7,63,0,-8,64,0,-9,65,0,-10,66,0,0,3,0,-1,23,0,-2,24,0,-3,25,0,-4,26,0,-5,27,0,-6,28,0,-7,29,0,-8,30,0,-9,31,0,-10,32,0,0,4,0,-1,101,0,-2,102,0,-3,103,0,-4,104,0,-5,105,0,-6,106,0,-7,107,0,-8,108,0,-9,109,0,-10,110,0,0,5,0,-1,111,0,-2,112,0,-3,113,0,-4,114,0,-5,115,0,-6,116,0,-7,117,0,-8,118,0,-9,119,0,-10,120,0,0,6,0,-1,217,0,-2,218,0,-3,219,0,-4,220,0,-5,221,0,-6,222,0,-7,223,0,-8,224,0,-9,225,0,-10,226,0,0,7,0,-1,121,0,-2,122,0,-3,123,0,-4,124,0,-5,125,0,-6,126,0,-7,127,0,-8,128,0,-9,129,0,-10,130,0,0,8,0,-1,67,0,-2,68,0,-3,69,0,-4,70,0,-5,71,0,-6,72,0,-7,73,0,-8,74,0,-9,75,0,-10,76,0,0,9,0,-1,33,0,-2,34,0,-3,35,0,-4,36,0,-5,37,0,-6,38,0,-7,39,0,-8,40,0,-9,41,0,-10,42,0,0,10,0,-1,131,0,-2,132,0,-3,133,0,-4,134,0,-5,135,0,-6,136,0,-7,137,0,-8,138,0,-9,139,0,-10,140,0,0,11,0,-1,141,0,-2,142,0,-3,143,0,-4,144,0,-5,145,0,-6,146,0,-7,147,0,-8,148,0,-9,149,0,-10,150,0,0,12,0,-1,267,0,-2,268,0,-3,269,0,-4,270,0,-5,271,0,-6,272,0,-7,273,0,-8,274,0,-9,275,0,-10,276,0,0,13,0,-1,151,0,-2,152,0,-3,153,0,-4,154,0,-5,155,0,-6,156,0,-7,157,0,-8,158,0,-9,159,0,-10,160,0,8,166,0,9,172,0,10,170,0,11,168,0,0,14,0,-1,21,0,-2,90,0,-3,91,0,-4,93,0,-5,95,0,-6,173,0,-7,174,0,-8,175,0,0,15,0,0,15,0,-1,16,0,-1,177,0,-2,178,0,-3,179,0,-4,180,0,-5,181,0,-6,182,0,-7,183,0,-8,184,0,-9,185,0,-10,186,0,0,17,0,0,17,0,-1,18,0,-1,227,0,-2,228,0,-3,229,0,-4,230,0,-5,231,0,-6,232,0,-7,233,0,-8,234,0,-9,235,0,-10,236,0,0,19,0,0,19,0,-1,164,0,-2,83,0,-3,165,0,-4,84,0,-5,49,0,0,20,0,0,20,0,-1,52,0,-2,277,0,-3,161,0,-4,77,0,0,21,0,3,21,0,-2,87,0,-3,88,0,-4,89,0,0,22,0,0,22,0,-1,97,0,-2,98,0,-3,55,0,0,23,0,3,23,0,-2,187,0,-3,188,0,-4,189,0,0,24,0,3,24,0,-2,190,0,-3,191,0,-4,192,0,0,25,0,3,25,0,-2,193,0,-3,194,0,-4,195,0,0,26,0,3,26,0,-2,196,0,-3,197,0,-4,198,0,0,27,0,3,27,0,-2,199,0,-3,200,0,-4,201,0,0,28,0,3,28,0,-2,202,0,-3,203,0,-4,204,0,0,29,0,3,29,0,-2,205,0,-3,206,0,-4,207,0,0,30,0,3,30,0,-2,208,0,-3,209,0,-4,210,0,0,31,0,3,31,0,-2,211,0,-3,212,0,-4,213,0,0,32,0,3,32,0,-2,214,0,-3,215,0,-4,216,0,0,33,0,3,33,0,-2,237,0,-3,238,0,-4,239,0,0,34,0,3,34,0,-2,240,0,-3,241,0,-4,242,0,0,35,0,3,35,0,-2,243,0,-3,244,0,-4,245,0,0,36,0,3,36,0,-2,246,0,-3,247,0,-4,248,0,0,37,0,3,37,0,-2,249,0,-3,250,0,-4,251,0,0,38,0,3,38,0,-2,252,0,-3,253,0,-4,254,0,0,39,0,3,39,0,-2,255,0,-3,256,0,-4,257,0,0,40,0,3,40,0,-2,258,0,-3,259,0,-4,260,0,0,41,0,3,41,0,-2,261,0,-3,262,0,-4,263,0,0,42,0,3,42,0,-2,264,0,-3,265,0,-4,266,0,0,43,0,-1,292,0,-2,297,0,-3,302,0,-1,290,0,-2,295,0,-3,300,0,12,44,0,13,78,0,0,43,0,-1,78,0,-2,44,0,-1,45,0,-2,46,0,-3,47,0,-4,48,0,0,45,0,-1,278,0,-2,79,0,-3,80,0,-4,81,0,0,46,0,0,46,0,-1,288,0,-2,289,0,-3,291,0,0,47,0,0,47,0,-1,293,0,-2,294,0,-3,296,0,0,48,0,0,48,0,-1,298,0,-2,299,0,-3,301,0,0,49,0,3,49,0,-2,304,0,-3,305,0,-4,306,0,0,50,0,0,50,0,-1,86,0,14,77,0,0,51,0,0,52,0,5,176,0,15,53,0,0,52,0,-1,53,0,0,53,0,0,53,0,-1,176,0,0,54,0,5,86,0,0,54,0,-1,100,0,-2,56,0,0,56,0,0,56,0,0,56,0,0,57,0,0,57,0,0,57,0,0,58,0,0,58,0,0,58,0,0,59,0,0,59,0,0,59,0,0,60,0,0,60,0,0,60,0,0,61,0,0,61,0,0,61,0,0,62,0,0,62,0,0,62,0,0,63,0,0,63,0,0,63,0,0,64,0,0,64,0,0,64,0,0,65,0,0,65,0,0,65,0,0,66,0,0,66,0,0,66,0,0,67,0,0,67,0,0,67,0,0,68,0,0,68,0,0,68,0,0,69,0,0,69,0,0,69,0,0,70,0,0,70,0,0,70,0,0,71,0,0,71,0,0,71,0,0,72,0,0,72,0,0,72,0,0,73,0,0,73,0,0,73,0,0,74,0,0,74,0,0,74,0,0,75,0,0,75,0,0,75,0,0,76,0,0,76,0,0,76,0,0,77,0,0,77,0,-1,162,0,-2,163,0,-1,279,0,-2,280,0,-3,281,0,-1,282,0,-2,283,0,-3,284,0,-1,285,0,-2,286,0,-3,287,0,0,82,0,0,82,0,-1,303,0,0,83,0,0,83,0,0,83,0,0,84,0,0,84,0,0,84,0,0,85,0,0,85,0,0,86,0,0,87,0,0,87,0,0,88,0,0,88,0,0,89,0,0,89,0,0,90,0,-2,166,0,-1,167,0,-2,92,0,0,92,0,-2,168,0,-1,169,0,-2,94,0,0,94,0,-2,170,0,-1,171,0,-2,96,0,0,96,0,-2,172,0,0,97,0,-1,99,0,0,99,0,0,99,0,0,100,0,0,100,0,0,101,0,0,101,0,0,102,0,0,102,0,0,103,0,0,103,0,0,104,0,0,104,0,0,105,0,0,105,0,0,106,0,0,106,0,0,107,0,0,107,0,0,108,0,0,108,0,0,109,0,0,109,0,0,110,0,0,110,0,0,111,0,0,111,0,0,112,0,0,112,0,0,113,0,0,113,0,0,114,0,0,114,0,0,115,0,0,115,0,0,116,0,0,116,0,0,117,0,0,117,0,0,118,0,0,118,0,0,119,0,0,119,0,0,120,0,0,120,0,0,121,0,0,121,0,0,122,0,0,122,0,0,123,0,0,123,0,0,124,0,0,124,0,0,125,0,0,125,0,0,126,0,0,126,0,0,127,0,0,127,0,0,128,0,0,128,0,0,129,0,0,129,0,0,130,0,0,130,0,0,131,0,0,131,0,0,132,0,0,132,0,0,133,0,0,133,0,0,134,0,0,134,0,0,135,0,0,135,0,0,136,0,0,136,0,0,137,0,0,137,0,0,138,0,0,138,0,0,139,0,0,139,0,0,140,0,0,140,0,0,141,0,0,141,0,0,142,0,0,142,0,0,143,0,0,143,0,0,144,0,0,144,0,0,145,0,0,145,0,0,146,0,0,146,0,0,147,0,0,147,0,0,148,0,0,148,0,0,149,0,0,149,0,0,150,0,0,150,0,0,151,0,0,151,0,0,152,0,0,152,0,0,153,0,0,153,0,0,154,0,0,154,0,0,155,0,0,155,0,0,156,0,0,156,0,0,157,0,0,157,0,0,158,0,0,158,0,0,159,0,0,159,0,0,160,0,0,160,0,0,161,0,0,161,0,0,162,0,0,162,0,0,163,0,0,163,0,0,164,0,0,164,0,0,165,0,0,165,0,0,167,0,0,169,0,0,171,0,0,173,0,0,174,0,0,175,0,0,177,0,0,178,0,0,179,0,0,180,0,0,181,0,0,182,0,0,183,0,0,184,0,0,185,0,0,186,0,0,187,0,0,188,0,0,189,0,0,190,0,0,191,0,0,192,0,0,193,0,0,194,0,0,195,0,0,196,0,0,197,0,0,198,0,0,199,0,0,200,0,0,201,0,0,202,0,0,203,0,0,204,0,0,205,0,0,206,0,0,207,0,0,208,0,0,209,0,0,210,0,0,211,0,0,212,0,0,213,0,0,214,0,0,215,0,0,216,0,0,217,0,0,218,0,0,219,0,0,220,0,0,221,0,0,222,0,0,223,0,0,224,0,0,225,0,0,226,0,0,227,0,0,228,0,0,229,0,0,230,0,0,231,0,0,232,0,0,233,0,0,234,0,0,235,0,0,236,0,0,237,0,0,238,0,0,239,0,0,240,0,0,241,0,0,242,0,0,243,0,0,244,0,0,245,0,0,246,0,0,247,0,0,248,0,0,249,0,0,250,0,0,251,0,0,252,0,0,253,0,0,254,0,0,255,0,0,256,0,0,257,0,0,258,0,0,259,0,0,260,0,0,261,0,0,262,0,0,263,0,0,264,0,0,265,0,0,266,0,0,267,0,0,268,0,0,269,0,0,270,0,0,271,0,0,272,0,0,273,0,0,274,0,0,275,0,0,276,0,0,277,0,0,278,0,0,279,0,0,280,0,0,281,0,0,282,0,0,283,0,0,284,0,0,285,0,0,286,0,0,287,0,0,288,0,-1,290,0,-1,292,0,0,293,0,-1,295,0,-1,297,0,0,298,0,-1,300,0,-1,302,0,0,303,0,0,304,0,0,305,0,0,306,0,16,1,2,3,15,3,3,15,4,3,15,5,3,15,6,3,15,7,3,15,8,3,17,9,3,17,10,3,17,11,3,17,12,3,17,13,3,17,20,3,51,22,3,51,50,3,54,740],[0,0,0,0,0,0,0,0,0,0,0,0,0,0,0,0,0,0,0,0,0,0,0,0,0,0,0,0,0,0,0,0,0,0,0,0,0,0,0,0,0,0,0,0,0,0,0,0,0,0,0,0,0,0,0,0,0,0,0,0,0,0,0,0,0,0,0,0,0,0,0,0,0,0,0,0,0,0,0,0,0,0,0,0,0,0,0,0,0,0,0,0,0,0,0,0,0,0,0,0,0,0,0,0,0,0,0,0,0,0,0,0,0,0,0,0,0,0,0,0,0,0,0,0,0,0,0,0,0,0,0,0,0,0,0,0,0,0,0,0,0,0,0,0,0,0,0,0,0,0,0,0,0,0,0,0,0,0,0,0,0,0,0,0,0,0,0,0,0,0,0,0,0,0,0,0,0,0,0,0,0,0,0,0,0,0,0,0,0,0,0,0,0,0,0,0,0,0,0,0,0,0,0,0,0,0,0,0,0,0,0,0,0,0,0,0,0,0,0,0,0,0,0,0,0,0,0,0,0,0,0,0,0,0,0,0,0,0,0,0,0,0,0,0,0,0,0,0,0,0,0,0,0,0,0,0,0,0,0,0,0,0,0,0,0,0,0,0,0,0,0,0,0,0,0,0,0,0,0,0,0,0,0,0,0,0,0,0,0,0,0,0,0,0,0,0,0,0,0,0,0,0,0,0,0,0,0,0,0,0,0,0,0,0,0,0,0,0,0,0,0,0,0,0,0,0,0,0,0,0,0,0,0,0,0,0,0,0,0,0,0,0,0,0,0,0,0,0,0,0,0,0,0,0,0,0,0,0,0,0,0,0,0,0,0,0,0,0,0,0,0,0,0,0,0,0,0,0,0,0,0,0,0,0,0,0,0,0,0,0,0,0,0,0,0,0,0,0,0,0,0,0,0,0,0,0,0,0,0,0,0,0,0,0,0,0,0,0,0,0,0,0,0,0,0,0],[-1,1,-1,-1,1,-1,1,-1,1,-1,-1,1,-1,-1,1,-1,-1,1,-1,-1,1,-1,1,-1,1,-1,1,-1,-1,-1,1,-1,1,-1,-1,1,-1,1,-1,1,-1,1,-1,1,-1,1,-1,1,-1,1,-1,1,-1,1,-1,1,-1,1,-1,1,-1,1,-1,1,-1,1,-1,1,-1,1,-1,1,-1,1,-1,1,-1,1,-1,1,-1,1,-1,1,-1,1,-1,1,-1,1,-1,1,-1,1,-1,1,-1,1,-1,1,-1,1,-1,1,-1,1,-1,1,-1,1,-1,1,-1,1,-1,1,-1,1,-1,1,-1,1,-1,1,-1,1,-1,1,-1,1,-1,1,-1,1,-1,-1,-1,-1,-1,-1,-1,-1,-1,-1,-1,2,-1,2,-1,2,-1,2,-1,2,-1,2,-1,2,-1,2,-1,2,-1,2,-1,2,-1,2,-1,2,-1,2,-1,2,-1,2,-1,2,-1,2,-1,2,-1,2,-1,2,-1,2,-1,2,-1,2,-1,2,-1,2,-1,2,-1,2,-1,2,-1,2,-1,1,6,-1,1,-1,1,-1,1,-1,1,-1,1,-1,1,-1,1,-1,1,-1,1,-1,1,-1,1,-1,1,-1,1,-1,1,-1,1,-1,1,-1,1,-1,1,-1,1,-1,1,-1,1,-1,1,-1,1,-1,1,-1,1,-1,1,-1,1,-1,1,-1,1,-1,1,-1,1,-1,1,-1,1,-1,1,-1,1,-1,1,-1,1,-1,1,-1,1,-1,1,-1,1,-1,1,-1,1,-1,1,-1,1,-1,1,-1,1,-1,1,-1,1,-1,1,-1,-1,-1,-1,-1,-1,-1,-1,-1,-1,-1,2,-1,2,-1,2,-1,2,-1,2,-1,2,-1,2,-1,2,-1,2,-1,2,-1,2,-1,2,-1,2,-1,2,-1,2,-1,2,-1,2,-1,2,-1,2,-1,2,-1,2,-1,2,-1,2,-1,2,-1,2,-1,2,-1,2,-1,2,-1,2,-1,2,-1,1,6,-1,-1,-1,1,-1,-1,-1,-1,-1,-1,1,-1,-1,-1,1,-1,-1,-1,1,-1,2,-1,-1,-1,2,-1,-1,-1,2,-1,-1,-1,1,-1,-1,-1,-1,2,-1,1,-1,1,-1,1,-1,1],[0,19,0,0,9,0,9,0,9,0,0,10,0,0,10,0,0,10,0,0,11,0,12,0,13,0,20,0,0,0,21,0,22,0,0,6,0,6,0,6,0,6,0,6,0,6,0,6,0,6,0,6,0,6,0,7,0,7,0,7,0,7,0,7,0,7,0,7,0,7,0,7,0,7,0,2,0,3,0,4,0,2,0,3,0,4,0,2,0,3,0,4,0,2,0,3,0,4,0,2,0,3,0,4,0,2,0,3,0,4,0,2,0,3,0,4,0,2,0,3,0,4,0,2,0,3,0,4,0,2,0,3,0,4,0,0,0,0,0,0,0,0,0,0,0,1,0,1,0,1,0,1,0,1,0,1,0,1,0,1,0,1,0,1,0,5,0,5,0,5,0,5,0,5,0,5,0,5,0,5,0,5,0,5,0,1,0,1,0,1,0,1,0,1,0,1,0,1,0,1,0,1,0,1,0,14,15,0,6,0,6,0,6,0,6,0,6,0,6,0,6,0,6,0,6,0,6,0,7,0,7,0,7,0,7,0,7,0,7,0,7,0,7,0,7,0,7,0,2,0,3,0,4,0,2,0,3,0,4,0,2,0,3,0,4,0,2,0,3,0,4,0,2,0,3,0,4,0,2,0,3,0,4,0,2,0,3,0,4,0,2,0,3,0,4,0,2,0,3,0,4,0,2,0,3,0,4,0,0,0,0,0,0,0,0,0,0,0,1,0,1,0,1,0,1,0,1,0,1,0,1,0,1,0,1,0,1,0,5,0,5,0,5,0,5,0,5,0,5,0,5,0,5,0,5,0,5,0,1,0,1,0,1,0,1,0,1,0,1,0,1,0,1,0,1,0,1,0,14,15,0,0,0,23,0,0,0,0,0,0,13,0,0,0,12,0,0,0,11,0,1,0,0,0,1,0,0,0,1,0,0,0,24,0,0,0,0,5,0,2,0,3,0,4,0,25]],[[{"name":"btn_szb_1","rect":[753,1634,274,86],"offset":[0,0],"originalSize":[274,86],"rotated":1,"capInsets":[44,0,43,0]}],[1],0,[0],[4],[8]],[[{"name":"lab_bg","rect":[842,1962,130,36],"offset":[0,0],"originalSize":[130,36],"capInsets":[0,0,0,0]}],[1],0,[0],[4],[8]]]]