[1,0,0,[["cc.AnimationClip",["_name","_duration","curveData"],1,11]],[[0,0,1,2,3]],[[0,"shachou_chuxian",4,[{},"paths",11,[{"model_stage_3":{"props":{"opacity":[{"frame":0,"value":0},{"frame":1,"value":180},{"frame":3,"value":180},{"frame":4,"value":0}]}}},"img_djs3",11,[{},"props",11,[{"opacity":[{"frame":0,"value":0},{"frame":1,"value":255},{"frame":3,"value":255},{"frame":4,"value":0}]},"scale",12,[[[{"frame":0},"value",8,[0,1,1]],[{"frame":1},"value",8,[0,1.2,1.2]],[{"frame":2},"value",8,[0,1,1]],[{"frame":3},"value",8,[0,1.2,1.2]],[{"frame":4},"value",8,[0,1,1]]],11,11,11,11,11]]]]]]],0,0,[],[],[]]