[1,["18gRbTpi9CJYD8oUUAZiQ/"],0,[["sp.SkeletonData",["_name","_atlasText","textureNames","_skeletonJson","textures"],-1,3]],[[0,0,1,2,3,4,5]],[[0,"renwu","\nrenwu.png\nsize: 221,142\nformat: RGBA8888\nfilter: Linear,Linear\nrepeat: none\nYOUJIO\n  rotate: true\n  xy: 130, 33\n  size: 12, 24\n  orig: 12, 24\n  offset: 0, 0\n  index: -1\nYOUJIOZ\n  rotate: true\n  xy: 175, 63\n  size: 16, 29\n  orig: 16, 29\n  offset: 0, 0\n  index: -1\nZUOJIO\n  rotate: false\n  xy: 156, 35\n  size: 17, 22\n  orig: 17, 22\n  offset: 0, 0\n  index: -1\nZUOJIOZ\n  rotate: true\n  xy: 175, 46\n  size: 15, 28\n  orig: 15, 28\n  offset: 0, 0\n  index: -1\ndaimao\n  rotate: false\n  xy: 152, 9\n  size: 13, 22\n  orig: 13, 22\n  offset: 0, 0\n  index: -1\nmeimao\n  rotate: true\n  xy: 100, 31\n  size: 44, 9\n  orig: 44, 9\n  offset: 0, 0\n  index: -1\nst\n  rotate: true\n  xy: 111, 65\n  size: 29, 47\n  orig: 32, 51\n  offset: 0, 2\n  index: -1\ntfhoum\n  rotate: false\n  xy: 160, 59\n  size: 13, 35\n  orig: 13, 35\n  offset: 0, 0\n  index: -1\ntou\n  rotate: false\n  xy: 2, 10\n  size: 96, 65\n  orig: 109, 65\n  offset: 13, 0\n  index: -1\ntoufa\n  rotate: true\n  xy: 175, 81\n  size: 11, 37\n  orig: 11, 37\n  offset: 0, 0\n  index: -1\ntoufa_1\n  rotate: false\n  xy: 111, 96\n  size: 63, 44\n  orig: 63, 44\n  offset: 0, 0\n  index: -1\ntoufa_2\n  rotate: true\n  xy: 111, 47\n  size: 16, 42\n  orig: 16, 42\n  offset: 0, 0\n  index: -1\ntoufa_3\n  rotate: false\n  xy: 176, 94\n  size: 38, 46\n  orig: 38, 46\n  offset: 0, 0\n  index: -1\ntoufab\n  rotate: false\n  xy: 2, 77\n  size: 107, 63\n  orig: 107, 79\n  offset: 0, 16\n  index: -1\nyanbaiyou\n  rotate: false\n  xy: 180, 15\n  size: 16, 16\n  orig: 16, 16\n  offset: 0, 0\n  index: -1\nyanbaizuo\n  rotate: true\n  xy: 111, 31\n  size: 14, 17\n  orig: 14, 17\n  offset: 0, 0\n  index: -1\nyanyou\n  rotate: false\n  xy: 210, 19\n  size: 9, 11\n  orig: 9, 11\n  offset: 0, 0\n  index: -1\nyanzhu\n  rotate: false\n  xy: 198, 19\n  size: 10, 11\n  orig: 10, 11\n  offset: 0, 0\n  index: -1\nyaodai\n  rotate: false\n  xy: 180, 2\n  size: 21, 11\n  orig: 21, 13\n  offset: 0, 2\n  index: -1\nyaodai1\n  rotate: false\n  xy: 205, 32\n  size: 12, 20\n  orig: 12, 20\n  offset: 0, 0\n  index: -1\nyifu\n  rotate: true\n  xy: 100, 2\n  size: 27, 31\n  orig: 27, 31\n  offset: 0, 0\n  index: -1\nyousb\n  rotate: true\n  xy: 175, 33\n  size: 11, 25\n  orig: 11, 25\n  offset: 0, 0\n  index: -1\nyousz\n  rotate: false\n  xy: 206, 54\n  size: 13, 25\n  orig: 13, 25\n  offset: 0, 0\n  index: -1\nzui\n  rotate: true\n  xy: 216, 131\n  size: 9, 3\n  orig: 9, 3\n  offset: 0, 0\n  index: -1\nzuosb\n  rotate: false\n  xy: 167, 9\n  size: 11, 22\n  orig: 11, 22\n  offset: 0, 0\n  index: -1\nzuosz\n  rotate: false\n  xy: 133, 3\n  size: 17, 28\n  orig: 17, 28\n  offset: 0, 0\n  index: -1\n",["renwu.png"],{"skeleton":{"hash":"PGHI6DyFVwm0wOOfcVObIlB5JEE","spine":"3.8.99","x":-59.5,"y":-1.79,"width":110,"height":169.29,"images":"./images/","audio":"/Users/oo34/Desktop/人物恐龙游戏需求/renwu"},"bones":[{"name":"root"},{"name":"all","parent":"root","scaleX":0.25,"scaleY":0.25},{"name":"js","parent":"all","x":-13.79,"y":183.66},{"name":"st","parent":"js","length":94.4,"rotation":87.24,"x":-3.41,"y":27.26},{"name":"tou","parent":"st","length":264.73,"rotation":1.77,"x":108.63,"y":-0.39},{"name":"all5","parent":"tou","x":80.02,"y":43.42},{"name":"all6","parent":"all5","x":1.44,"y":50.5},{"name":"all7","parent":"all5","x":2.83,"y":-63.37},{"name":"all8","parent":"all7","x":8.76,"y":5.46},{"name":"all9","parent":"all6","x":6.02,"y":-6.98},{"name":"all10","parent":"all5","x":51.26,"y":5.5},{"name":"all12","parent":"all5","x":-57.88,"y":0.49},{"name":"youjiao","parent":"js","length":70.4,"rotation":-88.51,"x":-25.02,"y":-19.94},{"name":"all14","parent":"youjiao","length":72.22,"rotation":-1.98,"x":83.19,"y":-2.78},{"name":"ik_jio1","parent":"all","length":26.99,"rotation":-156.56,"x":-37.19,"y":8.45,"color":"ff3f00ff"},{"name":"datui1","parent":"js","length":71.1,"rotation":-76.56,"x":24.55,"y":-17.49},{"name":"xioatui1","parent":"datui1","length":74.57,"rotation":2.77,"x":80.6,"y":0.25},{"name":"ik_jio2","parent":"all","length":22.47,"rotation":-119.36,"x":48.42,"y":16.19,"color":"ff3f00ff"},{"name":"all19","parent":"st","length":69.45,"rotation":-167.48,"x":78.55,"y":-42.78},{"name":"all20","parent":"all19","length":48.74,"rotation":5.11,"x":79.38,"y":1.28},{"name":"all21","parent":"all20","length":32.42,"rotation":24.6,"x":58.22,"y":1.29},{"name":"all22","parent":"st","length":61.35,"rotation":172.39,"x":76.76,"y":24.93},{"name":"all23","parent":"all22","length":50.53,"rotation":-2.25,"x":69.58,"y":0.01},{"name":"all24","parent":"all23","length":29.12,"rotation":-8.11,"x":59.96,"y":-1.66},{"name":"yandai","parent":"st","length":20.06,"rotation":-171.75,"x":-20.13,"y":13.05},{"name":"all26","parent":"yandai","length":14.67,"rotation":0.52,"x":23.12,"y":-0.29},{"name":"all27","parent":"all26","length":17.32,"rotation":-2.19,"x":18.11,"y":-0.36},{"name":"all28","parent":"tou","length":43.33,"rotation":-177.13,"x":127.09,"y":-101.07},{"name":"all29","parent":"all28","length":34.79,"rotation":-1.88,"x":51.85,"y":-0.28},{"name":"all30","parent":"all29","length":38.35,"rotation":-1.06,"x":44.02},{"name":"all31","parent":"tou","length":60.38,"rotation":-137.82,"x":230.08,"y":20.73},{"name":"all32","parent":"all31","length":59.06,"rotation":21.63,"x":76.74,"y":3.61},{"name":"all33","parent":"all32","length":64.4,"rotation":13.14,"x":73.03,"y":0.79},{"name":"all34","parent":"tou","length":36.37,"rotation":129.65,"x":236.44,"y":63.44},{"name":"all35","parent":"all34","length":54.81,"rotation":14.77,"x":45.35,"y":1},{"name":"all36","parent":"all35","length":53.66,"rotation":10.69,"x":66.75,"y":1.78},{"name":"all37","parent":"tou","length":39.76,"rotation":-179.01,"x":128.22,"y":120.5},{"name":"all38","parent":"all37","length":36.93,"rotation":-1.1,"x":46.86,"y":-1.42},{"name":"all39","parent":"all38","length":41.89,"rotation":1.1,"x":45.45,"y":0.16},{"name":"all40","parent":"tou","length":31.35,"rotation":20.02,"x":278.48,"y":20.5},{"name":"all41","parent":"all40","length":26.65,"rotation":-23.42,"x":38.75,"y":-3.63}],"slots":[{"name":"yousb","bone":"all22","attachment":"yousb"},{"name":"yousz","bone":"all23","attachment":"yousz"},{"name":"YOUJIOZ","bone":"all14","attachment":"YOUJIOZ"},{"name":"YOUJIO","bone":"youjiao","attachment":"YOUJIO"},{"name":"ZUOJIOZ","bone":"xioatui1","attachment":"ZUOJIOZ"},{"name":"ZUOJIO","bone":"datui1","attachment":"ZUOJIO"},{"name":"st","bone":"st","attachment":"st"},{"name":"yifu","bone":"st","attachment":"yifu"},{"name":"yaodai1","bone":"yandai","attachment":"yaodai1"},{"name":"yaodai","bone":"st","attachment":"yaodai"},{"name":"zuosb","bone":"all19","attachment":"zuosb"},{"name":"zuosz","bone":"all20","attachment":"zuosz"},{"name":"tfhoum","bone":"all37","attachment":"tfhoum"},{"name":"tou","bone":"tou","attachment":"tou"},{"name":"meimao","bone":"all10","attachment":"meimao"},{"name":"toufab","bone":"tou","attachment":"toufab"},{"name":"zui","bone":"all12","attachment":"zui"},{"name":"yanbaizuo","bone":"all6","attachment":"yanbaizuo"},{"name":"yanbaiyou","bone":"all7","attachment":"yanbaiyou"},{"name":"yanyou","bone":"all9","attachment":"yanyou"},{"name":"yanzhu","bone":"all8","attachment":"yanzhu"},{"name":"toufa","bone":"all37","attachment":"toufa"},{"name":"toufa_3","bone":"all34","attachment":"toufa_3"},{"name":"toufa_2","bone":"all28","attachment":"toufa_2"},{"name":"toufa_1","bone":"all31","attachment":"toufa_1"},{"name":"daimao","bone":"all40","attachment":"daimao"}],"ik":[{"name":"all15","target":"ik_jio1","bones":["youjiao","all14"]},{"name":"all18","order":1,"target":"ik_jio2","bones":["datui1","xioatui1"]}],"skins":[{"name":"default","attachments":{"YOUJIO":{"YOUJIO":{"x":49.34,"y":4.03,"rotation":88.51,"width":47,"height":97}},"YOUJIOZ":{"YOUJIOZ":{"type":"mesh","hull":21,"width":64,"height":114,"uvs":[0.64449,0,0.71923,0,0.82618,0.02995,0.95362,0.10923,0.95349,0.23836,0.99452,0.54894,0.88749,0.80675,0.89702,0.83673,0.90875,0.87365,0.90655,0.92041,0.56612,1,0.44367,1,0.01396,0.9584,0.01601,0.87124,0.17768,0.80991,0.23076,0.78977,0.23186,0.76197,0.23342,0.72279,0.23533,0.67465,0.21171,0.4809,0.43124,0.04496,0.57488,0.82225,0.5888,0.80198,0.59705,0.76319,0.55271,0.85351,0.50851,0.87633,0.42132,0.88612],"triangles":[4,0,2,4,20,0,4,2,3,0,1,2,15,21,26,11,25,10,25,24,10,11,12,26,14,26,12,14,12,13,14,15,26,11,26,25,24,25,21,25,26,21,24,8,10,21,8,24,9,10,8,7,22,6,7,21,22,21,7,8,22,21,16,22,23,6,6,23,5,21,15,16,22,16,23,16,17,23,17,18,23,5,23,19,23,18,19,19,4,5,19,20,4],"vertices":[1,12,61.53,-1.67,1,1,12,61.19,3.1,1,1,12,64.1,10.17,1,2,13,-9.25,22.38,0.33333,12,72.53,18.96,0.66667,1,13,5.47,22.5,1,1,13,40.85,25.42,1,2,13,70.3,18.82,0.96005,14,-23.86,3.09,0.03995,2,13,73.71,19.46,0.91124,14,-23.06,6.46,0.08876,2,13,77.91,20.25,0.84891,14,-22.08,10.62,0.15109,2,13,83.24,20.15,0.79324,14,-19.83,15.46,0.20676,2,13,92.5,-1.56,0.04596,14,3.77,15.12,0.95404,1,14,10.96,12,1,1,14,34.31,-3.29,1,2,13,78.12,-36.89,0.00262,14,30.24,-12.35,0.99738,2,13,71.04,-26.6,0.10938,14,17.96,-14.65,0.89062,2,13,68.72,-23.23,0.26265,14,13.93,-15.41,0.73735,2,13,65.55,-23.18,0.43175,14,12.61,-18.29,0.56825,2,13,61.08,-23.12,0.61454,14,10.74,-22.34,0.38546,2,13,55.59,-23.04,0.78436,14,8.44,-27.33,0.21564,2,13,33.52,-24.74,0.99406,14,1.05,-48.2,0.00594,3,13,-16.3,-11.11,0.33135,14,-31.61,-88.21,0.00198,12,67.63,-14.91,0.66667,2,13,72.23,-1.17,0.88027,14,-4.8,-3.25,0.11973,2,13,69.91,-0.3,0.99462,14,-6.54,-5.02,0.00538,1,13,65.49,0.19,1,2,13,75.81,-2.56,0.24802,14,-2.08,-0.55,0.75198,1,14,1.55,0.72,1,2,13,79.6,-10.94,0.00384,14,7.11,-0.48,0.99616],"edges":[0,40,0,2,2,4,4,6,6,8,8,10,16,18,18,20,20,22,22,24,24,26,36,38,38,40,14,16,12,14,10,12,30,32,32,34,34,36,26,28,28,30]}},"ZUOJIO":{"ZUOJIO":{"x":46,"y":-6.12,"rotation":76.56,"width":67,"height":86}},"ZUOJIOZ":{"ZUOJIOZ":{"type":"mesh","hull":20,"width":60,"height":110,"uvs":[0.62985,0.07024,0.74431,0.15244,0.95038,0.4015,0.96291,0.71139,0.96515,0.76664,0.96838,0.84662,0.97194,0.93459,0.89958,0.97364,0.77556,0.99112,0.41983,0.99095,0.22791,0.96193,0.24381,0.85698,0.29969,0.71397,0.29982,0.57413,0.12135,0.53712,0.09662,0.30573,0,0.13447,0,0.10876,0.18344,0.00895,0.45605,0.0088,0.66359,0.76545,0.64039,0.71008,0.60269,0.67054,0.64619,0.80974],"triangles":[23,12,20,11,12,23,23,4,5,4,23,20,7,5,6,5,8,23,9,11,23,8,9,23,10,11,9,5,7,8,16,17,18,19,15,16,1,14,15,0,1,15,18,19,16,19,0,15,13,1,2,13,14,1,22,13,2,3,21,22,3,22,2,12,13,22,20,21,3,20,3,4,20,12,21,12,22,21],"vertices":[1,16,4.49,20.63,1,1,16,15.09,24.7,1,1,16,44.85,28.93,1,2,16,77.79,20.14,0.6457,17,-18.15,10.9,0.3543,2,16,83.66,18.57,0.38826,17,-12.92,13.99,0.61174,2,16,92.17,16.3,0.09884,17,-5.35,18.48,0.90116,2,16,101.52,13.8,0.00484,17,2.98,23.41,0.99516,1,17,8.85,21.73,1,1,17,14.18,16.19,1,2,16,98.23,-19.74,0.00403,17,24.62,-2.43,0.99597,2,16,91.95,-29.9,0.04514,17,27.49,-14.03,0.95486,2,16,81.13,-25.77,0.19852,17,16.96,-18.85,0.80148,2,16,66.96,-18.16,0.77939,17,1.6,-23.64,0.22061,2,16,52.19,-13.86,0.99765,17,-11.81,-31.18,0.00235,1,16,45.29,-23,1,1,16,20.44,-17.33,1,1,16,0.73,-17.64,1,1,16,-1.99,-16.85,1,1,16,-9.46,-3.21,1,1,16,-4.91,12.5,1,2,16,78.49,1.23,0.5439,17,-4.17,-1.84,0.4561,2,16,72.25,1.59,0.99637,17,-8.79,-6.04,0.00363,1,16,67.44,0.63,1,2,16,82.88,-1.13,0.01541,17,0.59,-0.36,0.98459],"edges":[0,38,0,2,2,4,12,14,14,16,16,18,18,20,20,22,22,24,24,26,26,28,28,30,30,32,32,34,34,36,36,38,10,12,8,10,4,6,6,8]}},"daimao":{"daimao":{"type":"mesh","hull":12,"width":50,"height":89,"uvs":[1,1,0.5,1,0,1,0,0.75,0,0.5,0,0.25,0,0,0.5,0,1,0,1,0.25,1,0.5,1,0.75,0.5,0.75,0.5,0.5,0.5,0.25],"triangles":[10,13,9,13,14,9,9,14,8,14,7,8,4,5,14,14,5,7,5,6,7,0,1,11,1,12,11,11,12,10,12,13,10,1,2,12,2,3,12,12,3,13,3,4,13,13,4,14],"vertices":[1,39,-24.49,-18.26,1,1,39,-16.34,5.38,1,1,39,-8.19,29.01,1,1,39,12.84,21.76,1,2,39,33.88,14.51,0.85485,40,-11.68,14.71,0.14515,2,39,54.91,7.25,0.02293,40,10.51,16.41,0.97707,1,40,32.69,18.12,1,1,40,34.61,-6.81,1,1,40,36.53,-31.73,1,2,39,38.61,-40.02,0.102,40,14.34,-33.44,0.898,2,39,17.58,-32.76,0.56816,40,-7.84,-35.15,0.43184,2,39,-3.46,-25.51,0.93935,40,-30.03,-36.85,0.06065,2,39,4.69,-1.88,0.99734,40,-31.95,-11.93,0.00266,2,39,25.73,-9.13,0.72097,40,-9.76,-10.22,0.27903,2,39,46.76,-16.38,0.01126,40,12.42,-8.51,0.98874],"edges":[0,2,2,4,4,6,6,8,8,10,10,12,12,14,14,16,16,18,18,20,20,22,22,0]}},"meimao":{"meimao":{"x":10.23,"y":-13.54,"rotation":-89.01,"width":175,"height":35}},"st":{"st":{"type":"mesh","hull":39,"width":129,"height":204,"uvs":[0.73014,0.09818,0.81024,0.13297,0.8795,0.19283,0.83524,0.25735,0.76131,0.32998,0.73806,0.39366,0.75409,0.46633,0.73551,0.52856,0.75159,0.57627,0.78961,0.61606,0.82241,0.68741,0.85307,0.74481,0.86669,0.8134,0.85132,0.85834,0.8058,0.88062,0.76116,0.89726,0.71481,0.90655,0.63694,0.92387,0.56052,0.93504,0.47513,0.94731,0.36119,0.94949,0.25506,0.93242,0.15669,0.90819,0.0593,0.88166,0,0.83571,0,0.77307,0.03354,0.71038,0.06262,0.65604,0.09051,0.61103,0.0408,0.56519,0.05483,0.49694,0.08999,0.42376,0.07451,0.34657,0.08133,0.27946,0.1132,0.22972,0.13675,0.17446,0.2026,0.13781,0.27327,0.10719,0.66444,0.05654,0.32424,0.62849,0.31751,0.46893,0.31751,0.35192,0.3747,0.203,0.30069,0.77954,0.64048,0.77528,0.58329,0.63487],"triangles":[18,19,43,44,17,18,17,44,16,44,18,43,43,45,44,16,44,15,15,44,14,13,14,12,12,14,44,44,11,12,44,10,11,10,45,9,45,10,44,19,20,43,21,43,20,21,22,43,22,23,43,43,23,25,23,24,25,25,26,43,26,27,43,43,27,39,43,39,45,39,27,28,9,45,8,8,45,7,28,40,39,7,45,40,45,39,40,29,30,28,28,30,40,7,40,6,30,31,40,31,41,40,40,5,6,40,41,5,31,32,41,5,41,4,4,41,42,4,42,0,42,38,0,32,33,41,33,34,41,41,34,42,42,34,35,35,36,42,3,0,1,3,4,0,3,1,2,36,37,42,42,37,38],"vertices":[1,3,99.03,-38.67,1,1,3,92.43,-49.33,1,1,3,80.67,-58.84,1,2,3,67.24,-53.77,0.99984,15,-99.61,53.6,0.00016,2,3,51.98,-44.96,0.99276,15,-87.41,40.88,0.00724,2,3,38.87,-42.59,0.96465,15,-75.47,34.95,0.03535,2,3,24.16,-45.37,0.89407,15,-60.57,33.51,0.10593,2,3,11.36,-43.58,0.76788,15,-48.79,28.23,0.23212,2,3,1.74,-46.13,0.58901,15,-38.84,27.99,0.41099,2,3,-6.13,-51.42,0.42389,15,-29.8,30.87,0.57611,3,3,-20.47,-56.34,0.2016,12,-22.04,77.5,0,15,-14.66,31.6,0.7984,3,3,-31.97,-60.86,0.07491,12,-10.23,81.15,0.00001,15,-2.35,32.73,0.92509,3,3,-45.86,-63.28,0.01207,12,3.8,82.54,0.00004,15,11.66,31.19,0.98789,3,3,-55.11,-61.75,0.0011,12,12.92,80.32,0.00007,15,20.12,27.13,0.99883,2,12,17.31,74.34,0.00009,15,23.18,20.36,0.99991,2,12,20.55,68.49,0.00011,15,25.14,13.97,0.99989,2,12,22.29,62.46,0.00013,15,25.59,7.71,0.99987,2,12,25.56,52.33,0.01471,15,26.7,-2.88,0.98529,2,12,27.58,42.41,0.15733,15,26.62,-12.99,0.84267,2,12,29.79,31.34,0.39751,15,26.5,-24.29,0.60249,2,12,29.86,16.63,0.72349,15,23.51,-38.69,0.27651,2,12,26.02,3.04,0.96834,15,16.94,-51.2,0.03166,1,12,20.75,-9.52,1,1,12,15.01,-21.94,1,2,3,-55.79,48.17,0.01052,12,5.44,-29.34,0.98948,2,3,-43.03,48.78,0.06188,12,-7.34,-29.01,0.93812,2,3,-30.04,45.08,0.20743,12,-20.01,-24.35,0.79257,2,3,-18.79,41.87,0.41686,12,-30.99,-20.31,0.58314,2,3,-9.45,38.71,0.64829,12,-40.08,-16.47,0.35171,2,3,-0.42,45.57,0.80478,12,-49.59,-22.64,0.19522,2,3,13.58,44.43,0.89702,12,-63.46,-20.47,0.10298,2,3,28.71,40.62,0.97062,12,-78.27,-15.54,0.02938,2,3,44.34,43.37,0.99692,12,-94.06,-17.13,0.00308,2,3,58.06,43.15,0.99997,12,-107.73,-15.89,0.00003,1,3,68.39,39.53,1,1,3,79.8,37.04,1,1,3,87.67,28.92,1,1,3,94.35,20.11,1,1,3,107.1,-29.79,1,3,3,-11.55,8.43,0.76008,12,-35.73,13.58,0.20044,15,-41.29,-28.11,0.03948,2,3,20.92,10.86,0.9912,12,-68.29,13.56,0.0088,2,3,44.76,12.01,0.99994,12,-92.15,14.18,0.00006,1,3,75.46,6.1,1,3,3,-42.48,9.98,0.09424,12,-5.01,9.73,0.78707,15,-12.02,-38.22,0.11869,3,3,-39.5,-33.76,0.03097,12,-4.73,53.58,0.00024,15,-2.68,4.61,0.9688,3,3,-11.25,-25.02,0.56751,12,-33.56,46.95,0.01196,15,-32.25,4.09,0.42053],"edges":[28,30,30,32,46,48,74,76,48,50,56,58,58,60,60,62,62,64,68,70,64,66,66,68,70,72,72,74,0,76,0,2,2,4,4,6,6,8,8,10,10,12,12,14,14,16,16,18,18,20,20,22,22,24,24,26,26,28,44,46,42,44,40,42,38,40,36,38,32,34,34,36,54,56,50,52,52,54]}},"tfhoum":{"tfhoum":{"type":"mesh","hull":12,"width":52,"height":138,"uvs":[1,1,0,1,0,0.8,0,0.6,0,0.4,0,0.2,0,0,1,0,1,0.2,1,0.4,1,0.6,1,0.8],"triangles":[5,6,7,8,5,7,4,5,8,9,4,8,3,4,9,10,3,9,2,3,10,11,2,10,1,2,11,0,1,11],"vertices":[1,36,147.7,20.84,1,1,36,147.7,-31.16,1,1,36,120.1,-31.16,1,1,36,92.5,-31.16,1,1,36,64.9,-31.16,1,1,36,37.3,-31.16,1,1,36,9.7,-31.16,1,1,36,9.7,20.84,1,1,36,37.3,20.84,1,1,36,64.9,20.84,1,1,36,92.5,20.84,1,1,36,120.1,20.84,1],"edges":[0,2,2,4,4,6,6,8,8,10,10,12,12,14,14,16,16,18,18,20,20,22,22,0]}},"tou":{"tou":{"type":"mesh","hull":23,"width":436,"height":261,"uvs":[0.59599,0,0.72642,0.08382,0.79659,0.25179,0.79928,0.2847,0.93243,0.36573,1,0.47649,1,0.49004,0.87381,0.74802,0.73333,0.78697,0.70066,0.86003,0.59796,0.95328,0.41804,0.99412,0.27335,0.88511,0.23761,0.72126,0.19147,0.75354,0.12615,0.67849,0.12009,0.46008,0.1202,0.45876,0.23475,0.40986,0.26187,0.23242,0.33048,0.09638,0.45001,0.01225,0.53685,0,0.24072,0.5412,0.75631,0.70978,0.78384,0.51974,0.80952,0.43392,0.39301,0.7343,0.38934,0.45231,0.4242,0.88143],"triangles":[26,3,4,28,20,21,19,20,28,18,19,28,4,5,6,1,3,0,3,1,2,25,3,26,23,18,28,16,17,18,23,16,18,15,16,23,0,3,25,13,15,23,22,27,28,23,28,27,13,23,27,25,27,22,22,28,21,25,22,0,24,27,25,26,6,25,6,26,4,7,25,6,24,25,7,14,15,13,8,27,24,8,24,7,9,27,8,10,29,27,12,13,27,12,27,29,9,10,27,11,12,29,11,29,10],"vertices":[240.21,-33.27,219.32,-90.51,176.01,-121.86,167.45,-123.18,147.31,-181.59,118.91,-211.55,115.38,-211.61,47.1,-157.77,35.88,-96.7,16.56,-82.79,-8.55,-38.44,-20.57,39.81,6.79,103.37,49.28,119.7,40.5,139.66,59.6,168.48,116.55,172.11,116.89,172.07,130.52,122.35,177.03,111.33,213.05,82.04,235.91,30.31,239.76,-7.49,96.29,119.16,56.19,-106.37,105.99,-117.51,128.59,-128.32,47.05,51.89,120.61,54.77,8.89,37.63],"edges":[0,44,0,2,2,4,4,6,6,8,8,10,10,12,12,14,14,16,16,18,18,20,20,22,22,24,24,26,26,28,28,30,30,32,34,36,36,38,38,40,40,42,42,44,32,34,36,46,46,26,16,48,48,50,50,52,52,6]}},"toufa":{"toufa":{"type":"mesh","hull":12,"width":42,"height":148,"uvs":[1,1,0,1,0,0.8,0,0.6,0,0.4,0,0.2,0,0,1,0,1,0.2,1,0.4,1,0.6,1,0.8],"triangles":[11,2,10,1,2,11,0,1,11,3,4,9,10,3,9,2,3,10,5,6,7,8,5,7,4,5,8,9,4,8],"vertices":[1,38,44.4,12.97,1,2,37,90.39,-28.01,0,38,44.4,-29.03,1,2,37,60.8,-28.58,0.0996,38,14.8,-29.03,0.9004,2,37,31.2,-29.14,0.80266,38,-14.8,-29.03,0.19734,3,36,47.9,-31.16,0.23056,37,1.61,-29.71,0.76942,38,-44.4,-29.03,0.00002,2,36,18.3,-31.16,0.87846,37,-27.99,-30.28,0.12154,2,36,-11.3,-31.16,1,37,-57.58,-30.85,0,1,36,-11.3,10.84,1,1,36,18.3,10.84,1,2,36,47.9,10.84,0.35714,37,0.8,12.28,0.64286,2,37,30.4,12.85,0.93985,38,-14.8,12.97,0.06015,2,37,59.99,13.42,0.00273,38,14.8,12.97,0.99727],"edges":[0,2,2,4,4,6,6,8,8,10,10,12,12,14,14,16,16,18,18,20,20,22,22,0]}},"toufa_1":{"toufa_1":{"type":"mesh","hull":27,"width":250,"height":176,"uvs":[0.22117,0.00618,0.32058,0.10043,0.37834,0.15519,0.44477,0.21817,0.52969,0.29868,0.60132,0.36658,0.68566,0.44654,0.76422,0.52102,0.85825,0.61017,0.93853,0.68168,0.97761,0.66975,1,0.67076,1,0.68041,0.98939,0.73023,0.8799,0.95675,0.77537,0.99526,0.60031,0.99456,0.49639,0.99415,0.36604,0.90245,0.27786,0.84042,0.17254,0.71594,0.11598,0.63114,0.05135,0.45089,0,0.30767,0.03506,0.14836,0.11031,0.04216,0.169,0.00282,0.15208,0.2407,0.24222,0.36163,0.31484,0.46834,0.43753,0.59283,0.55272,0.69597,0.67792,0.77422,0.81814,0.82758],"triangles":[16,32,15,15,33,14,15,32,33,32,16,31,16,17,31,13,33,9,9,10,13,13,14,33,33,8,9,33,32,8,32,7,8,32,6,7,32,31,6,13,10,12,10,11,12,17,18,31,18,30,31,18,19,30,19,29,30,19,20,29,31,5,6,31,30,5,30,4,5,4,29,3,4,30,29,20,21,29,21,28,29,28,22,27,28,21,22,3,28,2,3,29,28,28,27,1,27,26,0,22,23,27,28,1,2,1,27,0,23,24,27,24,25,27,27,25,26],"vertices":[2,30,-8.53,37.49,0.99757,31,-66.77,62.93,0.00243,2,30,20.32,45.27,0.91984,31,-37.08,59.53,0.08016,2,30,37.09,49.79,0.76453,31,-19.84,57.55,0.23547,2,30,56.36,54.99,0.48105,31,0,55.28,0.51895,3,30,81.01,61.64,0.1545,31,25.36,52.37,0.82173,32,-34.69,61.08,0.02377,3,30,101.79,67.25,0.03185,31,46.75,49.92,0.80907,32,-14.41,53.82,0.15908,3,30,126.27,73.85,0.00054,31,71.93,47.04,0.44302,32,9.45,45.29,0.55644,2,31,95.39,44.35,0.10609,32,31.69,37.33,0.89391,2,31,123.47,41.13,0.00167,32,58.3,27.81,0.99833,1,32,80.82,20.47,1,1,32,89.79,24.88,1,1,32,95.26,26.06,1,1,32,95.68,24.41,1,1,32,95.23,15.27,1,1,32,78.34,-30.05,1,2,31,136,-28.63,0.00047,32,54.63,-42.96,0.99953,2,31,97.01,-48.51,0.19291,32,12.15,-53.46,0.80709,2,31,73.87,-60.32,0.49872,32,-13.08,-59.69,0.50128,3,30,134.04,-39.13,0.02514,31,37.51,-60.84,0.85122,32,-48.6,-51.94,0.12364,3,30,111.31,-48.53,0.14031,31,12.91,-61.2,0.84027,32,-72.64,-46.69,0.01942,2,30,77.48,-53.91,0.54154,31,-20.52,-53.74,0.45846,2,30,56.94,-54.73,0.79644,31,-39.92,-46.92,0.20356,2,30,22.42,-46,0.99415,31,-68.78,-26.08,0.00585,1,30,-5,-39.06,1,1,30,-20.33,-14,1,1,30,-22.01,12.47,1,1,30,-17.56,28.07,1,1,30,11.16,-2.69,1,2,30,42.02,0.26,0.99963,31,-33.51,9.69,0.00037,2,30,68.11,1.55,0.54195,31,-8.78,1.27,0.45805,1,31,28.51,-4.2,1,2,31,62.42,-7.2,0.76164,32,-12.14,-5.36,0.23836,2,31,96.56,-5.15,0.00128,32,21.56,-11.13,0.99872,1,32,57.85,-11.74,1],"edges":[0,52,16,18,18,20,20,22,22,24,24,26,26,28,28,30,38,40,40,42,46,48,48,50,50,52,42,44,44,46,34,36,36,38,30,32,32,34,0,2,2,4,4,6,6,8,8,10,10,12,12,14,14,16]}},"toufa_2":{"toufa_2":{"type":"mesh","hull":14,"width":62,"height":168,"uvs":[1,1,0,1,0,0.83333,0,0.66667,0,0.5,0,0.33333,0,0.16667,0,0,1,0,1,0.16667,1,0.33333,1,0.5,1,0.66667,1,0.83333],"triangles":[2,3,12,13,2,12,1,2,13,0,1,13,11,4,10,3,4,11,12,3,11,6,7,8,9,6,8,5,6,9,10,5,9,4,5,10],"vertices":[1,29,51.3,31.86,1,1,29,52.44,-30.13,1,2,28,67.9,-31.1,0.04503,29,24.45,-30.65,0.95497,3,27,90.71,-32.67,0.00011,28,39.9,-31.1,0.54724,29,-3.55,-31.17,0.45265,3,27,62.72,-31.75,0.13446,28,11.9,-31.1,0.84747,29,-31.54,-31.69,0.01807,2,27,34.74,-30.83,0.75868,28,-16.1,-31.1,0.24132,2,27,6.75,-29.92,0.99585,28,-44.1,-31.1,0.00415,1,27,-21.23,-29,1,1,27,-19.2,32.97,1,2,27,8.78,32.05,0.99859,28,-44.1,30.9,0.00141,2,27,36.77,31.13,0.78411,28,-16.1,30.9,0.21589,3,27,64.75,30.22,0.14793,28,11.9,30.9,0.83711,29,-32.69,30.3,0.01496,3,27,92.74,29.3,0.00013,28,39.9,30.9,0.55061,29,-4.69,30.82,0.44926,2,28,67.9,30.9,0.0388,29,23.3,31.34,0.9612],"edges":[0,2,2,4,4,6,6,8,8,10,10,12,12,14,14,16,16,18,18,20,20,22,22,24,24,26,26,0]}},"toufa_3":{"toufa_3":{"type":"mesh","hull":25,"width":150,"height":185,"uvs":[0.99457,0.01759,0.90126,0.13641,0.77239,0.30052,0.70911,0.40234,0.61278,0.55733,0.51633,0.65157,0.41747,0.74815,0.31398,0.83206,0.20878,0.91735,0.05029,0.99074,0.02219,0.98922,0.00653,0.92049,0.00655,0.80629,0.00658,0.68727,0.05009,0.56021,0.09224,0.43709,0.16676,0.34797,0.23554,0.26572,0.30754,0.19572,0.35692,0.1477,0.47084,0.09693,0.60295,0.03804,0.72309,0.02724,0.84401,0.01637,0.9999,0.00235,0.69954,0.14308,0.55765,0.24459,0.42828,0.36979,0.29473,0.50853,0.1737,0.65064,0.13197,0.83337],"triangles":[8,9,11,9,10,11,11,30,8,11,12,30,8,30,7,12,13,30,30,29,7,30,13,29,7,29,6,13,14,29,6,29,28,29,14,28,5,6,28,5,28,4,14,15,28,28,27,4,4,27,3,15,16,28,28,16,27,27,16,17,27,26,3,17,18,27,27,18,26,26,18,19,3,26,2,26,25,2,2,25,1,23,25,22,25,23,1,19,20,26,25,20,21,25,26,20,25,21,22,1,23,0,0,23,24],"vertices":[1,33,-40.11,9.24,1,1,33,-15.45,17.67,1,2,33,18.61,29.3,0.82712,34,-18.64,34.18,0.17288,3,33,37.79,38.08,0.3711,34,2.14,37.78,0.62824,35,-56.81,47.35,0.00065,3,33,66.99,51.44,0.02534,34,33.78,43.26,0.86562,35,-24.71,46.87,0.10903,3,33,89.17,56.02,0.0001,34,56.4,42.03,0.5578,35,-2.71,41.47,0.4421,2,34,79.58,40.77,0.14105,35,19.84,35.93,0.85895,2,34,101.3,37.55,0.00721,35,40.58,28.74,0.99279,1,35,61.67,21.43,1,1,35,84.26,5.97,1,1,35,85.85,2.06,1,1,35,75.44,-5.61,1,1,35,56.43,-14.83,1,1,35,36.62,-24.44,1,2,34,84.5,-24.21,0.09769,35,12.62,-28.83,0.90231,2,34,62.44,-32.7,0.5977,35,-10.63,-33.09,0.4023,2,34,42.54,-33.55,0.92906,35,-30.35,-30.23,0.07094,3,33,77.47,-26.04,0.00668,34,24.17,-34.33,0.99228,35,-48.54,-27.59,0.00104,2,33,60.95,-29.4,0.12057,34,7.33,-33.37,0.87943,2,33,49.61,-31.71,0.31425,34,-4.21,-32.71,0.68575,2,33,30.4,-28.37,0.79092,34,-21.94,-24.59,0.20908,2,33,8.12,-24.5,0.99819,34,-42.5,-15.16,0.00181,1,33,-7.2,-14.8,1,1,33,-22.62,-5.04,1,1,33,-42.5,7.54,1,1,33,8.95,-0.27,1,2,33,37.3,1.1,0.92507,34,-7.76,2.15,0.07493,2,33,66.92,7.06,0.00017,34,22.4,0.36,0.99983,1,34,54.95,-0.43,1,1,35,19.58,-4.84,1,1,35,52.72,4.28,1],"edges":[0,48,16,18,18,20,20,22,0,2,2,4,4,6,6,8,8,10,10,12,12,14,14,16,26,28,28,30,30,32,32,34,34,36,36,38,38,40,40,42,42,44,44,46,46,48,22,24,24,26]}},"toufab":{"toufab":{"x":142.85,"y":15.4,"rotation":-89.01,"width":427,"height":317}},"yanbaiyou":{"yanbaiyou":{"x":2.62,"y":-0.66,"rotation":-89.01,"width":65,"height":65}},"yanbaizuo":{"yanbaizuo":{"x":1.54,"y":-1.04,"rotation":-89.01,"width":54,"height":68}},"yanyou":{"yanyou":{"x":0.12,"y":0.01,"rotation":-89.01,"width":36,"height":45}},"yanzhu":{"yanzhu":{"x":-2.2,"y":-2.55,"rotation":-89.01,"width":40,"height":45}},"yaodai":{"yaodai":{"x":-12.68,"y":-5.32,"rotation":-87.24,"width":83,"height":52}},"yaodai1":{"yaodai1":{"type":"mesh","hull":14,"width":49,"height":80,"uvs":[1,1,0.5,1,0,1,0,0.8,0,0.6,0,0.4,0,0.2,0,0,0.5,0,1,0,1,0.2,1,0.4,1,0.6,1,0.8,0.5,0.8,0.5,0.6,0.5,0.4,0.5,0.2],"triangles":[3,4,15,14,3,15,2,3,14,1,2,14,14,15,12,13,14,12,1,14,13,0,1,13,15,4,16,15,16,11,12,15,11,6,7,8,17,6,8,5,6,17,16,5,17,4,5,16,17,8,9,10,17,9,16,17,10,11,16,10],"vertices":[1,26,28.75,19.88,1,1,26,27.12,-4.57,1,2,25,42.47,-30.33,0.00232,26,25.49,-29.01,0.99768,3,24,49.93,-28.71,0.00077,25,26.56,-28.65,0.10357,26,9.52,-27.95,0.89566,3,24,34,-27.18,0.08662,25,10.64,-26.98,0.4203,26,-6.44,-26.88,0.49308,3,24,18.08,-25.65,0.49962,25,-5.27,-25.3,0.39344,26,-22.41,-25.82,0.10695,3,24,2.15,-24.11,0.90303,25,-21.18,-23.63,0.09227,26,-38.37,-24.76,0.0047,2,24,-13.78,-22.58,0.99567,25,-37.09,-21.95,0.00433,1,24,-11.43,1.81,1,1,24,-9.09,26.19,1,2,24,6.84,24.66,0.93421,25,-16.05,25.1,0.06579,3,24,22.77,23.13,0.55897,25,-0.14,23.43,0.41204,26,-19.15,23.07,0.02899,3,24,38.69,21.6,0.10972,25,15.77,21.75,0.48406,26,-3.18,22.01,0.40622,3,24,54.62,20.07,0.0019,25,31.68,20.08,0.08008,26,12.78,20.94,0.91802,1,26,11.15,-3.5,1,2,25,13.21,-2.61,0.84354,26,-4.81,-2.44,0.15646,3,24,20.42,-1.26,0.79389,25,-2.7,-0.94,0.20425,26,-20.78,-1.37,0.00187,1,24,4.5,0.27,1],"edges":[0,2,2,4,4,6,6,8,8,10,10,12,12,14,14,16,16,18,18,20,20,22,22,24,24,26,26,0]}},"yifu":{"yifu":{"type":"mesh","hull":4,"width":108,"height":122,"uvs":[1,1,0,1,0,0,1,0,0.27766,0.53429],"triangles":[4,2,3,1,2,4,4,3,0,1,4,0],"vertices":[-1.68,-67.36,-6.88,40.52,114.98,46.39,120.18,-61.49,51.31,13.3],"edges":[0,2,2,4,4,6,0,6]}},"yousb":{"yousb":{"x":38.99,"y":2.46,"rotation":100.37,"width":42,"height":98}},"yousz":{"yousz":{"type":"mesh","hull":21,"width":51,"height":99,"uvs":[0.91637,0.04313,0.98712,0.14928,0.92168,0.37446,0.67624,0.68565,0.6558,0.71156,0.64024,0.72421,0.61088,0.74809,0.35597,0.95533,0.12491,1,0.02647,1,0,0.89158,0,0.88272,0.17256,0.66878,0.19474,0.64129,0.21118,0.6209,0.21892,0.60021,0.22492,0.58417,0.30879,0.35993,0.51349,0.04439,0.60696,0.01984,0.7868,0.01998,0.41721,0.68099,0.38506,0.70362,0.37172,0.7319,0.44153,0.65796],"triangles":[14,15,24,21,14,24,13,14,21,22,13,21,12,13,22,4,24,3,5,24,4,21,24,5,23,12,22,6,21,5,11,12,23,7,10,11,23,7,11,22,21,6,23,22,6,7,23,6,8,9,10,7,8,10,1,20,0,2,24,17,16,17,24,15,16,24,18,19,2,20,2,19,20,1,2,18,2,17,3,24,2],"vertices":[1,22,-8.02,11.17,1,1,22,1.45,16.98,1,1,22,23.93,18.6,1,2,22,56.73,13.11,0.56454,23,-5.28,14.17,0.43546,2,22,59.46,12.66,0.41768,23,-2.51,14.11,0.58232,2,22,60.86,12.16,0.34418,23,-1.06,13.81,0.65582,2,22,63.49,11.21,0.21159,23,1.68,13.24,0.78841,1,23,25.47,8.34,1,1,23,33.78,-1.11,1,1,23,35.56,-5.81,1,1,23,26,-10.87,1,1,23,25.18,-11.18,1,2,22,60.71,-12.32,0.07873,23,2.25,-10.44,0.92127,2,22,57.81,-11.81,0.20769,23,-0.69,-10.35,0.79231,2,22,55.66,-11.43,0.35903,23,-2.88,-10.28,0.64097,2,22,53.57,-11.49,0.5234,23,-4.93,-10.64,0.4766,2,22,51.95,-11.54,0.6397,23,-6.53,-10.91,0.3603,1,22,29.36,-12.22,1,1,22,-3.41,-8.86,1,1,22,-6.82,-4.74,1,1,22,-8.81,4.22,1,2,22,59.17,0.12,0.09717,23,-1.03,1.65,0.90283,2,22,61.71,-0.99,0.00395,23,1.64,0.91,0.99605,2,22,64.59,-1.04,0.00131,23,4.5,1.27,0.99869,2,22,56.67,0.83,0.36915,23,-3.6,2.01,0.63085],"edges":[0,40,0,2,2,4,14,16,16,18,18,20,20,22,34,36,36,38,38,40,4,6,6,8,8,10,10,12,12,14,26,28,28,30,30,32,32,34,22,24,24,26]}},"zui":{"zui":{"x":-1.74,"y":-3.63,"rotation":-89.01,"width":37,"height":13}},"zuosb":{"zuosb":{"x":33.06,"y":-1.44,"rotation":80.24,"width":43,"height":89}},"zuosz":{"zuosz":{"type":"mesh","hull":25,"width":68,"height":113,"uvs":[0.32456,0.00871,0.40236,0.0532,0.43409,0.09838,0.46791,0.14655,0.49406,0.18379,0.7208,0.50668,0.70615,0.56654,0.69067,0.62982,0.75187,0.69997,1,0.8494,1,0.89005,0.9501,0.96498,0.74268,0.96501,0.38275,0.99976,0.34401,0.97953,0.2501,0.75079,0.23213,0.70705,0.21363,0.66199,0.19486,0.61628,0.07631,0.32754,0.05627,0.27873,0.02902,0.21236,0.02888,0.1402,0.02878,0.08273,0.02864,0.0088,0.5213,0.69379,0.46518,0.64595,0.45583,0.58685],"triangles":[25,26,7,25,7,8,15,16,26,15,26,25,9,12,8,9,10,12,12,25,8,10,11,12,14,15,25,14,25,12,13,14,12,21,22,3,20,21,3,20,3,4,19,20,4,27,19,4,4,5,27,6,27,5,18,19,27,7,27,6,26,27,7,17,18,27,26,17,27,16,17,26,23,24,0,22,23,0,1,22,0,2,22,1,3,22,2],"vertices":[2,18,59.66,8.77,0.97547,19,-18.98,9.22,0.02453,2,18,65.51,13.13,0.82451,19,-12.76,13.04,0.17549,2,18,70.9,14.39,0.57719,19,-7.27,13.82,0.42281,2,18,76.66,15.74,0.26886,19,-1.42,14.64,0.73114,2,18,81.11,16.78,0.10926,19,3.1,15.28,0.89074,2,19,42.32,20.82,0.92293,20,-6.33,24.37,0.07707,2,19,48.6,18.12,0.77656,20,-1.74,19.3,0.22344,2,19,55.24,15.27,0.39467,20,3.11,13.95,0.60533,2,19,63.97,17.25,0.04553,20,11.88,12.12,0.95447,1,20,35.64,14.41,1,1,20,39.18,11.49,1,1,20,43.56,3.49,1,1,20,34.6,-7.4,1,1,20,22.07,-28.79,1,1,20,18.63,-29.37,1,2,19,60.77,-17.2,0.2342,20,-5.38,-17.87,0.7658,2,19,55.67,-17.11,0.44881,20,-9.97,-15.67,0.55119,2,19,50.43,-17.02,0.69413,20,-14.7,-13.41,0.30587,2,19,45.11,-16.93,0.8795,20,-19.5,-11.11,0.1205,2,18,92.3,-13.97,0.01971,19,11.51,-16.34,0.98029,2,18,86.63,-14.38,0.09341,19,5.83,-16.24,0.90659,2,18,78.93,-14.93,0.34085,19,-1.9,-16.11,0.65915,2,18,70.89,-13.56,0.73728,19,-9.78,-14.02,0.26272,2,18,64.49,-12.47,0.95138,19,-16.06,-12.36,0.04862,1,18,56.25,-11.06,1,2,19,59.27,2.28,0.00374,20,1.37,0.46,0.99626,2,19,53.07,-0.02,0.57079,20,-5.23,0.95,0.42921,2,19,46.45,1.08,0.99316,20,-10.79,4.7,0.00684],"edges":[0,48,0,2,14,16,16,18,18,20,20,22,22,24,24,26,26,28,46,48,42,44,44,46,40,42,2,4,4,6,6,8,8,10,38,40,36,38,34,36,32,34,28,30,30,32,10,12,12,14]}}}}],"animations":{"loop":{"bones":{"all41":{"rotate":[{"curve":0.25,"c3":0.75},{"time":0.7667,"angle":-22.76,"curve":0.245,"c3":0.637,"c4":0.56},{"time":1.2333,"angle":-8.37,"curve":0.381,"c2":0.55,"c3":0.742},{"time":1.5667,"curve":0.25,"c3":0.75},{"time":2.3333,"angle":-22.76,"curve":0.245,"c3":0.637,"c4":0.56},{"time":2.8,"angle":-8.37,"curve":0.381,"c2":0.55,"c3":0.742},{"time":3.1333,"curve":0.25,"c3":0.75},{"time":3.9,"angle":-22.76,"curve":0.245,"c3":0.637,"c4":0.56},{"time":4.3667,"angle":-8.37,"curve":0.381,"c2":0.55,"c3":0.742},{"time":4.6667}]},"all40":{"rotate":[{"angle":-2.96,"curve":0.32,"c2":0.29,"c3":0.757},{"time":0.6333,"angle":-22.76,"curve":0.243,"c3":0.68,"c4":0.71},{"time":1.2333,"angle":-2.96,"curve":0.375,"c2":0.62,"c3":0.716},{"time":1.4,"curve":0.284,"c3":0.625,"c4":0.38},{"time":1.5667,"angle":-2.96,"curve":0.32,"c2":0.29,"c3":0.757},{"time":2.1667,"angle":-22.76,"curve":0.243,"c3":0.68,"c4":0.71},{"time":2.8,"angle":-2.96,"curve":0.375,"c2":0.62,"c3":0.716},{"time":2.9667,"curve":0.284,"c3":0.625,"c4":0.38},{"time":3.1333,"angle":-2.96,"curve":0.32,"c2":0.29,"c3":0.757},{"time":3.7333,"angle":-22.76,"curve":0.243,"c3":0.68,"c4":0.71},{"time":4.3667,"angle":-2.96,"curve":0.375,"c2":0.62,"c3":0.716},{"time":4.5333,"curve":0.284,"c3":0.625,"c4":0.38},{"time":4.6667,"angle":-2.96}]},"all39":{"rotate":[{"angle":-3.88,"curve":0.307,"c2":0.24,"c3":0.647,"c4":0.59},{"time":0.1667,"angle":-2.91,"curve":0.356,"c2":0.42,"c3":0.756},{"time":0.6667,"curve":0.25,"c3":0.75},{"time":1.4333,"angle":-4.25,"curve":0.292,"c3":0.63,"c4":0.37},{"time":1.5667,"angle":-3.88,"curve":0.307,"c2":0.24,"c3":0.647,"c4":0.59},{"time":1.7,"angle":-2.91,"curve":0.356,"c2":0.42,"c3":0.756},{"time":2.2,"curve":0.25,"c3":0.75},{"time":3,"angle":-4.25,"curve":0.292,"c3":0.63,"c4":0.37},{"time":3.1333,"angle":-3.88,"curve":0.307,"c2":0.24,"c3":0.647,"c4":0.59},{"time":3.2667,"angle":-2.91,"curve":0.356,"c2":0.42,"c3":0.756},{"time":3.7667,"curve":0.25,"c3":0.75},{"time":4.5667,"angle":-4.25,"curve":0.292,"c3":0.63,"c4":0.37},{"time":4.6667,"angle":-3.88}]},"all38":{"rotate":[{"angle":-2.91,"curve":0.327,"c2":0.31,"c3":0.666,"c4":0.66},{"time":0.1667,"angle":-1.79,"curve":0.38,"c2":0.53,"c3":0.746},{"time":0.5,"curve":0.25,"c3":0.75},{"time":1.2667,"angle":-4.25,"curve":0.262,"c3":0.618,"c4":0.44},{"time":1.5667,"angle":-2.91,"curve":0.327,"c2":0.31,"c3":0.666,"c4":0.66},{"time":1.7,"angle":-1.79,"curve":0.38,"c2":0.53,"c3":0.746},{"time":2.0667,"curve":0.25,"c3":0.75},{"time":2.8333,"angle":-4.25,"curve":0.262,"c3":0.618,"c4":0.44},{"time":3.1333,"angle":-2.91,"curve":0.327,"c2":0.31,"c3":0.666,"c4":0.66},{"time":3.2667,"angle":-1.79,"curve":0.38,"c2":0.53,"c3":0.746},{"time":3.6,"curve":0.25,"c3":0.75},{"time":4.4,"angle":-4.25,"curve":0.262,"c3":0.618,"c4":0.44},{"time":4.6667,"angle":-2.91}]},"all37":{"rotate":[{"angle":-1.78,"curve":0.345,"c2":0.37,"c3":0.685,"c4":0.72},{"time":0.1667,"angle":-0.74,"curve":0.379,"c2":0.6,"c3":0.723},{"time":0.3333,"curve":0.25,"c3":0.75},{"time":1.1333,"angle":-4.25,"curve":0.247,"c3":0.632,"c4":0.53},{"time":1.5667,"angle":-1.78,"curve":0.345,"c2":0.37,"c3":0.685,"c4":0.72},{"time":1.7,"angle":-0.74,"curve":0.379,"c2":0.6,"c3":0.723},{"time":1.9,"curve":0.25,"c3":0.75},{"time":2.6667,"angle":-4.25,"curve":0.247,"c3":0.632,"c4":0.53},{"time":3.1333,"angle":-1.78,"curve":0.345,"c2":0.37,"c3":0.685,"c4":0.72},{"time":3.2667,"angle":-0.74,"curve":0.379,"c2":0.6,"c3":0.723},{"time":3.4667,"curve":0.25,"c3":0.75},{"time":4.2333,"angle":-4.25,"curve":0.247,"c3":0.632,"c4":0.53},{"time":4.6667,"angle":-1.78}]},"all36":{"rotate":[{"angle":3.69,"curve":0.311,"c2":0.26,"c3":0.651,"c4":0.61},{"time":0.1667,"angle":2.6,"curve":0.363,"c2":0.44,"c3":0.755},{"time":0.6333,"angle":-0.25,"curve":0.25,"c3":0.75},{"time":1.4,"angle":4.27,"curve":0.284,"c3":0.625,"c4":0.38},{"time":1.5667,"angle":3.69,"curve":0.311,"c2":0.26,"c3":0.651,"c4":0.61},{"time":1.7,"angle":2.6,"curve":0.363,"c2":0.44,"c3":0.755},{"time":2.1667,"angle":-0.25,"curve":0.25,"c3":0.75},{"time":2.9667,"angle":4.27,"curve":0.284,"c3":0.625,"c4":0.38},{"time":3.1333,"angle":3.69,"curve":0.311,"c2":0.26,"c3":0.651,"c4":0.61},{"time":3.2667,"angle":2.6,"curve":0.363,"c2":0.44,"c3":0.755},{"time":3.7333,"angle":-0.25,"curve":0.25,"c3":0.75},{"time":4.5333,"angle":4.27,"curve":0.284,"c3":0.625,"c4":0.38},{"time":4.6667,"angle":3.69}]},"all35":{"rotate":[{"angle":2.6,"curve":0.33,"c2":0.32,"c3":0.67,"c4":0.68},{"time":0.1667,"angle":1.41,"curve":0.381,"c2":0.55,"c3":0.742},{"time":0.4667,"angle":-0.25,"curve":0.25,"c3":0.75},{"time":1.2333,"angle":4.27,"curve":0.258,"c3":0.619,"c4":0.45},{"time":1.5667,"angle":2.6,"curve":0.33,"c2":0.32,"c3":0.67,"c4":0.68},{"time":1.7,"angle":1.41,"curve":0.381,"c2":0.55,"c3":0.742},{"time":2.0333,"angle":-0.25,"curve":0.25,"c3":0.75},{"time":2.8,"angle":4.27,"curve":0.258,"c3":0.619,"c4":0.45},{"time":3.1333,"angle":2.6,"curve":0.33,"c2":0.32,"c3":0.67,"c4":0.68},{"time":3.2667,"angle":1.41,"curve":0.381,"c2":0.55,"c3":0.742},{"time":3.6,"angle":-0.25,"curve":0.25,"c3":0.75},{"time":4.3667,"angle":4.27,"curve":0.258,"c3":0.619,"c4":0.45},{"time":4.6667,"angle":2.6}]},"all34":{"rotate":[{"angle":1.39,"curve":0.349,"c2":0.39,"c3":0.689,"c4":0.74},{"time":0.1667,"angle":0.34,"curve":0.375,"c2":0.62,"c3":0.716},{"time":0.3,"angle":-0.25,"curve":0.25,"c3":0.75},{"time":1.1,"angle":4.27,"curve":0.245,"c3":0.637,"c4":0.56},{"time":1.5667,"angle":1.39,"curve":0.349,"c2":0.39,"c3":0.689,"c4":0.74},{"time":1.7,"angle":0.34,"curve":0.375,"c2":0.62,"c3":0.716},{"time":1.8667,"angle":-0.25,"curve":0.25,"c3":0.75},{"time":2.6667,"angle":4.27,"curve":0.245,"c3":0.637,"c4":0.56},{"time":3.1333,"angle":1.39,"curve":0.349,"c2":0.39,"c3":0.689,"c4":0.74},{"time":3.2667,"angle":0.34,"curve":0.375,"c2":0.62,"c3":0.716},{"time":3.4333,"angle":-0.25,"curve":0.25,"c3":0.75},{"time":4.2,"angle":4.27,"curve":0.245,"c3":0.637,"c4":0.56},{"time":4.6667,"angle":1.39}]},"all33":{"rotate":[{"angle":-3.88,"curve":0.363,"c2":0.44,"c3":0.755},{"time":0.4667,"curve":0.25,"c3":0.75},{"time":1.2333,"angle":-6.14,"curve":0.258,"c3":0.619,"c4":0.45},{"time":1.5667,"angle":-3.88,"curve":0.363,"c2":0.44,"c3":0.755},{"time":2.0333,"curve":0.25,"c3":0.75},{"time":2.8,"angle":-6.14,"curve":0.258,"c3":0.619,"c4":0.45},{"time":3.1333,"angle":-3.88,"curve":0.363,"c2":0.44,"c3":0.755},{"time":3.6,"curve":0.25,"c3":0.75},{"time":4.3667,"angle":-6.14,"curve":0.258,"c3":0.619,"c4":0.45},{"time":4.6667,"angle":-3.88}]},"all32":{"rotate":[{"angle":-2.26,"curve":0.381,"c2":0.55,"c3":0.742},{"time":0.3,"curve":0.25,"c3":0.75},{"time":1.1,"angle":-6.14,"curve":0.245,"c3":0.637,"c4":0.56},{"time":1.5667,"angle":-2.26,"curve":0.381,"c2":0.55,"c3":0.742},{"time":1.8667,"curve":0.25,"c3":0.75},{"time":2.6667,"angle":-6.14,"curve":0.245,"c3":0.637,"c4":0.56},{"time":3.1333,"angle":-2.26,"curve":0.381,"c2":0.55,"c3":0.742},{"time":3.4333,"curve":0.25,"c3":0.75},{"time":4.2,"angle":-6.14,"curve":0.245,"c3":0.637,"c4":0.56},{"time":4.6667,"angle":-2.26}]},"all31":{"rotate":[{"angle":-0.8,"curve":0.375,"c2":0.62,"c3":0.716},{"time":0.1667,"curve":0.25,"c3":0.75},{"time":0.9333,"angle":-6.14,"curve":0.243,"c3":0.68,"c4":0.71},{"time":1.5667,"angle":-0.8,"curve":0.375,"c2":0.62,"c3":0.716},{"time":1.7,"curve":0.25,"c3":0.75},{"time":2.5,"angle":-6.14,"curve":0.243,"c3":0.68,"c4":0.71},{"time":3.1333,"angle":-0.8,"curve":0.375,"c2":0.62,"c3":0.716},{"time":3.2667,"curve":0.25,"c3":0.75},{"time":4.0667,"angle":-6.14,"curve":0.243,"c3":0.68,"c4":0.71},{"time":4.6667,"angle":-0.8}]},"all30":{"rotate":[{"angle":3.05,"curve":0.363,"c2":0.44,"c3":0.755},{"time":0.4667,"curve":0.25,"c3":0.75},{"time":1.2333,"angle":4.82,"curve":0.258,"c3":0.619,"c4":0.45},{"time":1.5667,"angle":3.05,"curve":0.363,"c2":0.44,"c3":0.755},{"time":2.0333,"curve":0.25,"c3":0.75},{"time":2.8,"angle":4.82,"curve":0.258,"c3":0.619,"c4":0.45},{"time":3.1333,"angle":3.05,"curve":0.363,"c2":0.44,"c3":0.755},{"time":3.6,"curve":0.25,"c3":0.75},{"time":4.3667,"angle":4.82,"curve":0.258,"c3":0.619,"c4":0.45},{"time":4.6667,"angle":3.05}]},"all29":{"rotate":[{"angle":1.77,"curve":0.381,"c2":0.55,"c3":0.742},{"time":0.3,"curve":0.25,"c3":0.75},{"time":1.1,"angle":4.82,"curve":0.245,"c3":0.637,"c4":0.56},{"time":1.5667,"angle":1.77,"curve":0.381,"c2":0.55,"c3":0.742},{"time":1.8667,"curve":0.25,"c3":0.75},{"time":2.6667,"angle":4.82,"curve":0.245,"c3":0.637,"c4":0.56},{"time":3.1333,"angle":1.77,"curve":0.381,"c2":0.55,"c3":0.742},{"time":3.4333,"curve":0.25,"c3":0.75},{"time":4.2,"angle":4.82,"curve":0.245,"c3":0.637,"c4":0.56},{"time":4.6667,"angle":1.77}]},"all28":{"rotate":[{"angle":0.63,"curve":0.375,"c2":0.62,"c3":0.716},{"time":0.1667,"curve":0.25,"c3":0.75},{"time":0.9333,"angle":4.82,"curve":0.243,"c3":0.68,"c4":0.71},{"time":1.5667,"angle":0.63,"curve":0.375,"c2":0.62,"c3":0.716},{"time":1.7,"curve":0.25,"c3":0.75},{"time":2.5,"angle":4.82,"curve":0.243,"c3":0.68,"c4":0.71},{"time":3.1333,"angle":0.63,"curve":0.375,"c2":0.62,"c3":0.716},{"time":3.2667,"curve":0.25,"c3":0.75},{"time":4.0667,"angle":4.82,"curve":0.243,"c3":0.68,"c4":0.71},{"time":4.6667,"angle":0.63}]},"all27":{"rotate":[{"angle":7.78,"curve":0.284,"c3":0.625,"c4":0.38},{"time":0.1667,"angle":6.78,"curve":0.311,"c2":0.26,"c3":0.651,"c4":0.61},{"time":0.3,"angle":4.92,"curve":0.363,"c2":0.44,"c3":0.755},{"time":0.7667,"curve":0.25,"c3":0.75},{"time":1.5667,"angle":7.78,"curve":0.284,"c3":0.625,"c4":0.38},{"time":1.7,"angle":6.78,"curve":0.311,"c2":0.26,"c3":0.651,"c4":0.61},{"time":1.8667,"angle":4.92,"curve":0.363,"c2":0.44,"c3":0.755},{"time":2.3333,"curve":0.25,"c3":0.75},{"time":3.1333,"angle":7.78,"curve":0.284,"c3":0.625,"c4":0.38},{"time":3.2667,"angle":6.78,"curve":0.311,"c2":0.26,"c3":0.651,"c4":0.61},{"time":3.4333,"angle":4.92,"curve":0.363,"c2":0.44,"c3":0.755},{"time":3.9,"curve":0.25,"c3":0.75},{"time":4.6667,"angle":7.78}]},"all26":{"rotate":[{"angle":6.78,"curve":0.311,"c2":0.26,"c3":0.651,"c4":0.61},{"time":0.1667,"angle":4.91,"curve":0.33,"c2":0.32,"c3":0.67,"c4":0.68},{"time":0.3,"angle":2.86,"curve":0.381,"c2":0.55,"c3":0.742},{"time":0.6333,"curve":0.25,"c3":0.75},{"time":1.4,"angle":7.78,"curve":0.284,"c3":0.625,"c4":0.38},{"time":1.5667,"angle":6.78,"curve":0.311,"c2":0.26,"c3":0.651,"c4":0.61},{"time":1.7,"angle":4.91,"curve":0.33,"c2":0.32,"c3":0.67,"c4":0.68},{"time":1.8667,"angle":2.86,"curve":0.381,"c2":0.55,"c3":0.742},{"time":2.1667,"curve":0.25,"c3":0.75},{"time":2.9667,"angle":7.78,"curve":0.284,"c3":0.625,"c4":0.38},{"time":3.1333,"angle":6.78,"curve":0.311,"c2":0.26,"c3":0.651,"c4":0.61},{"time":3.2667,"angle":4.91,"curve":0.33,"c2":0.32,"c3":0.67,"c4":0.68},{"time":3.4333,"angle":2.86,"curve":0.381,"c2":0.55,"c3":0.742},{"time":3.7333,"curve":0.25,"c3":0.75},{"time":4.5333,"angle":7.78,"curve":0.284,"c3":0.625,"c4":0.38},{"time":4.6667,"angle":6.78}]},"yandai":{"rotate":[{"angle":4.89,"curve":0.33,"c2":0.32,"c3":0.67,"c4":0.68},{"time":0.1667,"angle":2.83,"curve":0.349,"c2":0.39,"c3":0.689,"c4":0.74},{"time":0.3,"angle":1.01,"curve":0.375,"c2":0.62,"c3":0.716},{"time":0.4667,"curve":0.25,"c3":0.75},{"time":1.2333,"angle":7.78,"curve":0.258,"c3":0.619,"c4":0.45},{"time":1.5667,"angle":4.89,"curve":0.33,"c2":0.32,"c3":0.67,"c4":0.68},{"time":1.7,"angle":2.83,"curve":0.349,"c2":0.39,"c3":0.689,"c4":0.74},{"time":1.8667,"angle":1.01,"curve":0.375,"c2":0.62,"c3":0.716},{"time":2.0333,"curve":0.25,"c3":0.75},{"time":2.8,"angle":7.78,"curve":0.258,"c3":0.619,"c4":0.45},{"time":3.1333,"angle":4.89,"curve":0.33,"c2":0.32,"c3":0.67,"c4":0.68},{"time":3.2667,"angle":2.83,"curve":0.349,"c2":0.39,"c3":0.689,"c4":0.74},{"time":3.4333,"angle":1.01,"curve":0.375,"c2":0.62,"c3":0.716},{"time":3.6,"curve":0.25,"c3":0.75},{"time":4.3667,"angle":7.78,"curve":0.258,"c3":0.619,"c4":0.45},{"time":4.6667,"angle":4.89}]},"all24":{"rotate":[{"angle":4.42,"curve":0.311,"c2":0.26,"c3":0.651,"c4":0.61},{"time":0.1667,"angle":3.2,"curve":0.363,"c2":0.44,"c3":0.755},{"time":0.6333,"curve":0.25,"c3":0.75},{"time":1.4,"angle":5.07,"curve":0.284,"c3":0.625,"c4":0.38},{"time":1.5667,"angle":4.42,"curve":0.311,"c2":0.26,"c3":0.651,"c4":0.61},{"time":1.7,"angle":3.2,"curve":0.363,"c2":0.44,"c3":0.755},{"time":2.1667,"curve":0.25,"c3":0.75},{"time":2.9667,"angle":5.07,"curve":0.284,"c3":0.625,"c4":0.38},{"time":3.1333,"angle":4.42,"curve":0.311,"c2":0.26,"c3":0.651,"c4":0.61},{"time":3.2667,"angle":3.2,"curve":0.363,"c2":0.44,"c3":0.755},{"time":3.7333,"curve":0.25,"c3":0.75},{"time":4.5333,"angle":5.07,"curve":0.284,"c3":0.625,"c4":0.38},{"time":4.6667,"angle":4.42}]},"all23":{"rotate":[{"angle":3.2,"curve":0.33,"c2":0.32,"c3":0.67,"c4":0.68},{"time":0.1667,"angle":1.86,"curve":0.381,"c2":0.55,"c3":0.742},{"time":0.4667,"curve":0.25,"c3":0.75},{"time":1.2333,"angle":5.07,"curve":0.258,"c3":0.619,"c4":0.45},{"time":1.5667,"angle":3.2,"curve":0.33,"c2":0.32,"c3":0.67,"c4":0.68},{"time":1.7,"angle":1.86,"curve":0.381,"c2":0.55,"c3":0.742},{"time":2.0333,"curve":0.25,"c3":0.75},{"time":2.8,"angle":5.07,"curve":0.258,"c3":0.619,"c4":0.45},{"time":3.1333,"angle":3.2,"curve":0.33,"c2":0.32,"c3":0.67,"c4":0.68},{"time":3.2667,"angle":1.86,"curve":0.381,"c2":0.55,"c3":0.742},{"time":3.6,"curve":0.25,"c3":0.75},{"time":4.3667,"angle":5.07,"curve":0.258,"c3":0.619,"c4":0.45},{"time":4.6667,"angle":3.2}]},"all22":{"rotate":[{"angle":1.84,"curve":0.349,"c2":0.39,"c3":0.689,"c4":0.74},{"time":0.1667,"angle":0.66,"curve":0.375,"c2":0.62,"c3":0.716},{"time":0.3,"curve":0.25,"c3":0.75},{"time":1.1,"angle":5.07,"curve":0.245,"c3":0.637,"c4":0.56},{"time":1.5667,"angle":1.84,"curve":0.349,"c2":0.39,"c3":0.689,"c4":0.74},{"time":1.7,"angle":0.66,"curve":0.375,"c2":0.62,"c3":0.716},{"time":1.8667,"curve":0.25,"c3":0.75},{"time":2.6667,"angle":5.07,"curve":0.245,"c3":0.637,"c4":0.56},{"time":3.1333,"angle":1.84,"curve":0.349,"c2":0.39,"c3":0.689,"c4":0.74},{"time":3.2667,"angle":0.66,"curve":0.375,"c2":0.62,"c3":0.716},{"time":3.4333,"curve":0.25,"c3":0.75},{"time":4.2,"angle":5.07,"curve":0.245,"c3":0.637,"c4":0.56},{"time":4.6667,"angle":1.84}]},"all21":{"rotate":[{"angle":-3.24,"curve":0.363,"c2":0.44,"c3":0.755},{"time":0.4667,"curve":0.25,"c3":0.75},{"time":1.2333,"angle":-5.13,"curve":0.258,"c3":0.619,"c4":0.45},{"time":1.5667,"angle":-3.24,"curve":0.363,"c2":0.44,"c3":0.755},{"time":2.0333,"curve":0.25,"c3":0.75},{"time":2.8,"angle":-5.13,"curve":0.258,"c3":0.619,"c4":0.45},{"time":3.1333,"angle":-3.24,"curve":0.363,"c2":0.44,"c3":0.755},{"time":3.6,"curve":0.25,"c3":0.75},{"time":4.3667,"angle":-5.13,"curve":0.258,"c3":0.619,"c4":0.45},{"time":4.6667,"angle":-3.24}]},"all20":{"rotate":[{"angle":-1.89,"curve":0.381,"c2":0.55,"c3":0.742},{"time":0.3,"curve":0.25,"c3":0.75},{"time":1.1,"angle":-5.13,"curve":0.245,"c3":0.637,"c4":0.56},{"time":1.5667,"angle":-1.89,"curve":0.381,"c2":0.55,"c3":0.742},{"time":1.8667,"curve":0.25,"c3":0.75},{"time":2.6667,"angle":-5.13,"curve":0.245,"c3":0.637,"c4":0.56},{"time":3.1333,"angle":-1.89,"curve":0.381,"c2":0.55,"c3":0.742},{"time":3.4333,"curve":0.25,"c3":0.75},{"time":4.2,"angle":-5.13,"curve":0.245,"c3":0.637,"c4":0.56},{"time":4.6667,"angle":-1.89}]},"all19":{"rotate":[{"angle":-0.67,"curve":0.375,"c2":0.62,"c3":0.716},{"time":0.1667,"curve":0.25,"c3":0.75},{"time":0.9333,"angle":-5.13,"curve":0.243,"c3":0.68,"c4":0.71},{"time":1.5667,"angle":-0.67,"curve":0.375,"c2":0.62,"c3":0.716},{"time":1.7,"curve":0.25,"c3":0.75},{"time":2.5,"angle":-5.13,"curve":0.243,"c3":0.68,"c4":0.71},{"time":3.1333,"angle":-0.67,"curve":0.375,"c2":0.62,"c3":0.716},{"time":3.2667,"curve":0.25,"c3":0.75},{"time":4.0667,"angle":-5.13,"curve":0.243,"c3":0.68,"c4":0.71},{"time":4.6667,"angle":-0.67}]},"all10":{"translate":[{"time":0.8,"curve":0.25,"c3":0.75},{"time":0.9,"x":-19.1,"curve":0.25,"c3":0.75},{"time":1}]},"all7":{"scale":[{"time":0.8,"curve":0.25,"c3":0.75},{"time":0.9,"x":0.037,"curve":0.25,"c3":0.75},{"time":1}]},"all6":{"scale":[{"time":0.8,"curve":0.25,"c3":0.75},{"time":0.9,"x":0.037,"curve":0.25,"c3":0.75},{"time":1}]},"all5":{"translate":[{"x":-3.22,"y":-0.59,"curve":0.381,"c2":0.55,"c3":0.742},{"time":0.3,"curve":0.25,"c3":0.75},{"time":1.1,"x":-8.77,"y":-1.62,"curve":0.245,"c3":0.637,"c4":0.56},{"time":1.5667,"x":-3.22,"y":-0.59,"curve":0.381,"c2":0.55,"c3":0.742},{"time":1.8667,"curve":0.25,"c3":0.75},{"time":2.6667,"x":-8.77,"y":-1.62,"curve":0.245,"c3":0.637,"c4":0.56},{"time":3.1333,"x":-3.22,"y":-0.59,"curve":0.381,"c2":0.55,"c3":0.742},{"time":3.4333,"curve":0.25,"c3":0.75},{"time":4.2,"x":-8.77,"y":-1.62,"curve":0.245,"c3":0.637,"c4":0.56},{"time":4.6667,"x":-3.22,"y":-0.59}]},"tou":{"rotate":[{"angle":0.9,"curve":0.363,"c2":0.44,"c3":0.755},{"time":0.4667,"curve":0.25,"c3":0.75},{"time":1.2333,"angle":1.42,"curve":0.258,"c3":0.619,"c4":0.45},{"time":1.5667,"angle":0.9,"curve":0.363,"c2":0.44,"c3":0.755},{"time":2.0333,"curve":0.25,"c3":0.75},{"time":2.8,"angle":1.42,"curve":0.258,"c3":0.619,"c4":0.45},{"time":3.1333,"angle":0.9,"curve":0.363,"c2":0.44,"c3":0.755},{"time":3.6,"curve":0.25,"c3":0.75},{"time":4.3667,"angle":1.42,"curve":0.258,"c3":0.619,"c4":0.45},{"time":4.6667,"angle":0.9}]},"st":{"rotate":[{"angle":-3.23,"curve":0.364,"c2":0.64,"c3":0.7},{"time":0.1,"angle":-3.31,"curve":0.25,"c3":0.75},{"time":0.8667,"angle":0.64,"curve":0.244,"c3":0.704,"c4":0.81},{"time":1.5667,"angle":-3.23,"curve":0.364,"c2":0.64,"c3":0.7},{"time":1.6667,"angle":-3.31,"curve":0.25,"c3":0.75},{"time":2.4333,"angle":0.64,"curve":0.244,"c3":0.704,"c4":0.81},{"time":3.1333,"angle":-3.23,"curve":0.364,"c2":0.64,"c3":0.7},{"time":3.2,"angle":-3.31,"curve":0.25,"c3":0.75},{"time":4,"angle":0.64,"curve":0.244,"c3":0.704,"c4":0.81},{"time":4.6667,"angle":-3.23}]},"js":{"translate":[{"x":0.61,"y":-0.1,"curve":0.375,"c2":0.62,"c3":0.716},{"time":0.1667,"curve":0.25,"c3":0.75},{"time":0.9333,"x":4.71,"y":-0.76,"curve":0.243,"c3":0.68,"c4":0.71},{"time":1.5667,"x":0.61,"y":-0.1,"curve":0.375,"c2":0.62,"c3":0.716},{"time":1.7,"curve":0.25,"c3":0.75},{"time":2.5,"x":4.71,"y":-0.76,"curve":0.243,"c3":0.68,"c4":0.71},{"time":3.1333,"x":0.61,"y":-0.1,"curve":0.375,"c2":0.62,"c3":0.716},{"time":3.2667,"curve":0.25,"c3":0.75},{"time":4.0667,"x":4.71,"y":-0.76,"curve":0.243,"c3":0.68,"c4":0.71},{"time":4.6667,"x":0.61,"y":-0.1}]}},"deform":{"default":{"tou":{"tou":[{"offset":54,"curve":0.381,"c2":0.55,"c3":0.742,"vertices":[-4.74289,-1.00828]},{"time":0.3,"curve":0.25,"c3":0.75},{"time":1.1,"offset":54,"curve":0.245,"c3":0.637,"c4":0.56,"vertices":[-12.89328,-2.74096]},{"time":1.5667,"offset":54,"curve":0.381,"c2":0.55,"c3":0.742,"vertices":[-4.74289,-1.00828]},{"time":1.8667,"curve":0.25,"c3":0.75},{"time":2.6667,"offset":54,"curve":0.245,"c3":0.637,"c4":0.56,"vertices":[-12.89328,-2.74096]},{"time":3.1333,"offset":54,"curve":0.381,"c2":0.55,"c3":0.742,"vertices":[-4.74289,-1.00828]},{"time":3.4333,"curve":0.25,"c3":0.75},{"time":4.2,"offset":54,"curve":0.245,"c3":0.637,"c4":0.56,"vertices":[-12.89328,-2.74096]},{"time":4.6667,"offset":54,"vertices":[-4.74289,-1.00828]}]},"yifu":{"yifu":[{"offset":8,"curve":0.379,"c2":0.6,"c3":0.723,"vertices":[0.48667,0.39444]},{"time":0.2,"curve":0.25,"c3":0.75},{"time":0.9667,"offset":8,"curve":0.242,"c3":0.669,"c4":0.68,"vertices":[2.80354,2.27222]},{"time":1.5667,"offset":8,"curve":0.379,"c2":0.6,"c3":0.723,"vertices":[0.48667,0.39444]},{"time":1.7333,"curve":0.25,"c3":0.75},{"time":2.5333,"offset":8,"curve":0.242,"c3":0.669,"c4":0.68,"vertices":[2.80354,2.27222]},{"time":3.1333,"offset":8,"curve":0.379,"c2":0.6,"c3":0.723,"vertices":[0.48667,0.39444]},{"time":3.3,"curve":0.25,"c3":0.75},{"time":4.1,"offset":8,"curve":0.242,"c3":0.669,"c4":0.68,"vertices":[2.80354,2.27222]},{"time":4.6667,"offset":8,"vertices":[0.48667,0.39444]}]}}}},"walk":{"bones":{"js":{"rotate":[{"angle":-3.47}],"translate":[{"x":-1.25,"y":-5.02,"curve":0.25,"c3":0.75},{"time":0.2667,"y":7.91,"curve":0.25,"c3":0.75},{"time":0.5,"x":-1.25,"y":-5.02,"curve":0.25,"c3":0.75},{"time":0.7667,"y":7.91,"curve":0.25,"c3":0.75},{"time":1,"x":-1.25,"y":-5.02}]},"st":{"rotate":[{"angle":1.55,"curve":0.382,"c2":0.57,"c3":0.735},{"time":0.1667,"curve":0.25,"c3":0.75},{"time":0.6667,"angle":5.48,"curve":0.243,"c3":0.649,"c4":0.6},{"time":1,"angle":1.55}]},"tou":{"rotate":[{"angle":3.92,"curve":0.351,"c2":0.4,"c3":0.757},{"time":0.3333,"curve":0.25,"c3":0.75},{"time":0.8333,"angle":5.48,"curve":0.265,"c3":0.618,"c4":0.43},{"time":1,"angle":3.92}]},"all5":{"translate":[{"x":-0.72,"y":1.78,"curve":0.382,"c2":0.57,"c3":0.735},{"time":0.1667,"curve":0.25,"c3":0.75},{"time":0.6667,"x":-2.54,"y":6.26,"curve":0.243,"c3":0.649,"c4":0.6},{"time":1,"x":-0.72,"y":1.78}]},"youjiao":{"rotate":[{"angle":-23.28}]},"all14":{"rotate":[{"angle":33.23}]},"ik_jio1":{"rotate":[{"time":0.5,"curve":0.344,"c2":0.37,"c3":0.688,"c4":0.74},{"time":0.7667,"angle":137.17,"curve":0.378,"c2":0.61,"c3":0.722},{"time":1}],"translate":[{"x":-24.46,"y":2.8,"curve":0.25,"c3":0.75},{"time":0.5,"x":65.4,"y":19.78,"curve":0.25,"c3":0.75},{"time":0.7667,"x":42.06,"y":75.68,"curve":0.25,"c3":0.75},{"time":1,"x":-24.46,"y":2.8}]},"datui1":{"rotate":[{"angle":-8.59}]},"xioatui1":{"rotate":[{"angle":30.24}]},"ik_jio2":{"rotate":[{},{"time":0.2333,"angle":87,"curve":0.329,"c2":0.32,"c3":0.758},{"time":0.5,"angle":-40.7},{"time":0.7333,"angle":-8.34},{"time":1}],"translate":[{"x":13.9,"y":5.79,"curve":0.25,"c3":0.75},{"time":0.2333,"x":-9.44,"y":61.7,"curve":0.25,"c3":0.75},{"time":0.5,"x":-100.44,"y":-2.21,"curve":0.25,"c3":0.75},{"time":1,"x":13.9,"y":5.79}],"shear":[{},{"time":0.2333,"y":28.42,"curve":0.329,"c2":0.32,"c3":0.758},{"time":0.5,"y":41.86},{"time":1}]},"all19":{"rotate":[{"angle":-22.53,"curve":0.25,"c3":0.75},{"time":0.5,"angle":3.4,"curve":0.25,"c3":0.75},{"time":1,"angle":-22.53}]},"all20":{"rotate":[{"angle":-19.16,"curve":0.375,"c2":0.62,"c3":0.716},{"time":0.1,"angle":-22.53,"curve":0.25,"c3":0.75},{"time":0.6,"angle":3.4,"curve":0.243,"c3":0.68,"c4":0.71},{"time":1,"angle":-19.16}]},"all21":{"rotate":[{"angle":-12.99,"curve":0.381,"c2":0.55,"c3":0.742},{"time":0.2,"angle":-22.53,"curve":0.25,"c3":0.75},{"time":0.7,"angle":3.4,"curve":0.245,"c3":0.637,"c4":0.56},{"time":1,"angle":-12.99}]},"all22":{"rotate":[{"angle":16.07,"curve":0.25,"c3":0.75},{"time":0.5,"angle":-9.68,"curve":0.25,"c3":0.75},{"time":1,"angle":16.07}]},"all23":{"rotate":[{"angle":12.72,"curve":0.375,"c2":0.62,"c3":0.716},{"time":0.1,"angle":16.07,"curve":0.25,"c3":0.75},{"time":0.6,"angle":-9.68,"curve":0.243,"c3":0.68,"c4":0.71},{"time":1,"angle":12.72}]},"all24":{"rotate":[{"angle":6.6,"curve":0.381,"c2":0.55,"c3":0.742},{"time":0.2,"angle":16.07,"curve":0.25,"c3":0.75},{"time":0.7,"angle":-9.68,"curve":0.245,"c3":0.637,"c4":0.56},{"time":1,"angle":6.6}]},"yandai":{"rotate":[{"angle":4.18,"curve":0.38,"c2":0.59,"c3":0.727},{"time":0.1333,"curve":0.25,"c3":0.75},{"time":0.6333,"angle":20.64,"curve":0.242,"c3":0.663,"c4":0.65},{"time":1,"angle":4.18}]},"all26":{"rotate":[{"angle":11.23,"curve":0.372,"c2":0.48,"c3":0.752},{"time":0.2667,"curve":0.25,"c3":0.75},{"time":0.7667,"angle":20.64,"curve":0.252,"c3":0.622,"c4":0.48},{"time":1,"angle":11.23}]},"all27":{"rotate":[{"angle":17.96,"curve":0.32,"c2":0.29,"c3":0.757},{"time":0.4,"curve":0.25,"c3":0.75},{"time":0.9,"angle":20.64,"curve":0.284,"c3":0.625,"c4":0.38},{"time":1,"angle":17.96}]},"all28":{"rotate":[{"angle":-1.31,"curve":0.25,"c3":0.75},{"time":0.5,"angle":8.92,"curve":0.25,"c3":0.75},{"time":1,"angle":-1.31}]},"all29":{"rotate":[{"angle":0.02,"curve":0.375,"c2":0.62,"c3":0.716},{"time":0.1,"angle":-1.31,"curve":0.25,"c3":0.75},{"time":0.6,"angle":8.92,"curve":0.243,"c3":0.68,"c4":0.71},{"time":1,"angle":0.02}]},"all30":{"rotate":[{"angle":2.45,"curve":0.381,"c2":0.55,"c3":0.742},{"time":0.2,"angle":-1.31,"curve":0.25,"c3":0.75},{"time":0.7,"angle":8.92,"curve":0.245,"c3":0.637,"c4":0.56},{"time":1,"angle":2.45}]},"all31":{"rotate":[{},{"time":0.5,"angle":-11.61,"curve":0.25,"c3":0.75},{"time":1}]},"all32":{"rotate":[{"angle":-3.29,"curve":0.382,"c2":0.57,"c3":0.735},{"time":0.1667},{"time":0.6667,"angle":-11.61,"curve":0.243,"c3":0.649,"c4":0.6},{"time":1,"angle":-3.29}]},"all33":{"rotate":[{"angle":-8.32,"curve":0.351,"c2":0.4,"c3":0.757},{"time":0.3333},{"time":0.8333,"angle":-11.61,"curve":0.265,"c3":0.618,"c4":0.43},{"time":1,"angle":-8.32}]},"all34":{"rotate":[{},{"time":0.5,"angle":6.14,"curve":0.25,"c3":0.75},{"time":1}]},"all35":{"rotate":[{"angle":1.74,"curve":0.382,"c2":0.57,"c3":0.735},{"time":0.1667},{"time":0.6667,"angle":6.14,"curve":0.243,"c3":0.649,"c4":0.6},{"time":1,"angle":1.74}]},"all36":{"rotate":[{"angle":4.4,"curve":0.351,"c2":0.4,"c3":0.757},{"time":0.3333},{"time":0.8333,"angle":6.14,"curve":0.265,"c3":0.618,"c4":0.43},{"time":1,"angle":4.4}]},"all37":{"rotate":[{"curve":0.25,"c3":0.75},{"time":0.5,"angle":-5.95,"curve":0.25,"c3":0.75},{"time":1}]},"all38":{"rotate":[{"angle":-1.69,"curve":0.382,"c2":0.57,"c3":0.735},{"time":0.1667,"curve":0.25,"c3":0.75},{"time":0.6667,"angle":-5.95,"curve":0.243,"c3":0.649,"c4":0.6},{"time":1,"angle":-1.69}]},"all39":{"rotate":[{"angle":-4.26,"curve":0.351,"c2":0.4,"c3":0.757},{"time":0.3333,"curve":0.25,"c3":0.75},{"time":0.8333,"angle":-5.95,"curve":0.265,"c3":0.618,"c4":0.43},{"time":1,"angle":-4.26}]},"all40":{"rotate":[{"angle":-13.8,"curve":0.381,"c2":0.55,"c3":0.742},{"time":0.2,"curve":0.25,"c3":0.75},{"time":0.7,"angle":-37.52,"curve":0.245,"c3":0.637,"c4":0.56},{"time":1,"angle":-13.8}]},"all41":{"rotate":[{"angle":-32.64,"curve":0.32,"c2":0.29,"c3":0.757},{"time":0.4,"curve":0.25,"c3":0.75},{"time":0.9,"angle":-37.52,"curve":0.284,"c3":0.625,"c4":0.38},{"time":1,"angle":-32.64}]}},"deform":{"default":{"tou":{"tou":[{"offset":54,"curve":0.382,"c2":0.57,"c3":0.735,"vertices":[0.10452,1.33313]},{"time":0.1667,"curve":0.25,"c3":0.75},{"time":0.6667,"offset":54,"curve":0.243,"c3":0.649,"c4":0.6,"vertices":[0.36829,4.69756]},{"time":1,"offset":54,"vertices":[0.10452,1.33313]}]}}}}}},[0]]],0,0,[0],[-1],[0]]