{"paths":{"0":["font/AlibabaPuHuiTi-3-55-Regular",1],"1":["font/Bold",1],"2":["i18n/sprite/en/bg_phb_1",3],"3":["i18n/sprite/en/biaoti1",3],"4":["i18n/sprite/en/biaoti2",3],"5":["i18n/sprite/en/bt_1",3],"6":["i18n/sprite/en/Group 47",3],"7":["i18n/sprite/en/img_ranking",3],"8":["i18n/sprite/en/img_record",3],"9":["i18n/sprite/en/img_tc_zd",3],"10":["i18n/sprite/en/label_benefit",3],"11":["i18n/sprite/en/label_skin_benefit",3],"12":["i18n/sprite/en/my_record",3],"13":["i18n/sprite/en/pop_win1",3],"14":["i18n/sprite/en/room_name_1",3],"15":["i18n/sprite/en/room_name_2",3],"16":["i18n/sprite/en/room_name_3",3],"17":["i18n/sprite/en/room_name_4",3],"18":["i18n/sprite/en/room_name_5",3],"19":["i18n/sprite/en/room_name_6",3],"20":["i18n/sprite/en/room_name_7",3],"21":["i18n/sprite/en/room_name_8",3],"22":["i18n/sprite/en/ts2",3],"23":["i18n/sprite/zh/bg_phb_1",3],"24":["i18n/sprite/zh/biaoti1",3],"25":["i18n/sprite/zh/biaoti2",3],"26":["i18n/sprite/zh/bt_1",3],"27":["i18n/sprite/zh/Group 47",3],"28":["i18n/sprite/zh/img_ranking",3],"29":["i18n/sprite/zh/img_record",3],"30":["i18n/sprite/zh/img_tc_zd",3],"31":["i18n/sprite/zh/label_benefit",3],"32":["i18n/sprite/zh/label_skin_benefit",3],"33":["i18n/sprite/zh/logo2",3],"34":["i18n/sprite/zh/my_record",3],"35":["i18n/sprite/zh/pop_win1",3],"36":["i18n/sprite/zh/room_name_1",3],"37":["i18n/sprite/zh/room_name_2",3],"38":["i18n/sprite/zh/room_name_3",3],"39":["i18n/sprite/zh/room_name_4",3],"40":["i18n/sprite/zh/room_name_5",3],"41":["i18n/sprite/zh/room_name_6",3],"42":["i18n/sprite/zh/room_name_7",3],"43":["i18n/sprite/zh/room_name_8",3],"44":["i18n/sprite/zh/ts2",3],"45":["loading/texture/bg",3],"46":["loading/texture/Bg2",3],"47":["loading/texture/Loading..",3],"48":["loading/texture/logo",3],"49":["loading/texture/prog_bar",3],"50":["loading/texture/prog_bg",3],"51":["sounds/bgm",6],"52":["sounds/daojishi",6],"53":["sounds/guanmen",6],"54":["sounds/jianshe",6],"55":["sounds/kan",6],"56":["sounds/ui_click",6],"57":["spine/door/men_Anim",7],"58":["spine/door/men_Anim",3],"59":["spine/killer/killer",7],"60":["spine/killer/killer",3],"61":["spine/killer/konglong",7],"62":["spine/killer/konglong",3],"63":["spine/player/renwu",7],"64":["spine/player/renwu",3],"65":["texture/bg/img_bg",3],"66":["texture/outGame/outGame",3],"67":["texture/player/player",3],"68":["texture/setting/bg_toggle",3],"69":["texture/setting/bg",3],"70":["texture/setting/btn_close",3],"71":["texture/setting/checkmark",3],"72":["texture/setting/dec",3],"73":["texture/setting/effect",3],"74":["texture/setting/sep",3],"75":["texture/setting/sound",3],"76":["texture/setting/toggle_language",3],"77":["texture/weihu/img_whz",3],"78":["animations/huxi",0],"79":["animations/shachou_chuxian",0],"80":["i18n/label/en",2],"81":["i18n/label/zh",2],"82":["i18n/sprite/en/bg_phb_1",4,1],"83":["i18n/sprite/en/biaoti1",4,1],"84":["i18n/sprite/en/biaoti2",4,1],"85":["i18n/sprite/en/bt_1",4,1],"86":["i18n/sprite/en/Group 47",4,1],"87":["i18n/sprite/en/img_ranking",4,1],"88":["i18n/sprite/en/img_record",4,1],"89":["i18n/sprite/en/img_tc_zd",4,1],"90":["i18n/sprite/en/label_benefit",4,1],"91":["i18n/sprite/en/label_skin_benefit",4,1],"92":["i18n/sprite/en/my_record",4,1],"93":["i18n/sprite/en/pop_win1",4,1],"94":["i18n/sprite/en/room_name_1",4,1],"95":["i18n/sprite/en/room_name_2",4,1],"96":["i18n/sprite/en/room_name_3",4,1],"97":["i18n/sprite/en/room_name_4",4,1],"98":["i18n/sprite/en/room_name_5",4,1],"99":["i18n/sprite/en/room_name_6",4,1],"100":["i18n/sprite/en/room_name_7",4,1],"101":["i18n/sprite/en/room_name_8",4,1],"102":["i18n/sprite/en/ts2",4,1],"103":["i18n/sprite/zh/bg_phb_1",4,1],"104":["i18n/sprite/zh/biaoti1",4,1],"105":["i18n/sprite/zh/biaoti2",4,1],"106":["i18n/sprite/zh/bt_1",4,1],"107":["i18n/sprite/zh/Group 47",4,1],"108":["i18n/sprite/zh/img_ranking",4,1],"109":["i18n/sprite/zh/img_record",4,1],"110":["i18n/sprite/zh/img_tc_zd",4,1],"111":["i18n/sprite/zh/label_benefit",4,1],"112":["i18n/sprite/zh/label_skin_benefit",4,1],"113":["i18n/sprite/zh/logo2",4,1],"114":["i18n/sprite/zh/my_record",4,1],"115":["i18n/sprite/zh/pop_win1",4,1],"116":["i18n/sprite/zh/room_name_1",4,1],"117":["i18n/sprite/zh/room_name_2",4,1],"118":["i18n/sprite/zh/room_name_3",4,1],"119":["i18n/sprite/zh/room_name_4",4,1],"120":["i18n/sprite/zh/room_name_5",4,1],"121":["i18n/sprite/zh/room_name_6",4,1],"122":["i18n/sprite/zh/room_name_7",4,1],"123":["i18n/sprite/zh/room_name_8",4,1],"124":["i18n/sprite/zh/ts2",4,1],"125":["loading/texture/bg",4,1],"126":["loading/texture/Bg2",4,1],"127":["loading/texture/Loading..",4,1],"128":["loading/texture/logo",4,1],"129":["loading/texture/prog_bar",4,1],"130":["loading/texture/prog_bg",4,1],"131":["prefab/comPop/comDialog",5],"132":["prefab/comPop/comTips",5],"133":["prefab/comPop/comTipsItem",5],"134":["prefab/drop_coin",5],"135":["prefab/gameLayer",5],"136":["prefab/icon_coin",5],"137":["prefab/jiluItem1",5],"138":["prefab/jiluItem2",5],"139":["prefab/jiluItem3",5],"140":["prefab/jiluItem4",5],"141":["prefab/jiluItem5",5],"142":["prefab/jiluLayer",5],"143":["prefab/killer",5],"144":["prefab/player",5],"145":["prefab/playerName",5],"146":["prefab/rankLayer",5],"147":["prefab/weihuLayer",5],"148":["spine/door/men_Anim",8],"149":["spine/door/men_Anim",4,1],"150":["spine/killer/killer",8],"151":["spine/killer/killer",4,1],"152":["spine/killer/konglong",8],"153":["spine/killer/konglong",4,1],"154":["spine/player/renwu",8],"155":["spine/player/renwu",4,1],"156":["texture/bg/img_bg",4,1],"157":["texture/choseRoom/AutoAtlas",9],"158":["texture/choseRoom/icon_tr",4,1],"159":["texture/choseRoom/room1",4,1],"160":["texture/choseRoom/room2",4,1],"161":["texture/choseRoom/room3",4,1],"162":["texture/hall/AutoAtlas",9],"163":["texture/hall/bt_1",4,1],"164":["texture/hall/bt_2",4,1],"165":["texture/hall/bt_3",4,1],"166":["texture/hall/btn_trxz",4,1],"167":["texture/hall/coin_1",4,1],"168":["texture/hall/coin_2",4,1],"169":["texture/hall/coin_3",4,1],"170":["texture/hall/coin_heibian_1",4,1],"171":["texture/hall/coin_heibian_2",4,1],"172":["texture/hall/coin_heibian_3",4,1],"173":["texture/hall/head_more",4,1],"174":["texture/hall/img_bubble",4,1],"175":["texture/hall/img_cat",4,1],"176":["texture/hall/img_djs",4,1],"177":["texture/hall/img_ranking",4,1],"178":["texture/hall/img_record",4,1],"179":["texture/hall/img_tc_zd",4,1],"180":["texture/hall/img_tc",4,1],"181":["texture/hall/img_xz",4,1],"182":["texture/hall/img_xz2",4,1],"183":["texture/hall/img_xz3",4,1],"184":["texture/hall/label_1",4,1],"185":["texture/hall/label_2",4,1],"186":["texture/hall/pop_tips",4,1],"187":["texture/hall/pop_win1",4,1],"188":["texture/hall/pop_win2",4,1],"189":["texture/hall/pop_win3",4,1],"190":["texture/hall/qipao",4,1],"191":["texture/hall/room_1",4,1],"192":["texture/hall/room_2",4,1],"193":["texture/hall/room_3",4,1],"194":["texture/hall/room_4",4,1],"195":["texture/hall/room_5",4,1],"196":["texture/hall/room_6",4,1],"197":["texture/hall/room_7",4,1],"198":["texture/hall/room_8",4,1],"199":["texture/hall/room_name_1",4,1],"200":["texture/hall/room_name_2",4,1],"201":["texture/hall/room_name_3",4,1],"202":["texture/hall/room_name_4",4,1],"203":["texture/hall/room_name_5",4,1],"204":["texture/hall/room_name_6",4,1],"205":["texture/hall/room_name_7",4,1],"206":["texture/hall/room_name_8",4,1],"207":["texture/hall/tc_over_2",4,1],"208":["texture/hall/ts1",4,1],"209":["texture/hall/ts2",4,1],"210":["texture/jilu/AutoAtlas",9],"211":["texture/jilu/beijing",4,1],"212":["texture/jilu/biaoti1",4,1],"213":["texture/jilu/biaoti2",4,1],"214":["texture/jilu/coin_1",4,1],"215":["texture/jilu/coin_2",4,1],"216":["texture/jilu/coin_3",4,1],"217":["texture/jilu/ditu1",4,1],"218":["texture/jilu/fanhui",4,1],"219":["texture/jilu/icons8-buffering-96",4,1],"220":["texture/jilu/kuiang_2",4,1],"221":["texture/jilu/linghuntubiao",4,1],"222":["texture/jilu/room_name_1",4,1],"223":["texture/jilu/room_name_2",4,1],"224":["texture/jilu/room_name_3",4,1],"225":["texture/jilu/room_name_4",4,1],"226":["texture/jilu/room_name_5",4,1],"227":["texture/jilu/room_name_6",4,1],"228":["texture/jilu/room_name_7",4,1],"229":["texture/jilu/room_name_8",4,1],"230":["texture/jilu/wode_jilu",4,1],"231":["texture/outGame/outGame",4,1],"232":["texture/player/player",9],"233":["texture/rank/AutoAtlas",9],"234":["texture/rank/beijing",4,1],"235":["texture/rank/bg_phb_1",4,1],"236":["texture/rank/bg_phb_2",4,1],"237":["texture/rank/bg_phb_3",4,1],"238":["texture/rank/btn_szb_1",4,1],"239":["texture/rank/btn_szb_2",4,1],"240":["texture/rank/coin_1",4,1],"241":["texture/rank/coin_2",4,1],"242":["texture/rank/coin_3",4,1],"243":["texture/rank/defaultAv",4,1],"244":["texture/rank/fanhui",4,1],"245":["texture/rank/fengex",4,1],"246":["texture/rank/first",4,1],"247":["texture/rank/lab_bg",4,1],"248":["texture/rank/label_pfqy",4,1],"249":["texture/rank/label_qy",4,1],"250":["texture/rank/rank_bg",4,1],"251":["texture/rank/second",4,1],"252":["texture/rank/tc_szb",4,1],"253":["texture/rank/third",4,1],"254":["texture/rank/touxiangshiyi",4,1],"255":["texture/setting/bg_toggle",4,1],"256":["texture/setting/bg",4,1],"257":["texture/setting/btn_close",4,1],"258":["texture/setting/checkmark",4,1],"259":["texture/setting/dec",4,1],"260":["texture/setting/effect",4,1],"261":["texture/setting/sep",4,1],"262":["texture/setting/sound",4,1],"263":["texture/setting/toggle_language",4,1],"264":["texture/weihu/img_whz",4,1]},"types":["cc.AnimationClip","cc.TTFFont","cc.JsonAsset","cc.Texture2D","cc.SpriteFrame","cc.Prefab","cc.AudioClip","cc.Asset","sp.SkeletonData","cc.SpriteAtlas"],"uuids":["c4aplNTFdLT7YvM9jFzDK0","d6ztkJPMFDB6eWg27jNpoM","5aY86OBbhKfadwL0xWrUtq","3bKwH5MOdGN5J9bFEstaJt","e0AwspgmdKH7EAchRDmfMp","bduCiNj8lJ1q+ot0++nNPl","48jDx8bKJDrL0GpOiZxkUG","78BsDjQ2JAJrR/i7QIqZI0","23XQorgINNUoGNMN1CSUYu","98AGeXrZNMsJy7W1F/x4uZ","1caqQl9uhNcbKhZmJ0Emoe","ebfCY3eFdJ15T6anC84tae","ddeI7vx8tEp5+MKOeg182M","17H4j7v8JEqZbUkBe86Hiu","beYAhv8DtK3Ka/yRvhJ/wf","1eOdiPRVVPHo98T+b+5eY3","a4hXjW0qFFkrU/lpY74qAA","eb2ZRYFBVFH5ojq+IBhuzf","e19YB0ItpNRoLUXcFc0FxE","baZePFkDRL/qQDnEgszQb1","d58LmDsOlKy5C6wOubQHrC","f5U4ySS0BD67svTEl21NUj","f783PreLpAdZbrdb9uE/b3","41TNNfFdBD55NLB1FCnXZZ","b8m3XJLodHvpXan2imbEqN","30c1IoKdpKBLI1MpIAImsl","f4IugApHBKP5xFnzqjapFv","4dIwO44LdE6LAZTOv0v+Qa","45i3E55BlAgZMsJGv+WLtB","7dgI/F1WtG44P5dP//sp4W","a8nc4+N+NMX50HcdLrHeQq","4fjRSHZrdHo5D6rbGcP/Uj","39L021iihCzZh4MyDMlnwi","17WaxroCRIgIQ8+wHbsoeN","441Tif4ZFOCZnfkRdIRAe1","b9wsYOt9FPkZUQgTZdQ1Cu","887SEzzypOY4WSxzoaL/WV","8feX9wh1lJl4IOnwBp0xKS","62VAD12CtAGqehPf6kPsMf","80vwV5Y+FCvLvZBtnIE8hn","b1BNnJ8whDz6kQKGvodYmr","8d120iEF9LsKWhX7GxhgyI","07MIOF3hNFQ4QiRwMRNnw8","adNoVQ59xDuLKIqXU/X7//","348x/Bv/BJYY5uyBDJy10Q","3bLgDIYBxDwrnvAeDCBIye","7a3XX/DB5Op62V7heALAg7","3djA8FIkBDcJiAHWtP3S0z","93kgiTF8dMMrY37v/uRSVK","54l9xhXRVFnr5pTYCELiIo","8bhTxdTANNvrgE9HVSy7TW","f4JK55G3ZLmYQ/IDS3Qbi9","483cpqGlZJ3I84p7Pq8FnQ","c3lFze1c5FJoo6p/cZYGrh","1aJZd6QqhLyoIHbL71Bgjz","cbK+femzdK1omiuKhi4Kov","e2mKynvmVKqKH/5bo98oLz","6aK/5GII1DU7ZOXftkQT9G","77hnEhkopEKo1Wf6LW0ZTn","218E7veXFJrL8/H62mBqEh","5dzXSB9SdGx6SYoYSD9bzJ","38vSgJcrVPe5T3F5r0XHCW","27bv2/5ipD6YcLUW26PTi0","b1VFWXPh5ISLvLztRzN043","18gRbTpi9CJYD8oUUAZiQ/","bbcJ7R0K1AZ6kvm6Y1Uwt4","58RJx1p3xHHqXL72i4I4Fo","c4Ps10mstG4qqwtEKDiW5r","92mxrOum9OcqP6g58Wagxj","e2Hv32RERLWKxt72CMm4tP","0aCIOHeJZMB4F0lXUC5sn2","e7S4gJq+RM8Y7iFj/8KpKk","2d8n52DKlALLAlQNSnIlVz","58XgdSHjlP1rsaVRX3j81m","f7ZKuHaQNNHIi0F2uK/qKF","f2BDn/laNAU5BsVRGPipEK","9dSjm2vK5AAYaKpL1VjS6O","e835X30AtHDozFMfq1tFa6","dbhEVILU9DeJfduSNo9iqn","05oemwGfhO3ZeG8XK2USSF","95x77bYwhIRLMRdidWkJxx","b54UJ0XyxH4oRwabAEWjlY","dfnG+KXChBGpddw+7lKr4g","3dqWOmTaZKRaZRYnpkeCwX","a50eOrqBVBVbEzb0p12j12","76wHV7fkBKgbR3ldxMQiIp","c2ntw2I4VHs4oiA3VibSTY","acihEhwPtMCrfFl52EvSmq","70A8UE9aFLmqMslAQMmVmg","e7P+NkkOBAVbFgwUN3Qkju","ceXQ8feedF0rprTF3Ld++3","85f6OEw45NQJaGc0+81br9","0bjJkOHYRAgINZBHYCSGro","adpdBcr0BC0Y8vHAVva81L","01u0qVEuROuLwp00KLHFey","849TlrVEFE0aW0ptICjSF2","e6+9E4TjRLCanULSfataV2","a3hcfRucNOPoLrFfhiaYys","64AgAaSuFEzrP+PYtZIQx3","deyeBFw69EVYmYHEUOmdvX","acD5wI57BM35RILrhQ6Gi1","182aVcIN9BtoYGhVml+9mh","9dbZbvRfBE0K513/nq7C0M","75a/Y1GSJKl4EbVh/VmI3T","abvVeVikFBTa6oBd/0wH67","12rMFCWURNt6BzI/YTGDa6","e3IQmExCtEQKgks7BuWZyd","4fcmm7Lc1Kn7pmnZxW+Vi5","d0+Sq9yyVD5YnzjllwFuNy","baul5it5lDEo3Z/ZdrygIb","5dg9PK/x9Ee7iZ6Iq3gnGw","8cYzVmY4JEe7KIixB/lGqx","47wbmOzbBBurUSkzO0K2jg","a8PhGvVjxJoquKN2shGgir","c508yFwu9Kur/iIkhZ/LhZ","81UdGv+ZxCJp0l2hEvK/N2","8dGB6nF0JMX5C2ym0W0uf8","8apwCN4fZBDL8RtsKt2fQ2","27+0vpi9dAh5lYRIMpYCje","31n5VgFHdOcYtzIlc2pPG/","d1X/9JsJxFzZ+m6GE8E0pM","21HS7FCFRNxbcdJ9VRCn7I","7cspLeIYhPSpgNGIXpk792","3dA0JEWmJG+bgS9j0uXiy2","12MuS2R1RNq6Bx31fq7aQc","a3Ne8cbzNLLaz5cT9d1YPQ","55d9z3hshOxIfAj4vCRQzS","135s6VjJRNEqi9l6skgBj7","1c/ai43RZEZKjhdRsdhwpc","70N8UceF5KLrD9vaKhnrkW","239+AWj1VPO4B0AkAXtso4","2aiWjvralN4683iIQxC8mi","91Bg/x+7xEqqFZlgcoggyd","8czVg9gr1H7ZEIGU+pCjxD","f5gUySVKBPJpg1BXe6F1/y","f9EQh8yA9Hv7jRGf+X993/","4dbct+W+dJ9YWueciqW5rv","b8zFpJVxZLD41RmQPkxJhW","3388JTvVxPQKvVhNqUWBU5","02Gym68oxAE4yv59m8Pa6i","5dpf8Gq/9G8oLauqdVCZ60","95TFp3cYdCVb/H8/cd1xwD","ddtA+f7WtIaYpUshzuaP7o","85CdFQ89RNlb7B9u5uvd2R","55Wf+KU39Kv4OFlXle1510","1fqB4irG9Bz7jPA7U+zYq4","d0Yf3KxeJLypMFsYd05+12","6cLc8uuwZHcIrGyr/MDAYa","83PG+MA8RH+7/UGogYeSb+","a5hwRC7VhGJZX4dRdcPdag","51YRr2wRFOELSx4JehDExd","2fPtFCFSlHL6EOSsANa7k8","e4S/sUpINLtpah3jjpb8PE","a78LTwAgpPS6/2dU9ZB3Hr","4aYK7fw1VFE4Otv+xGn75f","92Rk8/oZZBP68Bv9jfcb3f","04vBtXGs5M7I/6SQZxVWWi","16vQ9w28dASJkFvL8c8OWi","99peYZ8ZBMK6ojMHUWkvPP","9fnnurlpxNE66dtTcSpAGn","33h8pVdqxIlrXN3lORtp7v","6f+PeQP/VET4VHXGOe4C3T","f7tTM4NGdDa5PqGkDqnmnT","c89wcLHCRHhIphNpki9s7w","77RxqKft9GWbO8cGmnZMay","f6xUxHFxpMLLWv3IgvWSeL","4eCMnSYqxGEKUT0ktZPRg/","bdqn/RWqJHcasQlZRyOU+B","6cbMwRGitIzr1w2I20PAIK","774PwSuL5NSZBV3PVf1MT2","61kaphluhKfK/V6ClfpWiI","00OSCjMS1DkKlplypbw+LS","57OMsuvGRA14ihhwV0XTVP","13j3tb5GNCM6GI+9Pxz3w5","3elzOVQ75GXJVfU6JyNmwf","532Oxx5W5I2qg08adabGXy","a7mE/Ys7xEtZMDQLXFxqi5","7cK3lfGphNibQ8QdOvY0y8","b5yQ4E2BVLQ5jfc3vgRbjL","00Cia+c5dKa6giS2XITMzr","bd+21e7aRNlKi1SA22RCPA","88l4aTbCpAErHXPdB4UNjn","e4VP+GOLFEgYT+ZxzxVBfd","bcgvMxu09JrKJnl5aZJ3Aj","012fyFQYRM54Qg+JpxGh5r","cc7e6Q+mdDxaKZZggwCCsw","dfzmzt8YJGobOuByhQqeAh","cbZe1U37ZHvbbnP/fpJYh3","32dvgmQ7JB46cQDl7cQJuB","e9HaBCH8dPja5mydjtrZZ0","24uBADTwZK+LgW2F0+TqBk","4dLWZSor9N1rGjsRa/XyVL","07BtgDVntJ7ZY4M1YjlKzo","4fRZ2JAfVLL7q3CZLxB+/V","52FsBZbcxOz7CDPZu0NcvK","fe641q7cxIDok037ChPua0","37FndbAeZEY4Vn+14Gu1CB","62te6t4Z1OxoOAlaQXNFDA","f6SeFqRF9Ec7jSvQumSMqA","a1B1VPT19CSJpjr0/CHubt","afcuZwVelKz6zhXnhiG9NP","bdrBEMpa9GKbDiYNt+awdW","099Shl+7dFu40JchW0zdsD","f9OkZmZURMb4SRJZw0SBk6","67SDuDC8FNZrSGskBL5UL+","6cSOi5nQpEr6SkfBlSXpvA","7b3QkqJeNAoZVfkTJzbJfQ","294IhYilVJcokyinSQHUPj","ccJkqNZLJO85sf2n9voilE","af/BNo+bhIQZtycmikmrEi","c5fk3Mnf1G54gw4TyfFjw+","8043uF8XBJ4YpU9EMFmoan","b9Kg2a8MZI/o3cnovuXlhv","b9e1oJFIRE8qWb6aavv5pK","4a2RWHb2dBS6v6uPD8RP2g","c7cB6d13RK24kQBhWKAff+","a2+1EKEzlJwKjQOBhxwTaM","d0/ncVWfhIXbPAhK2rHpMl","e0VzpW1lFJEbdVQOy3MmoK","6fqganQuhBW4Q6w2Bp5Owj","e1N8dInBJOk4qXR9JajU5u","dbbzNK7/xCbrml2KoCAouJ","fdQzXEXGBNN78EaSe9oOc5","08oopXt9ROcZTumMLnRqp0","afWGC0JHhFJ4NNF9fnXrBA","5eBf9fv7tIz5SduqMN1m2z","189nZRxOdNAK0KWtubVKFi","e7Ea46emFLZbWfumzCBYcS","8dXlDK9nBG24PSCa3hVi2M","f9YDH1dkhDv4IR0zvDea1C","51OJVw02RNs4+gQvcmaxgn","b3B5c9dCVMYpLZ/LICdktN","d13+v2KK5GDI2kY4LiCNDh","8b6xevg3RALb0HU/6tft/L","1ay3wf0IhJ1rpGpVWdlFKx","1aO4RJjadMbpPZ5XS6znBm","29Ujjf2cVGIpH+QBbTA7xH","40ifeqTP5Dc5YfmdQK+n2m","d5dgNiqtJOrLGF+DYHIO3m","3e+ckvUHRC4oXbpq5q0Nzy","05jIpp8kVPRIDyBOKAisKO","57lMyhxmJMrYOSWY7a0R1Y","4dYPBElvBDl64exBdX48LO","79TzGMH8pJSaP6/tBFl6RG","22M0VVMvNHW7OIc8OPx8iR","23j5z1AU9HMpOj+cP23hxE","9cs5CgDL9OQrSGXfKlKTHq","e767fLCqFKJ5bOF3TLC7pC","57mDJACrhI2ICBsbqXkjm2","b5LSIiaWxAKpsklENvp38d","3aUFDNsDpBsJlOe+xk9+1R","a5IocW5L5PLYxZ77ewTY5N","91Eb/a7ZlE8p6fz218qlK/","62+sK+uAhFfbfSkC2lV2KO","670mCp3ydIGoSdDq33Arb0","ec/hZeDyJJBZ0TQvcZYs/s","72yO+lS8dJe79n7Acr/Q9u","2dZI5cq0VCO4H6gvCxSLHu","99DgHW0fpKLbhnBbmI6Of6","44WemaWqhMpLpddZQya+F9","7bwgqHHVBBBapjyyY9k7Ja","50ftp5a9xFr7KEQ1UQ9Wbh","0aun05fk9Og7aSADtiz4Ph","daag+yeEBCXoWmEDlKSl18","03sjLs3qhHKZZ16QdAty+M","d8HsitJHxOYqo801xBk8ev","e8Ueib+qJEhL6mXAHdnwbi","b4P/PCArtIdIH38t6mlw8Y","71VhFCTINJM6/Ky3oX9nBT","1e8f223f0","1800987f6","1d191b498","13b7a8099","16DUZaj41Fern3j3uqfYbs","88rYWaNqFGQZrIFM49pcPu","9fA/Wsqu1JT6fgYc1YkkHN","b075ZIZoxHlK/iZd7WXCjN","9cItSGErtMjq/zAjZRsTlC","dckiEEa2hKEZjV+19kG7wT","a9eClCBsVLHK+RrTTC8FRo","95FeSizXNH17VmuMUj9Ddf","a0US4W9LxFl6MsQ08CFikH","a6jtzXE2dHBJMXd4FI7ds0","dc/IGS2hBBKaLgJXjPE2dQ","94baBUQy5A85kakhDfC0XL","a9Ujc8j0RKOZ271hW1R2UU","a9eIAjNWlJMoY29gDb8zpS","f6W0M1ZuFLLIifgJa+sxWh","96GNydyQFI0rwJBKWWfUSR","14gPuSqrRAd4zxAqfAlbPs","006Tsu2IhJVq5e/1G0nQ8i","d7FU8e04hLnIcuFH4WIda1","50+WlCdARFLp2Bm2YFZP33","2aUmK/uGZJnLP28jUqJo3A","5749aEL8xEF6DRBy8W0llr","9fW55F4MdIPazSW42lwVd+","0asbE4vYxMdbQouUXW+lMW","4eC9nPxb9Kk4QdvGVDUknE","206SiwfiRGPrl8JuCocwMs","351kx4hC9LzK1u0JU+Wd7S","02WnKykKtFuL1PKlN1M2nh","adNWC3igBNXqEHd2110ix8","e7sDFC/vhH0a7g7i1UodB1","ccJC9r9i9LR49Et76207FM","98Hr+awo9BuKCXKJrsRfY6","52jYkEgDZGPIvcYwNACGOL","a3rwuBxzxIMoZyuE1kYIn2","5acBPnbfZLVI4tBVOtD+J2","f4JMsCcpxNT4MiJN0keIiB","df/CIXLOROdrCdkGkdaAQj","6b7O9ZvLtIV49UyY5W7+6v","83Kdp5GGdG2p4JBb1SAb20","40lh3RZRZO2IzmdbUsSgCw","ecpdLyjvZBwrvm+cedCcQy","9bvaMerUlDyary99mJa6xp","f0BIwQ8D5Ml7nTNQbh1YlS","e97GVMl6JHh5Ml5qEDdSGa","29FYIk+N1GYaeWH/q1NxQO","a2MjXRFdtLlYQ5ouAFv/+R","7a/QZLET9IDreTiBfRn2PD","3ae7efMv1CLq2ilvUY/tQi","02delMVqdBD70a/HSD99FK"],"scenes":{},"redirect":[313,0,319,0,320,0,321,0],"deps":["internal"],"packs":{"0f13b6cd7":[131,314],"052af06d7":[133,186],"09d57ef51":[290,300,296,289,273,298,293,299,312,297,292,305,294,307,310,311,274,284,280,288,304,277,275,295,281,306,282,285,279,286,301,276,303,232,291,278,283,309,302,308,287],"0c339d10f":[317,316,315],"0a4df42fa":[171,156,192,262,173,257,196,174,259,191,166,193,261,194,172,110,170,197,256,260,181,258,176,231,109,183,180,108,263,78,106,182,255,198,135,195],"07f904274":[168,169,167],"032a82b73":[121,119,123,122,120],"0ce147842":[105,137,221],"0c7e44351":[118,117,116],"0b19d5aca":[219,211,141,142,218],"0b5273e6b":[139,214,216,114,215],"09a05b07d":[190,144],"01b2e7038":[223,226,138,225,228,104,224,227,229,222],"0f63b21cf":[184,145],"03f38ff59":[264,147],"07a829f21":[240,234,244,245,250,239,112,242,241,253,103,243,111,252,251,146,238,247],"0c06f170e":[42,70,272,13,33,270,64,10,271,15,269,8,62,72,25,44,32,3,45,47,23,34,28,6,27,31,49,66,73,2,60,38,268,58,7,46,29,39,36,50,41,37,68,48,9,76,16,30,43,40,267,24,35,19,65,5,14,67,20,265,12,4,18,69,71,266,77,11,17,75,26,21,74,22]},"name":"resources","importBase":"import","nativeBase":"native","debug":false,"isZip":false,"encrypted":false,"versions":{"import":[179,"4c9fb","01b2e7038","a611b",94,"a0e03","032a82b73","fbd39","03f38ff59","b93b2","052af06d7","25195",79,"c8411","07a829f21","2dfe2","07f904274","48cd1","09a05b07d","72b53","09d57ef51","31214",202,"689fb","0a4df42fa","a2755","0b19d5aca","bc6f7","0b5273e6b","b0ced",92,"e2b2c","0c06f170e","2a67e","0c339d10f","a9ccb","0c7e44351","b3dee","0ce147842","fe4e1","0f13b6cd7","e1311","0f63b21cf","8c8a4",124,"c3e5f",127,"5983c",157,"2ba66",101,"8db7b",54,"764fd",235,"a580a",128,"11182",59,"37274",130,"c5317",236,"f4e4d",207,"0340a",151,"0a5c0",188,"e0cb8",160,"90ec2",61,"88421",83,"99efe",237,"b9179",52,"992f6",154,"64555",136,"4eae1",107,"d882d",230,"25672",150,"00c3d",175,"98ea1",126,"6fa82",248,"53058",140,"20f4a",98,"78dab",204,"ab6b8",254,"91c23",57,"b9af5",205,"49429",161,"7916a",88,"0a7f5",129,"167dd",85,"e9367",164,"bd313",206,"128e6",177,"56a04",115,"19d70",148,"d939d",95,"1107c",143,"ca7d3",91,"f3e1c",233,"bf462",132,"db277",155,"a60b0",80,"e9088",158,"88325",246,"a47b7",102,"961a4",159,"2d5ee",199,"86889",318,"43d76",125,"6c00c",97,"b3aa2",149,"9a90e",84,"75877",153,"a40f8",113,"421fc",100,"1c362",87,"61212",93,"a5dc8",200,"73e3b",209,"1e8bf",63,"17f4f",249,"64aee",178,"f3665",81,"e7a31",212,"eac29",213,"c189c",201,"3f659",86,"e6b5d",53,"db195",0,"dba4f",210,"c5414",163,"a45ca",55,"a2095",187,"87bdd",208,"fa35d",185,"ccd97",90,"6b36b",217,"f3987",1,"5ea3c",99,"1bea0",82,"dc1b4",220,"c0510",56,"c350b",152,"6f486",96,"2a7f3",89,"1dc06",189,"3e20f",51,"6c2c2",134,"adaa2",165,"eacd9",162,"48395",203,"0c8f7"],"native":[42,"ccd59",70,"6b1ae",272,"37986",13,"2a989",33,"b7eb6",270,"572ca",64,"50131",54,"d3fdd",10,"71690",271,"26609",15,"5142f",269,"46e13",59,"982c5",8,"4c551",62,"41d88",72,"96a26",25,"42222",44,"eba76",61,"564ab",32,"20461",3,"20d71",45,"0998f",47,"db005",23,"2923e",34,"18885",28,"614f9",6,"35092",52,"d5b48",27,"a238a",31,"22d4d",49,"9eaa9",66,"35a5f",73,"669e2",2,"59756",60,"87afc",38,"c8b8b",57,"60d7d",268,"c06a9",58,"8b405",7,"d4360",46,"03f6e",29,"d48b8",39,"00a30",36,"57a27",50,"501f4",41,"1074e",37,"5bb03",68,"5a767",48,"630fe",9,"b4867",76,"30f6c",16,"874ee",30,"52d78",43,"cca17",40,"0cf0f",63,"ef11a",267,"83fcc",24,"874ed",35,"786d0",19,"9bf60",65,"3df16",5,"8021c",14,"47944",53,"168b9",67,"0932e",0,"eb0d5",55,"9dcfc",20,"8b952",1,"7a12f",265,"cdbc9",12,"0d3a4",4,"711b6",18,"c8b7d",69,"17b97",56,"3b618",71,"7817a",266,"90cf4",77,"5dd90",11,"886b3",17,"60373",75,"adf00",26,"049c2",51,"6258f",21,"6baeb",74,"bb237",22,"c0ecb"]}}