{"paths":{"0":["font/AlibabaPuHuiTi-3-55-Regular",1],"1":["font/Bold",1],"2":["i18n/sprite/en/bg_phb_1",3],"3":["i18n/sprite/en/biaoti1",3],"4":["i18n/sprite/en/biaoti2",3],"5":["i18n/sprite/en/bt_1",3],"6":["i18n/sprite/en/Group 47",3],"7":["i18n/sprite/en/img_ranking",3],"8":["i18n/sprite/en/img_record",3],"9":["i18n/sprite/en/img_tc_zd",3],"10":["i18n/sprite/en/label_benefit",3],"11":["i18n/sprite/en/label_skin_benefit",3],"12":["i18n/sprite/en/my_record",3],"13":["i18n/sprite/en/pop_win1",3],"14":["i18n/sprite/en/room_name_1",3],"15":["i18n/sprite/en/room_name_2",3],"16":["i18n/sprite/en/room_name_3",3],"17":["i18n/sprite/en/room_name_4",3],"18":["i18n/sprite/en/room_name_5",3],"19":["i18n/sprite/en/room_name_6",3],"20":["i18n/sprite/en/room_name_7",3],"21":["i18n/sprite/en/room_name_8",3],"22":["i18n/sprite/en/ts2",3],"23":["i18n/sprite/zh/bg_phb_1",3],"24":["i18n/sprite/zh/biaoti1",3],"25":["i18n/sprite/zh/biaoti2",3],"26":["i18n/sprite/zh/bt_1",3],"27":["i18n/sprite/zh/Group 47",3],"28":["i18n/sprite/zh/img_ranking",3],"29":["i18n/sprite/zh/img_record",3],"30":["i18n/sprite/zh/img_tc_zd",3],"31":["i18n/sprite/zh/label_benefit",3],"32":["i18n/sprite/zh/label_skin_benefit",3],"33":["i18n/sprite/zh/logo2",3],"34":["i18n/sprite/zh/my_record",3],"35":["i18n/sprite/zh/pop_win1",3],"36":["i18n/sprite/zh/room_name_1",3],"37":["i18n/sprite/zh/room_name_2",3],"38":["i18n/sprite/zh/room_name_3",3],"39":["i18n/sprite/zh/room_name_4",3],"40":["i18n/sprite/zh/room_name_5",3],"41":["i18n/sprite/zh/room_name_6",3],"42":["i18n/sprite/zh/room_name_7",3],"43":["i18n/sprite/zh/room_name_8",3],"44":["i18n/sprite/zh/ts2",3],"45":["loading/texture/bg",3],"46":["loading/texture/Bg2",3],"47":["loading/texture/Loading..",3],"48":["loading/texture/logo",3],"49":["loading/texture/prog_bar",3],"50":["loading/texture/prog_bg",3],"51":["sounds/bgm",6],"52":["sounds/daojishi",6],"53":["sounds/guanmen",6],"54":["sounds/jianshe",6],"55":["sounds/kan",6],"56":["sounds/ui_click",6],"57":["spine/door/men_Anim",7],"58":["spine/door/men_Anim",3],"59":["spine/killer/boss_em",3],"60":["spine/killer/boss_em",8],"61":["spine/killer/killer",7],"62":["spine/killer/killer",3],"63":["spine/killer/konglong",7],"64":["spine/killer/konglong",3],"65":["spine/player/npc1",3],"66":["spine/player/npc1",8],"67":["spine/player/renwu",7],"68":["spine/player/renwu",3],"69":["texture/bg/img_bg",3],"70":["texture/outGame/outGame",3],"71":["texture/player/player",3],"72":["texture/setting/bg_toggle",3],"73":["texture/setting/bg",3],"74":["texture/setting/btn_close",3],"75":["texture/setting/checkmark",3],"76":["texture/setting/dec",3],"77":["texture/setting/effect",3],"78":["texture/setting/sep",3],"79":["texture/setting/sound",3],"80":["texture/setting/toggle_language",3],"81":["texture/weihu/img_whz",3],"82":["animations/huxi",0],"83":["animations/shachou_chuxian",0],"84":["i18n/label/en",2],"85":["i18n/label/zh",2],"86":["i18n/sprite/en/bg_phb_1",4,1],"87":["i18n/sprite/en/biaoti1",4,1],"88":["i18n/sprite/en/biaoti2",4,1],"89":["i18n/sprite/en/bt_1",4,1],"90":["i18n/sprite/en/Group 47",4,1],"91":["i18n/sprite/en/img_ranking",4,1],"92":["i18n/sprite/en/img_record",4,1],"93":["i18n/sprite/en/img_tc_zd",4,1],"94":["i18n/sprite/en/label_benefit",4,1],"95":["i18n/sprite/en/label_skin_benefit",4,1],"96":["i18n/sprite/en/my_record",4,1],"97":["i18n/sprite/en/pop_win1",4,1],"98":["i18n/sprite/en/room_name_1",4,1],"99":["i18n/sprite/en/room_name_2",4,1],"100":["i18n/sprite/en/room_name_3",4,1],"101":["i18n/sprite/en/room_name_4",4,1],"102":["i18n/sprite/en/room_name_5",4,1],"103":["i18n/sprite/en/room_name_6",4,1],"104":["i18n/sprite/en/room_name_7",4,1],"105":["i18n/sprite/en/room_name_8",4,1],"106":["i18n/sprite/en/ts2",4,1],"107":["i18n/sprite/zh/bg_phb_1",4,1],"108":["i18n/sprite/zh/biaoti1",4,1],"109":["i18n/sprite/zh/biaoti2",4,1],"110":["i18n/sprite/zh/bt_1",4,1],"111":["i18n/sprite/zh/Group 47",4,1],"112":["i18n/sprite/zh/img_ranking",4,1],"113":["i18n/sprite/zh/img_record",4,1],"114":["i18n/sprite/zh/img_tc_zd",4,1],"115":["i18n/sprite/zh/label_benefit",4,1],"116":["i18n/sprite/zh/label_skin_benefit",4,1],"117":["i18n/sprite/zh/logo2",4,1],"118":["i18n/sprite/zh/my_record",4,1],"119":["i18n/sprite/zh/pop_win1",4,1],"120":["i18n/sprite/zh/room_name_1",4,1],"121":["i18n/sprite/zh/room_name_2",4,1],"122":["i18n/sprite/zh/room_name_3",4,1],"123":["i18n/sprite/zh/room_name_4",4,1],"124":["i18n/sprite/zh/room_name_5",4,1],"125":["i18n/sprite/zh/room_name_6",4,1],"126":["i18n/sprite/zh/room_name_7",4,1],"127":["i18n/sprite/zh/room_name_8",4,1],"128":["i18n/sprite/zh/ts2",4,1],"129":["loading/texture/bg",4,1],"130":["loading/texture/Bg2",4,1],"131":["loading/texture/Loading..",4,1],"132":["loading/texture/logo",4,1],"133":["loading/texture/prog_bar",4,1],"134":["loading/texture/prog_bg",4,1],"135":["prefab/comPop/comDialog",5],"136":["prefab/comPop/comTips",5],"137":["prefab/comPop/comTipsItem",5],"138":["prefab/drop_coin",5],"139":["prefab/gameLayer",5],"140":["prefab/icon_coin",5],"141":["prefab/jiluItem1",5],"142":["prefab/jiluItem2",5],"143":["prefab/jiluItem3",5],"144":["prefab/jiluItem4",5],"145":["prefab/jiluItem5",5],"146":["prefab/jiluLayer",5],"147":["prefab/killer",5],"148":["prefab/player",5],"149":["prefab/playerName",5],"150":["prefab/rankLayer",5],"151":["prefab/weihuLayer",5],"152":["spine/door/men_Anim",8],"153":["spine/door/men_Anim",4,1],"154":["spine/killer/boss_em.atlas",9],"155":["spine/killer/boss_em",4,1],"156":["spine/killer/killer",8],"157":["spine/killer/killer",4,1],"158":["spine/killer/konglong",8],"159":["spine/killer/konglong",4,1],"160":["spine/player/npc1.atlas",9],"161":["spine/player/npc1",4,1],"162":["spine/player/renwu",8],"163":["spine/player/renwu",4,1],"164":["texture/bg/img_bg",4,1],"165":["texture/choseRoom/AutoAtlas",10],"166":["texture/choseRoom/icon_tr",4,1],"167":["texture/choseRoom/room1",4,1],"168":["texture/choseRoom/room2",4,1],"169":["texture/choseRoom/room3",4,1],"170":["texture/hall/AutoAtlas",10],"171":["texture/hall/bt_1",4,1],"172":["texture/hall/bt_2",4,1],"173":["texture/hall/bt_3",4,1],"174":["texture/hall/btn_trxz",4,1],"175":["texture/hall/coin_1",4,1],"176":["texture/hall/coin_2",4,1],"177":["texture/hall/coin_3",4,1],"178":["texture/hall/coin_heibian_1",4,1],"179":["texture/hall/coin_heibian_2",4,1],"180":["texture/hall/coin_heibian_3",4,1],"181":["texture/hall/head_more",4,1],"182":["texture/hall/img_bubble",4,1],"183":["texture/hall/img_cat",4,1],"184":["texture/hall/img_djs",4,1],"185":["texture/hall/img_ranking",4,1],"186":["texture/hall/img_record",4,1],"187":["texture/hall/img_tc_zd",4,1],"188":["texture/hall/img_tc",4,1],"189":["texture/hall/img_xz",4,1],"190":["texture/hall/img_xz2",4,1],"191":["texture/hall/img_xz3",4,1],"192":["texture/hall/label_1",4,1],"193":["texture/hall/label_2",4,1],"194":["texture/hall/pop_tips",4,1],"195":["texture/hall/pop_win1",4,1],"196":["texture/hall/pop_win2",4,1],"197":["texture/hall/pop_win3",4,1],"198":["texture/hall/qipao",4,1],"199":["texture/hall/room_1",4,1],"200":["texture/hall/room_2",4,1],"201":["texture/hall/room_3",4,1],"202":["texture/hall/room_4",4,1],"203":["texture/hall/room_5",4,1],"204":["texture/hall/room_6",4,1],"205":["texture/hall/room_7",4,1],"206":["texture/hall/room_8",4,1],"207":["texture/hall/room_name_1",4,1],"208":["texture/hall/room_name_2",4,1],"209":["texture/hall/room_name_3",4,1],"210":["texture/hall/room_name_4",4,1],"211":["texture/hall/room_name_5",4,1],"212":["texture/hall/room_name_6",4,1],"213":["texture/hall/room_name_7",4,1],"214":["texture/hall/room_name_8",4,1],"215":["texture/hall/tc_over_2",4,1],"216":["texture/hall/ts1",4,1],"217":["texture/hall/ts2",4,1],"218":["texture/jilu/AutoAtlas",10],"219":["texture/jilu/beijing",4,1],"220":["texture/jilu/biaoti1",4,1],"221":["texture/jilu/biaoti2",4,1],"222":["texture/jilu/coin_1",4,1],"223":["texture/jilu/coin_2",4,1],"224":["texture/jilu/coin_3",4,1],"225":["texture/jilu/ditu1",4,1],"226":["texture/jilu/fanhui",4,1],"227":["texture/jilu/icons8-buffering-96",4,1],"228":["texture/jilu/kuiang_2",4,1],"229":["texture/jilu/linghuntubiao",4,1],"230":["texture/jilu/room_name_1",4,1],"231":["texture/jilu/room_name_2",4,1],"232":["texture/jilu/room_name_3",4,1],"233":["texture/jilu/room_name_4",4,1],"234":["texture/jilu/room_name_5",4,1],"235":["texture/jilu/room_name_6",4,1],"236":["texture/jilu/room_name_7",4,1],"237":["texture/jilu/room_name_8",4,1],"238":["texture/jilu/wode_jilu",4,1],"239":["texture/outGame/outGame",4,1],"240":["texture/player/player",10],"241":["texture/rank/AutoAtlas",10],"242":["texture/rank/beijing",4,1],"243":["texture/rank/bg_phb_1",4,1],"244":["texture/rank/bg_phb_2",4,1],"245":["texture/rank/bg_phb_3",4,1],"246":["texture/rank/btn_szb_1",4,1],"247":["texture/rank/btn_szb_2",4,1],"248":["texture/rank/coin_1",4,1],"249":["texture/rank/coin_2",4,1],"250":["texture/rank/coin_3",4,1],"251":["texture/rank/defaultAv",4,1],"252":["texture/rank/fanhui",4,1],"253":["texture/rank/fengex",4,1],"254":["texture/rank/first",4,1],"255":["texture/rank/lab_bg",4,1],"256":["texture/rank/label_pfqy",4,1],"257":["texture/rank/label_qy",4,1],"258":["texture/rank/rank_bg",4,1],"259":["texture/rank/second",4,1],"260":["texture/rank/tc_szb",4,1],"261":["texture/rank/third",4,1],"262":["texture/rank/touxiangshiyi",4,1],"263":["texture/setting/bg_toggle",4,1],"264":["texture/setting/bg",4,1],"265":["texture/setting/btn_close",4,1],"266":["texture/setting/checkmark",4,1],"267":["texture/setting/dec",4,1],"268":["texture/setting/effect",4,1],"269":["texture/setting/sep",4,1],"270":["texture/setting/sound",4,1],"271":["texture/setting/toggle_language",4,1],"272":["texture/weihu/img_whz",4,1]},"types":["cc.AnimationClip","cc.TTFFont","cc.JsonAsset","cc.Texture2D","cc.SpriteFrame","cc.Prefab","cc.AudioClip","cc.Asset","sp.SkeletonData","cc.TextAsset","cc.SpriteAtlas"],"uuids":["c4aplNTFdLT7YvM9jFzDK0","d6ztkJPMFDB6eWg27jNpoM","5aY86OBbhKfadwL0xWrUtq","3bKwH5MOdGN5J9bFEstaJt","e0AwspgmdKH7EAchRDmfMp","bduCiNj8lJ1q+ot0++nNPl","48jDx8bKJDrL0GpOiZxkUG","78BsDjQ2JAJrR/i7QIqZI0","23XQorgINNUoGNMN1CSUYu","98AGeXrZNMsJy7W1F/x4uZ","1caqQl9uhNcbKhZmJ0Emoe","ebfCY3eFdJ15T6anC84tae","ddeI7vx8tEp5+MKOeg182M","17H4j7v8JEqZbUkBe86Hiu","beYAhv8DtK3Ka/yRvhJ/wf","1eOdiPRVVPHo98T+b+5eY3","a4hXjW0qFFkrU/lpY74qAA","eb2ZRYFBVFH5ojq+IBhuzf","e19YB0ItpNRoLUXcFc0FxE","baZePFkDRL/qQDnEgszQb1","d58LmDsOlKy5C6wOubQHrC","f5U4ySS0BD67svTEl21NUj","f783PreLpAdZbrdb9uE/b3","41TNNfFdBD55NLB1FCnXZZ","b8m3XJLodHvpXan2imbEqN","30c1IoKdpKBLI1MpIAImsl","f4IugApHBKP5xFnzqjapFv","4dIwO44LdE6LAZTOv0v+Qa","45i3E55BlAgZMsJGv+WLtB","7dgI/F1WtG44P5dP//sp4W","a8nc4+N+NMX50HcdLrHeQq","4fjRSHZrdHo5D6rbGcP/Uj","39L021iihCzZh4MyDMlnwi","17WaxroCRIgIQ8+wHbsoeN","441Tif4ZFOCZnfkRdIRAe1","b9wsYOt9FPkZUQgTZdQ1Cu","887SEzzypOY4WSxzoaL/WV","8feX9wh1lJl4IOnwBp0xKS","62VAD12CtAGqehPf6kPsMf","80vwV5Y+FCvLvZBtnIE8hn","b1BNnJ8whDz6kQKGvodYmr","8d120iEF9LsKWhX7GxhgyI","07MIOF3hNFQ4QiRwMRNnw8","adNoVQ59xDuLKIqXU/X7//","348x/Bv/BJYY5uyBDJy10Q","3bLgDIYBxDwrnvAeDCBIye","52lRuvQcNKn6z+Vxy/SF5P","3djA8FIkBDcJiAHWtP3S0z","93kgiTF8dMMrY37v/uRSVK","54l9xhXRVFnr5pTYCELiIo","8bhTxdTANNvrgE9HVSy7TW","f4JK55G3ZLmYQ/IDS3Qbi9","483cpqGlZJ3I84p7Pq8FnQ","c3lFze1c5FJoo6p/cZYGrh","1aJZd6QqhLyoIHbL71Bgjz","cbK+femzdK1omiuKhi4Kov","e2mKynvmVKqKH/5bo98oLz","6aK/5GII1DU7ZOXftkQT9G","77hnEhkopEKo1Wf6LW0ZTn","22U8tC/OFOB6VkTi4j2fMy","ccSp1UrVdHHpUet47/7n+q","218E7veXFJrL8/H62mBqEh","5dzXSB9SdGx6SYoYSD9bzJ","38vSgJcrVPe5T3F5r0XHCW","27bv2/5ipD6YcLUW26PTi0","baLuiHbB9J+o1mMs85PR7V","02ippx1FNHLZchXwVAA97M","b1VFWXPh5ISLvLztRzN043","18gRbTpi9CJYD8oUUAZiQ/","bbcJ7R0K1AZ6kvm6Y1Uwt4","58RJx1p3xHHqXL72i4I4Fo","c4Ps10mstG4qqwtEKDiW5r","92mxrOum9OcqP6g58Wagxj","e2Hv32RERLWKxt72CMm4tP","0aCIOHeJZMB4F0lXUC5sn2","e7S4gJq+RM8Y7iFj/8KpKk","2d8n52DKlALLAlQNSnIlVz","58XgdSHjlP1rsaVRX3j81m","f7ZKuHaQNNHIi0F2uK/qKF","f2BDn/laNAU5BsVRGPipEK","9dSjm2vK5AAYaKpL1VjS6O","e835X30AtHDozFMfq1tFa6","dbhEVILU9DeJfduSNo9iqn","05oemwGfhO3ZeG8XK2USSF","95x77bYwhIRLMRdidWkJxx","b54UJ0XyxH4oRwabAEWjlY","dfnG+KXChBGpddw+7lKr4g","3dqWOmTaZKRaZRYnpkeCwX","a50eOrqBVBVbEzb0p12j12","76wHV7fkBKgbR3ldxMQiIp","c2ntw2I4VHs4oiA3VibSTY","acihEhwPtMCrfFl52EvSmq","70A8UE9aFLmqMslAQMmVmg","e7P+NkkOBAVbFgwUN3Qkju","ceXQ8feedF0rprTF3Ld++3","85f6OEw45NQJaGc0+81br9","0bjJkOHYRAgINZBHYCSGro","adpdBcr0BC0Y8vHAVva81L","01u0qVEuROuLwp00KLHFey","849TlrVEFE0aW0ptICjSF2","e6+9E4TjRLCanULSfataV2","a3hcfRucNOPoLrFfhiaYys","64AgAaSuFEzrP+PYtZIQx3","deyeBFw69EVYmYHEUOmdvX","acD5wI57BM35RILrhQ6Gi1","182aVcIN9BtoYGhVml+9mh","9dbZbvRfBE0K513/nq7C0M","75a/Y1GSJKl4EbVh/VmI3T","abvVeVikFBTa6oBd/0wH67","12rMFCWURNt6BzI/YTGDa6","e3IQmExCtEQKgks7BuWZyd","4fcmm7Lc1Kn7pmnZxW+Vi5","d0+Sq9yyVD5YnzjllwFuNy","baul5it5lDEo3Z/ZdrygIb","5dg9PK/x9Ee7iZ6Iq3gnGw","8cYzVmY4JEe7KIixB/lGqx","47wbmOzbBBurUSkzO0K2jg","a8PhGvVjxJoquKN2shGgir","c508yFwu9Kur/iIkhZ/LhZ","81UdGv+ZxCJp0l2hEvK/N2","8dGB6nF0JMX5C2ym0W0uf8","8apwCN4fZBDL8RtsKt2fQ2","27+0vpi9dAh5lYRIMpYCje","31n5VgFHdOcYtzIlc2pPG/","d1X/9JsJxFzZ+m6GE8E0pM","21HS7FCFRNxbcdJ9VRCn7I","7cspLeIYhPSpgNGIXpk792","3dA0JEWmJG+bgS9j0uXiy2","12MuS2R1RNq6Bx31fq7aQc","a3Ne8cbzNLLaz5cT9d1YPQ","992b9BqLNDC6CE41OBxPpr","135s6VjJRNEqi9l6skgBj7","1c/ai43RZEZKjhdRsdhwpc","70N8UceF5KLrD9vaKhnrkW","239+AWj1VPO4B0AkAXtso4","2aiWjvralN4683iIQxC8mi","91Bg/x+7xEqqFZlgcoggyd","8czVg9gr1H7ZEIGU+pCjxD","f5gUySVKBPJpg1BXe6F1/y","f9EQh8yA9Hv7jRGf+X993/","4dbct+W+dJ9YWueciqW5rv","b8zFpJVxZLD41RmQPkxJhW","3388JTvVxPQKvVhNqUWBU5","02Gym68oxAE4yv59m8Pa6i","5dpf8Gq/9G8oLauqdVCZ60","95TFp3cYdCVb/H8/cd1xwD","ddtA+f7WtIaYpUshzuaP7o","85CdFQ89RNlb7B9u5uvd2R","55Wf+KU39Kv4OFlXle1510","1fqB4irG9Bz7jPA7U+zYq4","d0Yf3KxeJLypMFsYd05+12","6cLc8uuwZHcIrGyr/MDAYa","83PG+MA8RH+7/UGogYeSb+","a5hwRC7VhGJZX4dRdcPdag","11k5faNGZBwKoRDv9UJ3SI","1dtcnDt21JAru8LsPEn7+1","51YRr2wRFOELSx4JehDExd","2fPtFCFSlHL6EOSsANa7k8","e4S/sUpINLtpah3jjpb8PE","a78LTwAgpPS6/2dU9ZB3Hr","19AZZr629IuYswgzcpuqws","6a29GqnSJIKIsNYk7ijTHv","4aYK7fw1VFE4Otv+xGn75f","92Rk8/oZZBP68Bv9jfcb3f","04vBtXGs5M7I/6SQZxVWWi","16vQ9w28dASJkFvL8c8OWi","99peYZ8ZBMK6ojMHUWkvPP","9fnnurlpxNE66dtTcSpAGn","33h8pVdqxIlrXN3lORtp7v","6f+PeQP/VET4VHXGOe4C3T","f7tTM4NGdDa5PqGkDqnmnT","c89wcLHCRHhIphNpki9s7w","77RxqKft9GWbO8cGmnZMay","f6xUxHFxpMLLWv3IgvWSeL","4eCMnSYqxGEKUT0ktZPRg/","bdqn/RWqJHcasQlZRyOU+B","6cbMwRGitIzr1w2I20PAIK","774PwSuL5NSZBV3PVf1MT2","61kaphluhKfK/V6ClfpWiI","00OSCjMS1DkKlplypbw+LS","57OMsuvGRA14ihhwV0XTVP","13j3tb5GNCM6GI+9Pxz3w5","3elzOVQ75GXJVfU6JyNmwf","532Oxx5W5I2qg08adabGXy","a7mE/Ys7xEtZMDQLXFxqi5","7cK3lfGphNibQ8QdOvY0y8","b5yQ4E2BVLQ5jfc3vgRbjL","00Cia+c5dKa6giS2XITMzr","bd+21e7aRNlKi1SA22RCPA","88l4aTbCpAErHXPdB4UNjn","e4VP+GOLFEgYT+ZxzxVBfd","bcgvMxu09JrKJnl5aZJ3Aj","012fyFQYRM54Qg+JpxGh5r","cc7e6Q+mdDxaKZZggwCCsw","dfzmzt8YJGobOuByhQqeAh","cbZe1U37ZHvbbnP/fpJYh3","32dvgmQ7JB46cQDl7cQJuB","e9HaBCH8dPja5mydjtrZZ0","24uBADTwZK+LgW2F0+TqBk","4dLWZSor9N1rGjsRa/XyVL","07BtgDVntJ7ZY4M1YjlKzo","4fRZ2JAfVLL7q3CZLxB+/V","52FsBZbcxOz7CDPZu0NcvK","fe641q7cxIDok037ChPua0","37FndbAeZEY4Vn+14Gu1CB","62te6t4Z1OxoOAlaQXNFDA","f6SeFqRF9Ec7jSvQumSMqA","a1B1VPT19CSJpjr0/CHubt","afcuZwVelKz6zhXnhiG9NP","bdrBEMpa9GKbDiYNt+awdW","099Shl+7dFu40JchW0zdsD","f9OkZmZURMb4SRJZw0SBk6","67SDuDC8FNZrSGskBL5UL+","6cSOi5nQpEr6SkfBlSXpvA","7b3QkqJeNAoZVfkTJzbJfQ","294IhYilVJcokyinSQHUPj","ccJkqNZLJO85sf2n9voilE","af/BNo+bhIQZtycmikmrEi","c5fk3Mnf1G54gw4TyfFjw+","8043uF8XBJ4YpU9EMFmoan","b9Kg2a8MZI/o3cnovuXlhv","b9e1oJFIRE8qWb6aavv5pK","4a2RWHb2dBS6v6uPD8RP2g","c7cB6d13RK24kQBhWKAff+","a2+1EKEzlJwKjQOBhxwTaM","d0/ncVWfhIXbPAhK2rHpMl","e0VzpW1lFJEbdVQOy3MmoK","6fqganQuhBW4Q6w2Bp5Owj","e1N8dInBJOk4qXR9JajU5u","dbbzNK7/xCbrml2KoCAouJ","fdQzXEXGBNN78EaSe9oOc5","08oopXt9ROcZTumMLnRqp0","afWGC0JHhFJ4NNF9fnXrBA","5eBf9fv7tIz5SduqMN1m2z","189nZRxOdNAK0KWtubVKFi","e7Ea46emFLZbWfumzCBYcS","8dXlDK9nBG24PSCa3hVi2M","f9YDH1dkhDv4IR0zvDea1C","51OJVw02RNs4+gQvcmaxgn","b3B5c9dCVMYpLZ/LICdktN","d13+v2KK5GDI2kY4LiCNDh","8b6xevg3RALb0HU/6tft/L","1ay3wf0IhJ1rpGpVWdlFKx","1aO4RJjadMbpPZ5XS6znBm","29Ujjf2cVGIpH+QBbTA7xH","40ifeqTP5Dc5YfmdQK+n2m","d5dgNiqtJOrLGF+DYHIO3m","3e+ckvUHRC4oXbpq5q0Nzy","05jIpp8kVPRIDyBOKAisKO","57lMyhxmJMrYOSWY7a0R1Y","4dYPBElvBDl64exBdX48LO","79TzGMH8pJSaP6/tBFl6RG","22M0VVMvNHW7OIc8OPx8iR","23j5z1AU9HMpOj+cP23hxE","9cs5CgDL9OQrSGXfKlKTHq","e767fLCqFKJ5bOF3TLC7pC","57mDJACrhI2ICBsbqXkjm2","b5LSIiaWxAKpsklENvp38d","3aUFDNsDpBsJlOe+xk9+1R","a5IocW5L5PLYxZ77ewTY5N","91Eb/a7ZlE8p6fz218qlK/","62+sK+uAhFfbfSkC2lV2KO","670mCp3ydIGoSdDq33Arb0","ec/hZeDyJJBZ0TQvcZYs/s","72yO+lS8dJe79n7Acr/Q9u","2dZI5cq0VCO4H6gvCxSLHu","99DgHW0fpKLbhnBbmI6Of6","44WemaWqhMpLpddZQya+F9","7bwgqHHVBBBapjyyY9k7Ja","50ftp5a9xFr7KEQ1UQ9Wbh","0aun05fk9Og7aSADtiz4Ph","daag+yeEBCXoWmEDlKSl18","03sjLs3qhHKZZ16QdAty+M","d8HsitJHxOYqo801xBk8ev","e8Ueib+qJEhL6mXAHdnwbi","b4P/PCArtIdIH38t6mlw8Y","71VhFCTINJM6/Ky3oX9nBT","1800987f6","1e8f223f0","1d191b498","171ad4f87","15c56e037","16DUZaj41Fern3j3uqfYbs","88rYWaNqFGQZrIFM49pcPu","9fA/Wsqu1JT6fgYc1YkkHN","b075ZIZoxHlK/iZd7WXCjN","9cItSGErtMjq/zAjZRsTlC","dckiEEa2hKEZjV+19kG7wT","a9eClCBsVLHK+RrTTC8FRo","95FeSizXNH17VmuMUj9Ddf","a0US4W9LxFl6MsQ08CFikH","a6jtzXE2dHBJMXd4FI7ds0","dc/IGS2hBBKaLgJXjPE2dQ","94baBUQy5A85kakhDfC0XL","a9Ujc8j0RKOZ271hW1R2UU","a9eIAjNWlJMoY29gDb8zpS","f6W0M1ZuFLLIifgJa+sxWh","96GNydyQFI0rwJBKWWfUSR","14gPuSqrRAd4zxAqfAlbPs","006Tsu2IhJVq5e/1G0nQ8i","d7FU8e04hLnIcuFH4WIda1","50+WlCdARFLp2Bm2YFZP33","2aUmK/uGZJnLP28jUqJo3A","5749aEL8xEF6DRBy8W0llr","9fW55F4MdIPazSW42lwVd+","0asbE4vYxMdbQouUXW+lMW","4eC9nPxb9Kk4QdvGVDUknE","206SiwfiRGPrl8JuCocwMs","351kx4hC9LzK1u0JU+Wd7S","02WnKykKtFuL1PKlN1M2nh","adNWC3igBNXqEHd2110ix8","e7sDFC/vhH0a7g7i1UodB1","ccJC9r9i9LR49Et76207FM","98Hr+awo9BuKCXKJrsRfY6","52jYkEgDZGPIvcYwNACGOL","a3rwuBxzxIMoZyuE1kYIn2","5acBPnbfZLVI4tBVOtD+J2","f4JMsCcpxNT4MiJN0keIiB","df/CIXLOROdrCdkGkdaAQj","6b7O9ZvLtIV49UyY5W7+6v","83Kdp5GGdG2p4JBb1SAb20","40lh3RZRZO2IzmdbUsSgCw","ecpdLyjvZBwrvm+cedCcQy","9bvaMerUlDyary99mJa6xp","f0BIwQ8D5Ml7nTNQbh1YlS","e97GVMl6JHh5Ml5qEDdSGa","29FYIk+N1GYaeWH/q1NxQO","a2MjXRFdtLlYQ5ouAFv/+R","7a/QZLET9IDreTiBfRn2PD","3ae7efMv1CLq2ilvUY/tQi","02delMVqdBD70a/HSD99FK"],"scenes":{},"redirect":[322,0,328,0,329,0,330,0],"deps":["internal"],"packs":{"0f13b6cd7":[135,323],"052af06d7":[137,194],"09d57ef51":[299,309,305,298,282,307,302,308,321,306,301,314,303,316,319,320,283,293,289,297,313,286,284,304,290,315,291,294,288,295,310,285,312,240,300,287,292,318,311,317,296],"0c339d10f":[326,325,324],"07f904274":[176,177,175],"0a4df42fa":[179,164,200,270,181,265,204,182,267,199,174,201,269,202,180,114,178,205,264,268,189,266,184,239,113,191,188,112,271,82,110,190,263,206,139,203],"032a82b73":[125,123,127,126,124],"0ce147842":[109,141,229],"0c7e44351":[122,121,120],"01b2e7038":[231,234,142,233,236,108,232,235,237,230],"0b5273e6b":[143,222,224,118,223],"0b19d5aca":[227,219,145,146,226],"09a05b07d":[198,148],"0f63b21cf":[192,149],"07a829f21":[248,242,252,253,258,247,116,250,249,261,107,251,115,260,259,150,246,255],"03f38ff59":[272,151],"0add004ac":[42,74,281,280,13,33,277,68,10,279,15,278,59,8,64,76,25,44,32,3,45,47,23,34,28,6,27,31,46,49,70,77,2,62,38,276,58,7,29,39,36,50,41,37,72,48,9,80,16,30,43,40,275,24,35,65,19,69,5,14,71,20,273,12,4,18,73,75,274,81,11,17,79,26,21,78,22]},"name":"resources","importBase":"import","nativeBase":"native","debug":false,"isZip":false,"encrypted":false,"versions":{"import":[187,"f2dca","01b2e7038","2fcae",98,"a0e03",66,"7de2f","032a82b73","4efe0","03f38ff59","b93b2","052af06d7","a9e5b",83,"c8411","07a829f21","3991f","07f904274","4df9a","09a05b07d","d6a9b","09d57ef51","31214",210,"2ca83","0a4df42fa","5bbe0","0add004ac","97189","0b19d5aca","ec3e5","0b5273e6b","5aaf9",96,"e2b2c","0c339d10f","a9ccb","0c7e44351","d9316","0ce147842","3d6e7","0f13b6cd7","e1311","0f63b21cf","4235c",154,"5315c",128,"5955d",131,"5983c",165,"2ba66",105,"8db7b",160,"85f94",54,"764fd",243,"da701",132,"11182",155,"a0a22",61,"37274",134,"c5317",244,"48ad8",215,"26d48",157,"0a5c0",196,"caf3d",168,"90ec2",63,"88421",87,"99efe",245,"7dcd5",52,"992f6",162,"64555",140,"4eae1",111,"d882d",238,"578c3",156,"00c3d",183,"5bd2c",256,"f5602",144,"d5cd7",102,"78dab",212,"7b3aa",262,"6bba5",57,"b9af5",161,"930fb",213,"73225",169,"7916a",92,"0a7f5",133,"167dd",89,"e9367",172,"637ca",214,"e490a",185,"02be8",119,"9ab5c",152,"d939d",99,"1107c",147,"ca7d3",95,"f3e1c",241,"fd729",136,"db277",163,"a60b0",84,"f7f1d",166,"88325",130,"75e63",254,"7ece2",106,"961a4",167,"2d5ee",207,"32355",327,"43d76",129,"6c00c",101,"b3aa2",153,"c435f",88,"75877",159,"a40f8",117,"421fc",104,"1c362",91,"61212",97,"a5dc8",208,"4bf57",217,"ca83d",67,"17f4f",257,"3fd93",186,"7a381",85,"6842f",220,"60323",221,"10407",209,"f9008",90,"e6b5d",53,"db195",0,"dba4f",218,"d051c",171,"73b32",55,"a2095",195,"5a80e",216,"fa35d",60,"319dd",193,"e0c23",94,"6b36b",225,"e670a",1,"5ea3c",103,"1bea0",86,"dc1b4",228,"e9cdd",56,"c350b",158,"6f486",100,"2a7f3",93,"1dc06",197,"5b313",51,"6c2c2",138,"adaa2",173,"8b204",170,"c7ce6",211,"d6248"],"native":[66,"d6ed9",42,"ccd59",74,"6b1ae",281,"94d15",280,"9e8fb",13,"2a989",33,"b7eb6",277,"00aef",68,"50131",54,"d3fdd",10,"71690",279,"c7d1a",15,"5142f",278,"46e13",61,"982c5",59,"5440b",8,"4c551",64,"41d88",76,"96a26",25,"2ea4a",44,"949c7",63,"564ab",32,"20461",3,"20d71",45,"0998f",47,"db005",23,"8bc55",34,"b11af",28,"3a330",6,"35092",52,"d5b48",27,"a238a",31,"22d4d",46,"d8985",49,"9eaa9",70,"35a5f",77,"669e2",2,"59756",62,"87afc",38,"3f183",57,"60d7d",276,"c06a9",58,"08702",7,"d4360",29,"fffba",39,"eb501",36,"6bf49",50,"501f4",41,"1074e",37,"60048",72,"5a767",48,"630fe",9,"b4867",80,"30f6c",16,"874ee",30,"da6e9",43,"cca17",40,"93d37",67,"ef11a",275,"83fcc",24,"062d5",35,"14099",65,"1f8f1",19,"9bf60",69,"6752c",5,"8021c",14,"47944",53,"168b9",71,"0932e",0,"eb0d5",55,"9dcfc",60,"d781c",20,"8b952",1,"7a12f",273,"cdbc9",12,"0d3a4",4,"711b6",18,"c8b7d",73,"17b97",56,"3b618",75,"7817a",274,"90cf4",81,"5dd90",11,"886b3",17,"60373",79,"adf00",26,"2838b",51,"6258f",21,"6baeb",78,"bb237",22,"c0ecb"]}}