[1,["8d120iEF9LsKWhX7GxhgyI","80vwV5Y+FCvLvZBtnIE8hn","adNoVQ59xDuLKIqXU/X7//","07MIOF3hNFQ4QiRwMRNnw8","b1BNnJ8whDz6kQKGvodYmr"],["_textureSetter"],["cc.SpriteFrame"],0,[[[{"name":"room_name_6","rect":[0,0,100,40],"offset":[0,0],"originalSize":[100,40],"capInsets":[0,0,0,0]}],[0],0,[0],[0],[0]],[[{"name":"room_name_4","rect":[0,0,103,51],"offset":[0,0],"originalSize":[103,51],"capInsets":[0,0,0,0]}],[0],0,[0],[0],[1]],[[{"name":"room_name_8","rect":[0,0,100,40],"offset":[0,0],"originalSize":[100,40],"capInsets":[0,0,0,0]}],[0],0,[0],[0],[2]],[[{"name":"room_name_7","rect":[0,0,100,40],"offset":[0,0],"originalSize":[100,40],"capInsets":[0,0,0,0]}],[0],0,[0],[0],[3]],[[{"name":"room_name_5","rect":[0,0,103,51],"offset":[0,0],"originalSize":[103,51],"capInsets":[0,0,0,0]}],[0],0,[0],[0],[4]]]]