[1,["e835X30AtHDozFMfq1tFa6","ecpdLyjvZBwrvm+cedCcQy","03sjLs3qhHKZZ16QdAty+M"],["node","_textureSetter","root","data","_spriteFrame"],[["cc.Node",["_name","_components","_prefab","_contentSize","_children","_trs","_parent"],2,9,4,5,2,7,1],["cc.PrefabInfo",["fileId","root"],2,1],"cc.SpriteFrame",["cc.Prefab",["_name"],2],["cc.Widget",["_alignFlags","_originalWidth","_originalHeight","node"],0,1],["64319liu3pNlpqPNOPbN8YF",["node"],3,1],["cc.Sprite",["_sizeMode","node","_materials","_spriteFrame"],2,1,3,6],["cc.BlockInputEvents",["node"],3,1]],[[4,0,1,2,3,4],[3,0,2],[0,0,4,1,2,3,5,2],[0,0,6,1,2,3,2],[5,0,1],[1,1,1],[1,0,1,2],[6,0,1,2,3,2],[7,0,1]],[[[{"name":"img_whz","rect":[0,305,375,202],"offset":[0,0],"originalSize":[375,812],"capInsets":[0,0,0,0]}],[2],0,[0],[1],[0]],[[[1,"weihuLayer"],[2,"weihuLayer",[-4],[[0,45,750,1912,-2],[4,-3]],[5,-1],[5,750,1334],[375,667,0,0,0,0,1,1,1,1]],[3,"img_whz",1,[[7,0,-5,[0],1],[0,45,748,1622,-6],[8,-7]],[6,"37h8idLm9NlrWeJriSjA+c",1],[5,750,1334]]],0,[0,2,1,0,0,1,0,0,1,0,-1,2,0,0,2,0,0,2,0,0,2,0,3,1,7],[0,0],[-1,4],[1,2]]]]