[1,["ecpdLyjvZBwrvm+cedCcQy","1800987f6","8043uF8XBJ4YpU9EMFmoan","6fqganQuhBW4Q6w2Bp5Owj","b8zFpJVxZLD41RmQPkxJhW","3388JTvVxPQKvVhNqUWBU5","02Gym68oxAE4yv59m8Pa6i","5dpf8Gq/9G8oLauqdVCZ60","95TFp3cYdCVb/H8/cd1xwD","e0VzpW1lFJEbdVQOy3MmoK"],["node","_textureSetter","_spriteFrame","root","data","loading","header","_content","_parent","prefab1","prefab2","prefab3","prefab4","prefab5"],[["cc.Node",["_name","_objFlags","_prefab","_contentSize","_components","_parent","_children","_trs","_anchorPoint","_color"],1,4,5,9,1,2,7,5,5],["cc.Widget",["_alignFlags","_originalWidth","_originalHeight","_top","_bottom","alignMode","node"],-3,1],"cc.SpriteFrame",["cc.PrefabInfo",["fileId","root"],2,1],["41ebaVoPpRA4Kp67XEdHfZn",["_string","_fontSize","_lineHeight","_N$horizontalAlign","_N$verticalAlign","i18n_string","_enableWrapText","_N$overflow","node","_materials"],-5,1,3],["cc.Prefab",["_name"],2],["cc.BlockInputEvents",["node"],3,1],["d927302/V1NjJiw9XHrR6DZ",["node"],3,1],["13917If7fpNl5++gVEKI3xH",["node"],3,1],["cc.Mask",["_N$alphaThreshold","node","_materials"],2,1,3],["ee55ezOwmVL7Kvmo2s5Eh7p",["node","scrollManager","viewManager","layoutManager","pageViewManager","releaseManager","centerManager","header","loading","prefab1","prefab2","prefab3","prefab4","prefab5"],3,1,4,4,4,4,4,4,1,1,6,6,6,6,6],["ScrollManager",["nestedMinThreshold","_view","_content"],2,1,1],["ViewManager",["_spacing","bottom","magnetic","magneticSizeChanges"],-1],["LayoutManager",["_childAlignment","_forceExpandWidth","_controlSizeWidth"],0],["PageViewManager",[],3],["ReleaseManager",["_enabled","bottom"],1],["CenterManager",[],3],["cc.Button",["node"],3,1],["cc.Sprite",["node","_materials","_spriteFrame"],3,1,3,6]],[[3,0,1,2],[0,0,5,6,4,2,3,7,2],[18,0,1,2,1],[5,0,2],[0,0,5,4,2,3,7,2],[0,0,5,4,2,3,2],[6,0,1],[3,1,1],[1,0,1,2,6,4],[1,0,6,2],[1,0,3,6,3],[0,0,6,4,2,3,2],[0,0,5,4,2,9,3,2],[0,0,6,4,2,3,7,2],[0,0,1,6,4,2,3,3],[0,0,5,6,4,2,3,8,7,2],[0,0,1,5,2,3,8,7,3],[7,0,1],[4,0,1,2,6,3,4,7,5,8,9,9],[4,0,1,2,3,4,5,8,9,7],[1,0,3,4,1,2,6,6],[1,5,0,6,3],[8,0,1],[9,0,1,2,2],[10,0,1,2,3,4,5,6,7,8,9,10,11,12,13,1],[11,0,1,2,2],[12,0,1,2,3,5],[13,0,1,2,4],[14,1],[15,0,1,3],[16,1],[17,0,1]],[[[{"name":"icons8-buffering-96","rect":[762,1966,69,73],"offset":[1.5,-1.5],"originalSize":[96,96],"capInsets":[0,0,0,0]}],[2],0,[0],[1],[1]],[[{"name":"beijing","rect":[3,3,750,1625],"offset":[0,0],"originalSize":[750,1625],"capInsets":[0,0,0,0]}],[2],0,[0],[1],[1]],[[[3,"jiluItem5"],[11,"jiluItem5",[-4],[[6,-2],[17,-3]],[7,-1],[5,680,50]],[12,"font_1",1,[[18,"NO_MORE_DATA",22,22,false,1,1,2,"NO_MORE_DATA",-5,[0]]],[0,"ean/tmoMFPt7KavKXkCP3i",1],[4,4281840864],[5,137.76,25.2]]],0,[0,3,1,0,0,1,0,0,1,0,-1,2,0,0,2,0,4,1,5],[0],[-1],[0]],[[[3,"jiluLayer"],[13,"jiluLayer",[-5,-6,-7,-8],[[8,45,750,1912,-2],[6,-3],[22,-4]],[7,-1],[5,750,1334],[375,667,0,0,0,0,1,1,1,1]],[14,"view",512,[-11,-12],[[23,0,-9,[4]],[8,45,240,250,-10]],[0,"486lCrhDRG8axE2+d3ZFzu",1],[5,750,1028]],[1,"scrollView",1,[2],[[20,45,206,100,240,250,-13],[24,-17,[25,0,2,-16],[26,50,10,true,true],[27,1,true,true],[28],[29,true,0.1],[30],-15,-14,5,6,7,8,9]],[0,"bcSH1UHZhHvYV1igX+qkPw",1],[5,750,1028],[0,-53,0,0,0,0,1,1,1,1]],[15,"header",2,[-19],[[9,44,-18]],[0,"c6GMZbNfdLspmlyfsYofta",1],[5,750,100],[0,0.5,0],[0,-514,0,0,0,0,1,1,1,1]],[1,"btn_back",1,[-22],[[31,-20],[10,9,50.541000000000054,-21]],[0,"bbWu4oHAtNO5Fghrd9mfXE",1],[5,100,100],[-325,566.459,0,0,0,0,1,1,1,1]],[4,"model",1,[[2,-23,[0],1],[9,1,-24]],[0,"fb20dd7rNEz757W76xQ+xL",1],[5,750,1625],[0,-145.5,0,0,0,0,1,1,1,1]],[1,"Node_1",4,[-26],[[21,2,1,-25]],[0,"60YKb4LUBFT76r/vRD8/MS",1],[5,100,100],[0,50,0,0,0,0,1,1,1,1]],[5,"loading",7,[[2,-27,[2],3]],[0,"8c1BR1SdlH2Jaz+lXlS1hs",1],[5,69,73]],[4,"font_title",1,[[10,1,70.5,-28],[19,"記錄",50,50,1,1,"RECORDS",-29,[12]]],[0,"3961xzKGlKiLMurkmaCIQn",1],[5,100,63],[0,565,0,0,0,0,1,1,1,1]],[16,"content",512,2,[0,"7duDQs1sZIBZTJe7kGFFis",1],[5,750,2254],[0,0.5,1],[0,667,0,0,0,0,1,1,1,1]],[5,"spr_back",5,[[2,-30,[10],11]],[0,"49W2e9SLNCwpJfNW1itGOX",1],[5,46,44]]],0,[0,3,1,0,0,1,0,0,1,0,0,1,0,-1,6,0,-2,3,0,-3,5,0,-4,9,0,0,2,0,0,2,0,-1,10,0,-2,4,0,0,3,0,5,8,0,6,4,0,7,10,0,0,3,0,0,4,0,-1,7,0,0,5,0,0,5,0,-1,11,0,0,6,0,0,6,0,0,7,0,-1,8,0,0,8,0,0,9,0,0,9,0,0,11,0,4,1,2,8,3,30],[0,0,0,0,0,0,0,0,0,0,0,0,0],[-1,2,-1,2,-1,9,10,11,12,13,-1,2,-1],[0,2,0,3,0,4,5,6,7,8,0,9,0]],[[{"name":"fanhui","rect":[943,741,46,44],"offset":[0,0],"originalSize":[46,44],"capInsets":[0,0,0,0]}],[2],0,[0],[1],[1]]]]