[1,["ecpdLyjvZBwrvm+cedCcQy","c4aplNTFdLT7YvM9jFzDK0","1800987f6","4a2RWHb2dBS6v6uPD8RP2g","c7cB6d13RK24kQBhWKAff+","a2+1EKEzlJwKjQOBhxwTaM","d6ztkJPMFDB6eWg27jNpoM","c508yFwu9Kur/iIkhZ/LhZ","441Tif4ZFOCZnfkRdIRAe1"],["node","_spriteFrame","_N$file","_textureSetter","root","data"],[["cc.Node",["_name","_active","_components","_prefab","_contentSize","_parent","_trs","_children","_anchorPoint"],1,9,4,5,1,7,2,5],"cc.SpriteFrame",["cc.Widget",["_alignFlags","_top","_left","_right","node"],-1,1],["cc.PrefabInfo",["fileId","root"],2,1],["cc.Sprite",["_type","node","_materials","_spriteFrame"],2,1,3,6],["cc.Label",["_string","_fontSize","_lineHeight","_isSystemFontUsed","_N$verticalAlign","_N$horizontalAlign","_N$cacheMode","_N$overflow","node","_materials","_N$file"],-5,1,3,6],["cc.Prefab",["_name"],2],["cc.BlockInputEvents",["node"],3,1],["6aac4MVzmBG76b+fgkL3gIP",["node"],3,1],["0ffbcbl89xEj5yYYH4SQgf+",["i18n_string","node"],2,1],["cc.Layout",["_enabled","_resize","_N$layoutType","_N$affectedByScale","node","_layoutSize"],-1,1,5]],[[3,0,1,2],[0,0,1,5,2,3,4,6,3],[4,1,2,3,1],[5,0,1,2,3,5,4,6,8,9,10,8],[0,0,5,7,2,3,4,8,6,2],[0,0,5,2,3,4,6,2],[0,0,5,2,3,4,8,6,2],[10,0,1,2,3,4,5,5],[5,0,1,2,3,4,7,8,9,10,7],[6,0,2],[0,0,7,2,3,4,2],[0,0,5,7,2,3,4,2],[7,0,1],[8,0,1],[3,1,1],[4,0,1,2,3,2],[9,0,1,2],[2,0,1,4,3],[2,0,2,1,4,4],[2,0,2,3,1,4,5]],[[[[9,"jiluItem3"],[10,"jiluItem3",[-4],[[12,-2],[13,-3]],[14,-1],[5,680,260]],[11,"bg",1,[-7,-8,-9,-10,-11],[[15,1,-5,[22],23],[16,"my_record",-6]],[0,"838rBNeUhAz7hTiZh3C6no",1],[5,688,152]],[4,"layout_1",2,[-13,-14,-15,-16],[[7,false,1,1,true,-12,[5,279.96000000000004,40]]],[0,"ddDZH2iI5FlLf7CllS65PV",1],[5,279.96000000000004,40],[0,0,0.5],[-205.915,-32,0,0,0,0,1,1,1,1]],[4,"layout_2",2,[-18,-19,-20,-21],[[7,false,1,1,true,-17,[5,157.02,40]]],[0,"7b1yi1og5Pxp7G0c5YjYJh",1],[5,157.02,40],[0,0,0.5],[147.296,-29,0,0,0,0,1,1,1,1]],[1,"font_1",false,2,[[3,"我的参与记录",28,28,false,1,1,1,-22,[0],1],[17,1,29,-23]],[0,"ddTeSjfS5CU4oWzKQnQFoU",1],[5,165.31,35.28],[0,12.86,0,0,0,0,1,1,1,1]],[1,"font_2",false,2,[[3,"共投入",24,24,false,1,1,1,-24,[2],3],[18,9,146.575,114,-25]],[0,"7cEYoXYixKGbJMeejH8lVM",1],[5,70.85,30.24],[-13.000000000000014,-69.62,0,0,0,0,1,1,1,1]],[1,"font_3",false,2,[[3,"共获得",24,24,false,1,1,1,-26,[4],5],[19,33,146.575,146.57,114,-27]],[0,"81bXSL3q1N8agnssDjF8vH",1],[5,70.85,30.24],[13.00500000000001,-69.62,0,0,0,0,1,1,1,1]],[5,"coin_1_1",3,[[2,-28,[6],7]],[0,"c2c4Geug5CPo1vpnYKGk4f",1],[5,37,59],[18.3,0,0,0,0,0,1,0.6,0.6,1]],[1,"coin_1_2",false,3,[[2,-29,[8],9]],[0,"59zbmUhOdDcas/HsrjfNUl",1],[5,53,80],[-33.43,0,0,0,0,0,1,0.6,0.6,1]],[1,"coin_1_3",false,3,[[2,-30,[10],11]],[0,"acJsNpbzBEIaLeRAXQ56we",1],[5,74,68],[24.669999999999998,0,0,0,0,0,1,0.6,0.6,1]],[6,"lab_touru_num",3,[[8,"100000000000",30,30,false,1,2,-31,[12],13]],[0,"c8SoSwYoNGYbEZA84JQMRB",1],[5,200,37.8],[0,0,0.5],[36.6,2.644,0,0,0,0,1,1,1,1]],[5,"coin_2_1",4,[[2,-32,[14],15]],[0,"69C6GeyOFG+7FX+kig+jne",1],[5,37,59],[18.3,0,0,0,0,0,1,0.6,0.6,1]],[1,"coin_2_2",false,4,[[2,-33,[16],17]],[0,"0dvLfo1odNrZRh/JKymv6M",1],[5,53,80],[-33.43,0,0,0,0,0,1,0.6,0.6,1]],[1,"coin_2_3",false,4,[[2,-34,[18],19]],[0,"71AertlC9K4IagS/Gq9OsU",1],[5,74,68],[24.669999999999998,0,0,0,0,0,1,0.6,0.6,1]],[6,"lab_huode_num",4,[[8,"100000",30,30,false,1,2,-35,[20],21]],[0,"cf/nYwAkND4JQ3cfg287sa",1],[5,120.42,37.8],[0,0,0.5],[36.6,0,0,0,0,0,1,1,1,1]]],0,[0,4,1,0,0,1,0,0,1,0,-1,2,0,0,2,0,0,2,0,-1,5,0,-2,6,0,-3,7,0,-4,3,0,-5,4,0,0,3,0,-1,8,0,-2,9,0,-3,10,0,-4,11,0,0,4,0,-1,12,0,-2,13,0,-3,14,0,-4,15,0,0,5,0,0,5,0,0,6,0,0,6,0,0,7,0,0,7,0,0,8,0,0,9,0,0,10,0,0,11,0,0,12,0,0,13,0,0,14,0,0,15,0,5,1,35],[0,0,0,0,0,0,0,0,0,0,0,0,0,0,0,0,0,0,0,0,0,0,0,0],[-1,2,-1,2,-1,2,-1,1,-1,1,-1,1,-1,2,-1,1,-1,1,-1,1,-1,2,-1,1],[0,1,0,1,0,1,0,3,0,4,0,5,0,6,0,3,0,4,0,5,0,6,0,7]],[[{"name":"coin_1","rect":[53,1992,40,42],"offset":[0,0],"originalSize":[40,42],"capInsets":[0,0,0,0]}],[1],0,[0],[3],[2]],[[{"name":"coin_3","rect":[140,1904,40,42],"offset":[0,0],"originalSize":[40,42],"capInsets":[0,0,0,0]}],[1],0,[0],[3],[2]],[[{"name":"my_record","rect":[0,0,688,152],"offset":[0,0],"originalSize":[688,152],"capInsets":[0,0,0,0]}],[1],0,[0],[3],[8]],[[{"name":"coin_2","rect":[186,1904,40,42],"offset":[0,0],"originalSize":[40,42],"capInsets":[0,0,0,0]}],[1],0,[0],[3],[2]]]]