[1,["ecpdLyjvZBwrvm+cedCcQy","dbbzNK7/xCbrml2KoCAouJ","d6ztkJPMFDB6eWg27jNpoM","30c1IoKdpKBLI1MpIAImsl","8dGB6nF0JMX5C2ym0W0uf8","8apwCN4fZBDL8RtsKt2fQ2","27+0vpi9dAh5lYRIMpYCje","31n5VgFHdOcYtzIlc2pPG/","d1X/9JsJxFzZ+m6GE8E0pM","21HS7FCFRNxbcdJ9VRCn7I","7cspLeIYhPSpgNGIXpk792","3dA0JEWmJG+bgS9j0uXiy2","e1N8dInBJOk4qXR9JajU5u","12rMFCWURNt6BzI/YTGDa6","1800987f6"],["node","_spriteFrame","_N$file","_textureSetter","root","data"],[["cc.Widget",["_alignFlags","_top","_left","_right","node"],-1,1],["cc.Node",["_name","_components","_prefab","_contentSize","_trs","_children","_parent"],2,9,4,5,7,2,1],"cc.SpriteFrame",["cc.PrefabInfo",["fileId","root"],2,1],["cc.Sprite",["_type","_sizeMode","node","_materials","_spriteFrame"],1,1,3,6],["cc.Prefab",["_name"],2],["cc.BlockInputEvents",["node"],3,1],["38c06haa7ZPAKTwpTPT5i4Y",["node"],3,1],["0ffbcbl89xEj5yYYH4SQgf+",["i18n_string","node"],2,1],["cc.Label",["_string","_fontSize","_lineHeight","_isSystemFontUsed","_N$horizontalAlign","_N$verticalAlign","_N$cacheMode","node","_materials","_N$file"],-4,1,3,6],["cc.LabelOutline",["_width","node","_color"],2,1,5]],[[3,0,1,2],[1,0,6,1,2,3,4,2],[4,2,3,4,1],[0,0,2,1,4,4],[0,0,2,3,1,4,5],[8,0,1,2],[9,0,1,2,3,4,5,6,7,8,9,8],[10,0,1,2,2],[1,0,6,5,1,2,3,4,2],[0,0,4,2],[5,0,2],[1,0,5,1,2,3,4,2],[6,0,1],[7,0,1],[3,1,1],[4,0,1,2,3,4,3],[0,0,1,4,3]],[[[{"name":"biaoti2","rect":[0,0,260,56],"offset":[0,0],"originalSize":[260,56],"capInsets":[0,0,0,0]}],[2],0,[0],[3],[3]],[[[10,"jiluItem1"],[11,"jiluItem1",[-4,-5,-6],[[12,-2],[13,-3]],[14,-1],[5,680,384],[0,20,0,0,0,0,1,1,1,1]],[8,"bg",1,[-9,-10,-11,-12,-13,-14,-15,-16,-17,-18,-19,-20,-21,-22,-23,-24],[[15,1,0,-7,[32],33],[9,4,-8]],[0,"838rBNeUhAz7hTiZh3C6no",1],[5,680,348],[0,-18,0,0,0,0,1,1,1,1]],[8,"node_labs",1,[-26,-27,-28,-29,-30,-31,-32,-33],[[9,4,-25]],[0,"e2QXcML5RGMYdtp/Boiwqd",1],[5,680,348],[0,-18,0,0,0,0,1,1,1,1]],[1,"room_name_1",2,[[2,-34,[0],1],[5,"room_name_1",-35],[3,1,44.5,64,-36]],[0,"723myLUedOjZRpz5EF8NkF",1],[5,123,52],[-240,84,0,0,0,0,1,1,1,1]],[1,"room_name_2",2,[[2,-37,[2],3],[5,"room_name_2",-38],[3,1,214.5,68,-39]],[0,"aeHEbS3nZE94rpZmUlxo2b",1],[5,116,44],[-80,84,0,0,0,0,1,1,1,1]],[1,"room_name_3",2,[[2,-40,[4],5],[5,"room_name_3",-41],[4,1,214,214.5,68,-42]],[0,"c0eTvT4uZI6K1d51aM+T4X",1],[5,116,44],[80,84,0,0,0,0,1,1,1,1]],[1,"room_name_4",2,[[2,-43,[6],7],[5,"room_name_4",-44],[4,1,214,44.5,64,-45]],[0,"7eNLfwMpBM0qi5wp5eOo6z",1],[5,123,52],[240,84,0,0,0,0,1,1,1,1]],[1,"room_name_5",2,[[2,-46,[8],9],[5,"room_name_5",-47],[3,1,44.5,191.5,-48]],[0,"7dKhAj33NI+7m6IYjQYoFu",1],[5,116,44],[-240,-39.5,0,0,0,0,1,1,1,1]],[1,"room_name_6",2,[[2,-49,[10],11],[5,"room_name_6",-50],[3,1,214.5,191.5,-51]],[0,"e3LumfYfNEDKyHQOLwztJX",1],[5,116,44],[-80,-39.5,0,0,0,0,1,1,1,1]],[1,"room_name_7",2,[[2,-52,[12],13],[5,"room_name_7",-53],[4,1,214,214.5,187.5,-54]],[0,"7bOrQ0T4FI6Yul0A7lkt91",1],[5,123,52],[80,-39.5,0,0,0,0,1,1,1,1]],[1,"room_name_8",2,[[2,-55,[14],15],[5,"room_name_8",-56],[4,1,214,44.5,191.5,-57]],[0,"07504ppnlJr62QPMUnwKm1",1],[5,116,44],[240,-39.5,0,0,0,0,1,1,1,1]],[1,"lab_name_num_1",3,[[3,1,74.615,148,-58],[6,"1",28,28,false,1,1,2,-59,[34],35],[7,2,-60,[4,4280028941]]],[0,"9e8RxDTK5D5qfi53B1WAP3",1],[5,20.77,32],[-240,10,0,0,0,0,1,1,1,1]],[1,"lab_name_num_2",3,[[3,1,244.615,148,-61],[6,"2",28,28,false,1,1,2,-62,[36],37],[7,2,-63,[4,4280028941]]],[0,"64oRXGQ7dGVr0nI2KY8beo",1],[5,20.77,32],[-80,10,0,0,0,0,1,1,1,1]],[1,"lab_name_num_3",3,[[4,1,214,244.08,148,-64],[6,"3",28,28,false,1,1,2,-65,[38],39],[7,2,-66,[4,4280028941]]],[0,"87yEP58LZA8q5AHN99jkNX",1],[5,21.84,32],[80,10,0,0,0,0,1,1,1,1]],[1,"lab_name_num_4",3,[[4,1,214,73.44999999999999,148,-67],[6,"4",28,28,false,1,1,2,-68,[40],41],[7,2,-69,[4,4280028941]]],[0,"010nyRYCZBzZpq4CUSJWuH",1],[5,23.1,32],[240,10,0,0,0,0,1,1,1,1]],[1,"lab_name_num_5",3,[[3,1,74.28999999999999,271,-70],[6,"5",28,28,false,1,1,2,-71,[42],43],[7,2,-72,[4,4280028941]]],[0,"1flwjK0HNOBJn8fnSHCfx3",1],[5,21.42,32],[-240,-113,0,0,0,0,1,1,1,1]],[1,"lab_name_num_6",3,[[3,1,243.93,271,-73],[6,"6",28,28,false,1,1,2,-74,[44],45],[7,2,-75,[4,4280028941]]],[0,"720Ve/wW5FbrzLg6oOzLEv",1],[5,22.14,32],[-80,-113,0,0,0,0,1,1,1,1]],[1,"lab_name_num_7",3,[[4,1,214,244.57000000000002,271,-76],[6,"7",28,28,false,1,1,2,-77,[46],47],[7,2,-78,[4,4280028941]]],[0,"0dN3xVCchANax5PMqe6HkT",1],[5,20.86,32],[80,-113,0,0,0,0,1,1,1,1]],[1,"lab_name_num_8",3,[[4,1,214,55.045,271,-79],[6,"890",28,28,false,1,1,2,-80,[48],49],[7,2,-81,[4,4280028941]]],[0,"c6e/7HG9RBO5kqcnP7KUqT",1],[5,59.91,32],[240,-113,0,0,0,0,1,1,1,1]],[1,"biaoti1",1,[[2,-82,[50],51],[16,1,36,-83],[5,"biaoti2",-84]],[0,"69EvzVLudGPa9fz84yMJfB",1],[5,260,56],[0,128,0,0,0,0,1,1,1,1]],[1,"gui_1",2,[[2,-85,[16],17],[3,1,75.5,111,-86]],[0,"031C3Wg9lJx6QbCfo2MOkp",1],[5,30,32],[-240,47,0,0,0,0,1,1,1,1]],[1,"gui_2",2,[[2,-87,[18],19],[3,1,245.5,111,-88]],[0,"d2qTubbKVNN73uqIZCuz3p",1],[5,30,32],[-80,47,0,0,0,0,1,1,1,1]],[1,"gui_3",2,[[2,-89,[20],21],[4,1,214,245.5,111,-90]],[0,"08RsNOropH3pMldCmC/tAQ",1],[5,30,32],[80,47,0,0,0,0,1,1,1,1]],[1,"gui_4",2,[[2,-91,[22],23],[4,1,214,75.5,111,-92]],[0,"7cdzoU6V1AaIzOVklvbKmr",1],[5,30,32],[240,47,0,0,0,0,1,1,1,1]],[1,"gui_5",2,[[2,-93,[24],25],[3,1,75.5,234,-94]],[0,"13Ptjdm5pIy54Z8cMCXLKY",1],[5,30,32],[-240,-76,0,0,0,0,1,1,1,1]],[1,"gui_6",2,[[2,-95,[26],27],[3,1,245.5,234,-96]],[0,"e6xuLawldJqbi4plnoxjb3",1],[5,30,32],[-80,-76,0,0,0,0,1,1,1,1]],[1,"gui_7",2,[[2,-97,[28],29],[4,1,214,245.5,234,-98]],[0,"4fSPAkKl1FCaLZa/bnRoSj",1],[5,30,32],[80,-76,0,0,0,0,1,1,1,1]],[1,"gui_8",2,[[2,-99,[30],31],[4,1,214,75.5,234,-100]],[0,"aejdB9dHZD64W0apCjqkdd",1],[5,30,32],[240,-76,0,0,0,0,1,1,1,1]]],0,[0,4,1,0,0,1,0,0,1,0,-1,2,0,-2,3,0,-3,20,0,0,2,0,0,2,0,-1,4,0,-2,5,0,-3,6,0,-4,7,0,-5,8,0,-6,9,0,-7,10,0,-8,11,0,-9,21,0,-10,22,0,-11,23,0,-12,24,0,-13,25,0,-14,26,0,-15,27,0,-16,28,0,0,3,0,-1,12,0,-2,13,0,-3,14,0,-4,15,0,-5,16,0,-6,17,0,-7,18,0,-8,19,0,0,4,0,0,4,0,0,4,0,0,5,0,0,5,0,0,5,0,0,6,0,0,6,0,0,6,0,0,7,0,0,7,0,0,7,0,0,8,0,0,8,0,0,8,0,0,9,0,0,9,0,0,9,0,0,10,0,0,10,0,0,10,0,0,11,0,0,11,0,0,11,0,0,12,0,0,12,0,0,12,0,0,13,0,0,13,0,0,13,0,0,14,0,0,14,0,0,14,0,0,15,0,0,15,0,0,15,0,0,16,0,0,16,0,0,16,0,0,17,0,0,17,0,0,17,0,0,18,0,0,18,0,0,18,0,0,19,0,0,19,0,0,19,0,0,20,0,0,20,0,0,20,0,0,21,0,0,21,0,0,22,0,0,22,0,0,23,0,0,23,0,0,24,0,0,24,0,0,25,0,0,25,0,0,26,0,0,26,0,0,27,0,0,27,0,0,28,0,0,28,0,5,1,100],[0,0,0,0,0,0,0,0,0,0,0,0,0,0,0,0,0,0,0,0,0,0,0,0,0,0,0,0,0,0,0,0,0,0,0,0,0,0,0,0,0,0,0,0,0,0,0,0,0,0,0,0],[-1,1,-1,1,-1,1,-1,1,-1,1,-1,1,-1,1,-1,1,-1,1,-1,1,-1,1,-1,1,-1,1,-1,1,-1,1,-1,1,-1,1,-1,2,-1,2,-1,2,-1,2,-1,2,-1,2,-1,2,-1,2,-1,1],[0,4,0,5,0,6,0,7,0,8,0,9,0,10,0,11,0,1,0,1,0,1,0,1,0,1,0,1,0,1,0,1,0,12,0,2,0,2,0,2,0,2,0,2,0,2,0,2,0,2,0,13]],[[{"name":"linghuntubiao","rect":[677,1987,30,32],"offset":[0,0],"originalSize":[32,32],"rotated":1,"capInsets":[0,0,0,0]}],[2],0,[0],[3],[14]]]]