{"paths":{},"types":[],"uuids":["780oR/PhRN3LiGsG8UO71A","a6B+Sd8wRIkZiPuxlROYDR","ecpdLyjvZBwrvm+cedCcQy","a2MjXRFdtLlYQ5ouAFv/+R","e3IQmExCtEQKgks7BuWZyd","7a/QZLET9IDreTiBfRn2PD","83PG+MA8RH+7/UGogYeSb+","51YRr2wRFOELSx4JehDExd","cc7e6Q+mdDxaKZZggwCCsw","4dLWZSor9N1rGjsRa/XyVL","dbhEVILU9DeJfduSNo9iqn","07BtgDVntJ7ZY4M1YjlKzo","4fRZ2JAfVLL7q3CZLxB+/V","52FsBZbcxOz7CDPZu0NcvK","fe641q7cxIDok037ChPua0","37FndbAeZEY4Vn+14Gu1CB","62te6t4Z1OxoOAlaQXNFDA","f6SeFqRF9Ec7jSvQumSMqA","8dGB6nF0JMX5C2ym0W0uf8","8apwCN4fZBDL8RtsKt2fQ2","27+0vpi9dAh5lYRIMpYCje","31n5VgFHdOcYtzIlc2pPG/","d1X/9JsJxFzZ+m6GE8E0pM","21HS7FCFRNxbcdJ9VRCn7I","7cspLeIYhPSpgNGIXpk792","3dA0JEWmJG+bgS9j0uXiy2","61kaphluhKfK/V6ClfpWiI","00OSCjMS1DkKlplypbw+LS","57OMsuvGRA14ihhwV0XTVP","d6ztkJPMFDB6eWg27jNpoM","9cs5CgDL9OQrSGXfKlKTHq","4eCMnSYqxGEKUT0ktZPRg/","3ae7efMv1CLq2ilvUY/tQi","bdqn/RWqJHcasQlZRyOU+B","6cbMwRGitIzr1w2I20PAIK","774PwSuL5NSZBV3PVf1MT2","13j3tb5GNCM6GI+9Pxz3w5","3elzOVQ75GXJVfU6JyNmwf","bcgvMxu09JrKJnl5aZJ3Aj","88l4aTbCpAErHXPdB4UNjn","e4VP+GOLFEgYT+ZxzxVBfd","bd+21e7aRNlKi1SA22RCPA","d0+Sq9yyVD5YnzjllwFuNy","baul5it5lDEo3Z/ZdrygIb","c4aplNTFdLT7YvM9jFzDK0","5dg9PK/x9Ee7iZ6Iq3gnGw","a7mE/Ys7xEtZMDQLXFxqi5","04vBtXGs5M7I/6SQZxVWWi","72yO+lS8dJe79n7Acr/Q9u","2dZI5cq0VCO4H6gvCxSLHu","e97GVMl6JHh5Ml5qEDdSGa","f0BIwQ8D5Ml7nTNQbh1YlS","29FYIk+N1GYaeWH/q1NxQO","7bwgqHHVBBBapjyyY9k7Ja","0aun05fk9Og7aSADtiz4Ph","ec/hZeDyJJBZ0TQvcZYs/s","99DgHW0fpKLbhnBbmI6Of6","50ftp5a9xFr7KEQ1UQ9Wbh","daag+yeEBCXoWmEDlKSl18","44WemaWqhMpLpddZQya+F9","b3B5c9dCVMYpLZ/LICdktN","55Wf+KU39Kv4OFlXle1510","1fqB4irG9Bz7jPA7U+zYq4","f5gUySVKBPJpg1BXe6F1/y","ccJkqNZLJO85sf2n9voilE","12MuS2R1RNq6Bx31fq7aQc","05oemwGfhO3ZeG8XK2USSF","294IhYilVJcokyinSQHUPj","81UdGv+ZxCJp0l2hEvK/N2","a3Ne8cbzNLLaz5cT9d1YPQ","55d9z3hshOxIfAj4vCRQzS","70N8UceF5KLrD9vaKhnrkW","239+AWj1VPO4B0AkAXtso4","135s6VjJRNEqi9l6skgBj7"],"scenes":{"db://assets/scene/game.fire":0,"db://assets/scene/loading.fire":1},"redirect":[2,0,3,1,4,1,5,0,6,1,7,1,8,1,9,1,10,1,11,1,12,1,13,1,14,1,15,1,16,1,17,1,18,1,19,1,20,1,21,1,22,1,23,1,24,1,25,1,26,1,27,1,28,1,29,1,30,1,31,1,32,0,33,1,34,1,35,1,36,1,37,1,38,1,39,1,40,1,41,1,42,1,43,1,44,1,45,1,46,1,47,1,48,1,49,1,50,1,51,1,52,1,53,1,54,1,55,1,56,1,57,1,58,1,59,1,60,1,61,1,62,1,63,1,64,1,65,1,66,1,67,1,68,1,69,1,70,1,71,1,72,1,73,1],"deps":["internal","resources"],"packs":{"0fc9da060":[0,1]},"name":"main","importBase":"import","nativeBase":"native","debug":false,"isZip":false,"encrypted":false,"versions":{"import":["0fc9da060","1f039"],"native":[]}}