[1,["5dzXSB9SdGx6SYoYSD9bzJ"],0,[["sp.SkeletonData",["_name","_atlasText","textureNames","_skeletonJson","textures"],-1,3]],[[0,0,1,2,3,4,5]],[[0,"killer","\nkiller.png\nsize: 94,94\nformat: RGBA8888\nfilter: Linear,Linear\nrepeat: none\ndao\n  rotate: false\n  xy: 2, 5\n  size: 29, 16\n  orig: 35, 22\n  offset: 3, 3\n  index: -1\nguang\n  rotate: false\n  xy: 63, 35\n  size: 29, 26\n  orig: 29, 28\n  offset: 0, 1\n  index: -1\nmianju\n  rotate: false\n  xy: 2, 23\n  size: 38, 35\n  orig: 44, 40\n  offset: 3, 3\n  index: -1\nshenti\n  rotate: false\n  xy: 63, 63\n  size: 29, 29\n  orig: 31, 31\n  offset: 1, 1\n  index: -1\ntou\n  rotate: false\n  xy: 2, 60\n  size: 59, 32\n  orig: 63, 38\n  offset: 3, 3\n  index: -1\nyoujiao\n  rotate: true\n  xy: 42, 22\n  size: 14, 15\n  orig: 16, 18\n  offset: 1, 2\n  index: -1\nyoushou\n  rotate: false\n  xy: 42, 38\n  size: 16, 20\n  orig: 18, 24\n  offset: 1, 2\n  index: -1\nzuojiao\n  rotate: true\n  xy: 59, 20\n  size: 13, 15\n  orig: 15, 18\n  offset: 1, 2\n  index: -1\nzuoshou1\n  rotate: false\n  xy: 76, 23\n  size: 14, 10\n  orig: 20, 16\n  offset: 3, 3\n  index: -1\nzuoshou2\n  rotate: true\n  xy: 76, 12\n  size: 9, 13\n  orig: 15, 19\n  offset: 3, 3\n  index: -1\n",["killer.png"],{"skeleton":{"hash":"AZfksnjUxZsVU4XJozL38OC0LeM","spine":"3.8.99","x":-28.82,"y":-0.84,"width":64,"height":60.54},"bones":[{"name":"root"},{"name":"bone","parent":"root","length":16.51,"rotation":-90,"y":-3.59},{"name":"shenti","parent":"bone","x":-11.72,"y":1.32},{"name":"shenti2","parent":"shenti","length":8.28,"rotation":180},{"name":"shenti3","parent":"shenti2","length":7.2,"x":8.17},{"name":"tou","parent":"shenti3","length":13.01,"rotation":2.14,"x":6.86,"y":0.39},{"name":"zuoshou2","parent":"shenti3","length":8.88,"rotation":-168.31,"x":7.66,"y":-8.81},{"name":"zuoshou1","parent":"zuoshou2","length":10.11,"rotation":-67.88,"x":8.6,"y":-0.25},{"name":"dao","parent":"zuoshou1","length":14.3,"rotation":-50.72,"x":10.29,"y":-2.29},{"name":"guang","parent":"dao","length":10.96,"rotation":-92.71,"x":21.99,"y":-2.76},{"name":"guang2","parent":"guang","length":12.94,"rotation":-29.89,"x":11.13,"y":-0.02},{"name":"youshou","parent":"shenti3","length":9.52,"rotation":146.31,"x":6.96,"y":7.68},{"name":"youshou2","parent":"youshou","length":9.13,"rotation":31.68,"x":9.52},{"name":"youjiao","parent":"shenti","length":9.14,"rotation":-3.76,"x":-2.74,"y":-5.49},{"name":"youjiao2","parent":"bone","length":4.96,"rotation":-75.29,"x":-5.28,"y":-4.83},{"name":"zuojiao","parent":"shenti","length":9.13,"rotation":-2.26,"x":-2.2,"y":5.73},{"name":"zuojiao2","parent":"bone","length":4.67,"rotation":-77.39,"x":-4.74,"y":6.63}],"slots":[{"name":"zuojiao","bone":"zuojiao","attachment":"zuojiao"},{"name":"youjiao","bone":"youjiao","attachment":"youjiao"},{"name":"youshou","bone":"youshou","attachment":"youshou"},{"name":"shenti","bone":"shenti","attachment":"shenti"},{"name":"zuoshou2","bone":"zuoshou2","attachment":"zuoshou2"},{"name":"tou","bone":"tou","attachment":"tou"},{"name":"mianju","bone":"tou","attachment":"mianju"},{"name":"guang","bone":"guang"},{"name":"dao","bone":"dao","attachment":"dao"},{"name":"zuoshou1","bone":"zuoshou1","attachment":"zuoshou1"}],"ik":[{"name":"youjiao2","target":"youjiao2","bones":["youjiao"]},{"name":"zuojiao2","order":1,"target":"zuojiao2","bones":["zuojiao"]}],"skins":[{"name":"default","attachments":{"dao":{"dao":{"x":13.73,"y":-0.05,"rotation":-163.09,"width":35,"height":22}},"guang":{"guang":{"type":"mesh","hull":13,"uvs":[0.07283,0.54051,0.1799,0.36554,0.33218,0.21769,0.513,0.10679,0.74856,0.05011,0.97383,0.07476,0.82231,0.24479,0.73428,0.43208,0.70811,0.60458,0.70097,0.79186,0.72952,0.95318,0.35597,0.84854,0,0.72286],"triangles":[11,9,10,12,0,11,9,11,8,1,8,11,1,11,0,8,1,2,8,2,7,7,2,3,6,3,4,6,7,3,6,4,5],"vertices":[1,9,3.69,10.1,1,2,9,9.34,8.82,0.985,10,-5.96,6.77,0.015,2,9,14.73,6.05,0.55385,10,0.09,7.06,0.44615,2,9,19.41,2.15,0.03315,10,6.09,6.01,0.96685,1,10,12.32,2.78,1,1,10,16.84,-1.98,1,2,9,18.79,-7.59,0.00475,10,10.41,-2.75,0.99525,2,9,12.99,-6.95,0.35686,10,5.06,-5.08,0.64314,2,9,8.19,-7.86,0.91782,10,1.35,-8.26,0.08218,2,9,3.18,-9.42,0.99999,10,-2.21,-12.12,0.00001,1,9,-0.8,-11.72,1,1,9,-1.68,-0.53,1,1,9,-1.83,10.37,1]}},"mianju":{"mianju":{"x":16.67,"y":3.14,"rotation":-92.14,"width":44,"height":40}},"shenti":{"shenti":{"type":"mesh","hull":13,"uvs":[0.81864,0.1419,0.89428,0.28886,0.95245,0.53309,0.91806,0.7946,0.74515,0.93509,0.46418,0.95238,0.19835,0.94589,0.04922,0.83135,0.03674,0.65844,0.0389,0.42286,0.08596,0.19593,0.29527,0.09713,0.57009,0.05619],"triangles":[2,4,5,11,5,7,2,5,11,5,6,7,9,10,11,3,4,2,1,12,0,2,11,1,11,7,8,9,11,8,12,1,11],"vertices":[2,3,20.17,-10.23,0.00108,4,12,-10.23,0.99892,2,3,15.62,-12.58,0.04231,4,7.44,-12.58,0.95769,2,3,8.05,-14.38,0.32674,4,-0.13,-14.38,0.67326,2,3,-0.06,-13.31,0.70607,4,-8.23,-13.31,0.29393,2,3,-4.42,-7.95,0.90583,4,-12.59,-7.95,0.09417,2,3,-4.95,0.76,0.99992,4,-13.12,0.76,0.00008,1,3,-4.75,9,1,2,3,-1.2,13.62,0.99906,4,-9.37,13.62,0.00094,2,3,4.16,14.01,0.95049,4,-4.01,14.01,0.04951,2,3,11.46,13.94,0.66307,4,3.29,13.94,0.33693,2,3,18.5,12.48,0.35022,4,10.33,12.48,0.64978,2,3,21.56,5.99,0.11283,4,13.39,5.99,0.88717,2,3,22.83,-2.53,0.00001,4,14.66,-2.53,0.99999]}},"tou":{"tou":{"x":15.42,"y":-3.32,"rotation":-92.14,"width":63,"height":38}},"youjiao":{"youjiao":{"type":"mesh","hull":12,"uvs":[0.73279,0.11336,0.88527,0.25999,0.87279,0.46558,0.73779,0.61891,0.74262,0.71933,0.77029,0.85446,0.1178,0.84982,0.1353,0.7078,0.2228,0.56558,0.23365,0.39029,0.2653,0.23003,0.45029,0.10336],"triangles":[7,8,4,6,7,4,6,4,5,2,0,1,0,2,11,2,10,11,2,9,10,3,9,2,8,9,3,4,8,3],"vertices":[1,13,-1.99,2.95,1,1,13,0.49,5.55,1,1,13,4.19,5.6,1,2,13,7.09,3.62,0.78404,14,-4.11,-0.83,0.21596,2,13,8.89,3.82,0.443,14,-3.72,0.93,0.557,1,14,-3.51,3.4,1,1,14,6.55,0.6,1,2,13,9.32,-5.89,0.06915,14,5.61,-1.79,0.93085,2,13,6.67,-4.66,0.7263,14,3.59,-3.9,0.2737,1,13,3.51,-4.69,1,2,13,0.6,-4.38,0.99724,14,1.37,-9.56,0.00276,1,13,-1.87,-1.57,1]}},"youshou":{"youshou":{"type":"mesh","hull":14,"uvs":[0.38299,0.9149,0.17489,0.86415,0.10455,0.73245,0.13122,0.54048,0.26755,0.3649,0.43533,0.20655,0.5458,0.08859,0.85912,0.09592,0.8981,0.21466,0.79964,0.31159,0.68055,0.4234,0.6051,0.56874,0.62788,0.73348,0.60666,0.87682],"triangles":[9,6,7,9,7,8,5,6,9,10,5,9,4,5,10,11,4,10,3,4,11,2,11,12,11,2,3,0,1,2,2,12,0,13,0,12],"vertices":[18.5,5.64,19.56,1.84,17.64,-0.96,13.54,-3.12,8.67,-3.42,3.83,-3.01,0.37,-2.93,-2.61,1.86,-0.63,4.03,2.29,3.84,5.71,3.55,9.37,4.35,12.43,6.89,15.51,8.48]}},"zuojiao":{"zuojiao":{"type":"mesh","hull":13,"uvs":[0.19783,0.61232,0.18533,0.47143,0.19516,0.29121,0.30583,0.1601,0.53116,0.09121,0.75916,0.15232,0.8845,0.30676,0.86316,0.46121,0.76803,0.60735,0.81783,0.70787,0.81383,0.8601,0.1205,0.86899,0.12983,0.7201],"triangles":[10,11,9,0,9,12,12,9,11,0,8,9,2,7,8,7,2,3,7,3,4,8,0,1,2,8,1,5,7,4,7,5,6],"vertices":[2,15,6.78,-4.64,0.50033,16,3.85,-3.54,0.49967,2,15,4.25,-4.93,0.87754,16,3.46,-6.06,0.12246,2,15,1.01,-4.91,0.99035,16,2.59,-9.19,0.00965,1,15,-1.42,-3.34,1,1,15,-2.79,-0.02,1,1,15,-1.83,3.44,1,2,15,0.88,5.43,0.9999,16,-7.43,-6.59,0.0001,2,15,3.67,5.22,0.97893,16,-6.49,-3.96,0.02107,2,15,6.35,3.9,0.74148,16,-4.51,-1.71,0.25852,2,15,8.13,4.72,0.33044,16,-4.83,0.22,0.66956,2,15,10.87,4.77,0.04505,16,-4.16,2.88,0.95495,1,16,6.01,0.7,1,2,15,8.76,-5.58,0.10339,16,5.28,-1.88,0.89661]}},"zuoshou1":{"zuoshou1":{"x":4.42,"y":0.39,"rotation":146.19,"width":20,"height":16}},"zuoshou2":{"zuoshou2":{"x":4.77,"y":-0.43,"rotation":78.31,"width":15,"height":19}}}}],"animations":{"attack":{"slots":{"guang":{"color":[{"time":0.3,"color":"ffffffff"},{"time":0.4333,"color":"ffffff00"}],"attachment":[{"time":0.2333,"name":"guang"},{"time":0.6,"name":null}]}},"bones":{"shenti":{"rotate":[{"curve":0.25,"c3":0.75},{"time":0.2333,"angle":-10.26,"curve":"stepped"},{"time":0.3,"angle":-10.26,"curve":0.25,"c3":0.75},{"time":0.6}]},"shenti2":{"rotate":[{"time":0.2333,"curve":0.25,"c3":0.75},{"time":0.3,"angle":15.89,"curve":0.25,"c3":0.75},{"time":0.6}]},"shenti3":{"rotate":[{"time":0.2333,"curve":0.25,"c3":0.75},{"time":0.3,"angle":2.29,"curve":0.25,"c3":0.75},{"time":0.6}]},"tou":{"rotate":[{"curve":0.25,"c3":0.75},{"time":0.2333,"angle":-4.4,"curve":0.25,"c3":0.75},{"time":0.3,"angle":4.92,"curve":0.25,"c3":0.75},{"time":0.6}]},"zuoshou2":{"rotate":[{"curve":0.25,"c3":0.75},{"time":0.2333,"angle":-105.63,"curve":0.25,"c3":0.75},{"time":0.3,"angle":-17.92,"curve":0.25,"c3":0.75},{"time":0.6}]},"zuoshou1":{"rotate":[{"curve":0.25,"c3":0.75},{"time":0.2333,"angle":4.33,"curve":0.25,"c3":0.75},{"time":0.3,"angle":23.76,"curve":0.25,"c3":0.75},{"time":0.6}]},"dao":{"rotate":[{"time":0.2333,"curve":0.25,"c3":0.75},{"time":0.3,"angle":14.45,"curve":0.25,"c3":0.75},{"time":0.6}]},"guang":{"translate":[{"time":0.2333,"curve":0.25,"c3":0.75},{"time":0.3,"x":-0.49,"y":-0.03,"curve":0.25,"c3":0.75},{"time":0.6}],"scale":[{"curve":0.25,"c3":0.75},{"time":0.2333,"x":0.329,"curve":0.25,"c3":0.75},{"time":0.3,"x":1.46,"y":1.112,"curve":0.254,"c3":0.621,"c4":0.47},{"time":0.4333,"x":0.211,"y":1.064,"curve":0.369,"c2":0.47,"c3":0.753},{"time":0.6}]},"guang2":{"rotate":[{"curve":0.25,"c3":0.75},{"time":0.2333,"angle":29.55,"curve":0.25,"c3":0.75},{"time":0.3,"angle":-1.16,"curve":0.254,"c3":0.621,"c4":0.47},{"time":0.4333,"angle":19.31,"curve":0.369,"c2":0.47,"c3":0.753},{"time":0.6}],"scale":[{"time":0.3,"curve":0.254,"c3":0.621,"c4":0.47},{"time":0.4333,"x":0.825,"curve":0.369,"c2":0.47,"c3":0.753},{"time":0.6}]},"youshou":{"rotate":[{"curve":0.25,"c3":0.75},{"time":0.2333,"angle":-3.88,"curve":0.25,"c3":0.75},{"time":0.3,"angle":12.16,"curve":0.25,"c3":0.75},{"time":0.6}]},"youshou2":{"rotate":[{"curve":0.25,"c3":0.75},{"time":0.2333,"angle":-3.88,"curve":0.25,"c3":0.75},{"time":0.3,"angle":12.16,"curve":0.25,"c3":0.75},{"time":0.6}]},"youjiao":{"rotate":[{"angle":-0.35,"curve":0.25,"c3":0.75},{"time":0.2333,"angle":7.05,"curve":"stepped"},{"time":0.3,"angle":7.05,"curve":0.25,"c3":0.75},{"time":0.6,"angle":-0.35}]},"zuojiao":{"rotate":[{"angle":-0.36,"curve":0.25,"c3":0.75},{"time":0.2333,"angle":7.45,"curve":"stepped"},{"time":0.3,"angle":7.45,"curve":0.25,"c3":0.75},{"time":0.6,"angle":-0.36}]}}},"walk":{"bones":{"shenti2":{"rotate":[{"curve":0.25,"c3":0.75},{"time":0.4,"angle":-2.33,"curve":0.25,"c3":0.75},{"time":0.8}],"translate":[{"curve":0.25,"c3":0.75},{"time":0.2,"x":-0.66,"curve":0.25,"c3":0.75},{"time":0.4,"curve":0.25,"c3":0.75},{"time":0.6,"x":-0.66,"curve":0.25,"c3":0.75},{"time":0.8}]},"shenti3":{"rotate":[{"angle":-0.47,"curve":0.38,"c2":0.59,"c3":0.727},{"time":0.1,"curve":0.25,"c3":0.75},{"time":0.5,"angle":-2.33,"curve":0.242,"c3":0.663,"c4":0.65},{"time":0.8,"angle":-0.47}]},"tou":{"rotate":[{"angle":0.14,"curve":0.38,"c2":0.59,"c3":0.727},{"time":0.1,"angle":1.89,"curve":0.25,"c3":0.75},{"time":0.5,"angle":-6.74,"curve":0.242,"c3":0.663,"c4":0.65},{"time":0.8,"angle":0.14}]},"zuoshou2":{"rotate":[{"angle":-9.7},{"time":0.4,"angle":6.69},{"time":0.8,"angle":-9.7}]},"zuoshou1":{"rotate":[{"angle":-9.7},{"time":0.4,"angle":6.69},{"time":0.8,"angle":-9.7}]},"youshou":{"rotate":[{"angle":8.95,"curve":0.25,"c3":0.75},{"time":0.4,"angle":-3.26,"curve":0.25,"c3":0.75},{"time":0.8,"angle":8.95}]},"youshou2":{"rotate":[{"angle":8.95,"curve":0.25,"c3":0.75},{"time":0.4,"angle":-3.26,"curve":0.25,"c3":0.75},{"time":0.8,"angle":8.95}]},"youjiao":{"rotate":[{"angle":-0.35}]},"youjiao2":{"rotate":[{"angle":-21.13},{"time":0.0667,"angle":-1.75},{"time":0.4,"angle":5.44},{"time":0.8,"angle":-19.83}],"translate":[{},{"time":0.4,"y":2.55},{"time":0.6,"x":-0.69,"y":1.28},{"time":0.8}]},"zuojiao":{"rotate":[{"angle":-0.36}]},"zuojiao2":{"rotate":[{"angle":18.02},{"time":0.4,"angle":-20.52},{"time":0.4667,"angle":-4.9},{"time":0.8,"angle":18.02}],"translate":[{"y":1.09},{"time":0.2,"x":-1.15,"y":-0.88},{"time":0.4,"y":-2.85},{"time":0.8,"y":1.09}]}}}}},[0]]],0,0,[0],[-1],[0]]