[1,0,0,[["cc.JsonAsset",["_name","json"],1]],[[0,0,1,3]],[[0,"zh",{"HIDE_KILLER_START":"选择房间，守护宝藏","CUR_WEEK_LEADERBOARD":"本週榜","LAST_WEEK_LEADERBOARD":"上週榜","Rank_User":"排名/用戶","Reward_Rough_stone":"锦鲤收益","MYSELF":"自己","NOT_RANKED":"未上榜","REWARD_OUTFIT_LOSS":"獎勵減損裝扮，最高減損15%","LOSS":"減損","BENEFITS_DESC":"權益說明","REDUCE_15":"減少15%","REDUCE_10":"減少10%","REDUCE_5":"減少5%","LOSS_ROUGH_STONE":"原石損失","WEEK_DESC":"以每週日晚上12點前，终结者最後出現時間點為結束節點； 本週上榜用戶的權益，將在下週生效，權益有效期為一周； 當前有裝扮的玩家不收錄本週排行榜。","LAST_WEEK_TOP1":"上週榜第1名","TOP1_DESC":"專屬黃金角色套裝,失敗時減少\n15%锦鲤損失.","LAST_WEEK_TOP2":"上週榜第2名","TOP2_DESC":"專屬白銀角色套裝,失敗時減少\n10%锦鲤損失.","LAST_WEEK_TOP3":"上週榜第3名","TOP3_DESC":"專屬黃銅角色套裝,失敗時減少\n5%锦鲤損失.","STAKE_STONE":"投入锦鲤","RECORDS":"記錄","MY_CHOSEN_TRIBE":"我選房间","TYRANNOSAURUS_CAPTURED_TRIBE":"终结者攻佔","DEFENSE_SUCCESSFUL":"守衛成功","DEFENSE_FAILED":"躲避失敗","NO_MORE_DATA":"沒有更多數據了","TYRANNOSAURUS":"终结者","TYRANNOSAURUS_WILL_APPEAR":"秒後终结者出現","ROUND":"期数","ALL_TRIBE_MEMBERS":"裡的所有人","TREASURES_DEFENSE_FAILED":"寶藏守衛失敗","SUCCESSFUL_GUARDIANS":"成功者瓜分裡面的锦鲤","NO_STAKE_NO_SHARE":"因為本次不投入锦鲤，所以未能分割锦鲤","STAKE":"投入","OBTAIN":"獲得","SETTING":"設置","EFFECT":"音效","SOUND":"音樂","LANGUAGE":"語言"}]],0,0,[],[],[]]