[1,["ecpdLyjvZBwrvm+cedCcQy","c4aplNTFdLT7YvM9jFzDK0","1800987f6","8dGB6nF0JMX5C2ym0W0uf8","8apwCN4fZBDL8RtsKt2fQ2","27+0vpi9dAh5lYRIMpYCje","e1N8dInBJOk4qXR9JajU5u","abvVeVikFBTa6oBd/0wH67","fdQzXEXGBNN78EaSe9oOc5","08oopXt9ROcZTumMLnRqp0","afWGC0JHhFJ4NNF9fnXrBA","5eBf9fv7tIz5SduqMN1m2z","189nZRxOdNAK0KWtubVKFi","e7Ea46emFLZbWfumzCBYcS","8dXlDK9nBG24PSCa3hVi2M","f9YDH1dkhDv4IR0zvDea1C","b8m3XJLodHvpXan2imbEqN"],["node","_spriteFrame","_N$file","_textureSetter","root","data"],["cc.SpriteFrame",["cc.Widget",["_alignFlags","_top","_left","_right","node"],-1,1],["cc.Node",["_name","_components","_prefab","_contentSize","_children","_parent","_trs"],2,9,4,5,2,1,7],["cc.PrefabInfo",["fileId","root"],2,1],["cc.Sprite",["_type","_sizeMode","node","_materials","_spriteFrame"],1,1,3,6],["cc.Prefab",["_name"],2],["cc.BlockInputEvents",["node"],3,1],["fb44fRZjRpDUJe0hBybFEN4",["node","roomNameSprList"],3,1,3],["0ffbcbl89xEj5yYYH4SQgf+",["i18n_string","node"],2,1],["cc.Label",["_string","_fontSize","_lineHeight","_isSystemFontUsed","_N$horizontalAlign","_N$verticalAlign","_N$overflow","_N$cacheMode","node","_materials","_N$file"],-5,1,3,6]],[[3,0,1,2],[2,0,5,1,2,3,6,2],[1,0,2,3,1,4,5],[4,2,3,4,1],[8,0,1,2],[9,0,1,2,3,4,5,6,7,8,9,10,9],[1,0,2,1,4,4],[2,0,5,4,1,2,3,6,2],[1,0,4,2],[5,0,2],[2,0,4,1,2,3,2],[6,0,1],[7,0,1,1],[3,1,1],[4,0,1,2,3,4,3],[1,0,1,4,3]],[[[{"name":"room_name_2","rect":[837,1966,100,40],"offset":[0,0],"originalSize":[100,40],"capInsets":[0,0,0,0]}],[0],0,[0],[3],[2]],[[{"name":"room_name_5","rect":[679,1634,100,40],"offset":[0,0],"originalSize":[100,40],"rotated":1,"capInsets":[0,0,0,0]}],[0],0,[0],[3],[2]],[[[9,"jiluItem2"],[10,"jiluItem2",[-4,-5,-6],[[11,-2],[12,-3,[44,45,46,47,48,49,50,51]]],[13,-1],[5,678,346]],[7,"bg",1,[-9,-10,-11,-12,-13,-14,-15,-16,-17,-18],[[14,1,0,-7,[20],21],[8,4,-8]],[0,"ccAwiuYfdHM7EtTeZwo/t3",1],[5,680,314],[0,-16,0,0,0,0,1,1,1,1]],[7,"node_labs",1,[-20,-21,-22,-23,-24,-25,-26,-27,-28,-29],[[8,4,-19]],[0,"a83wRpWZhB37IghDotgJ0Y",1],[5,680,314],[0,-16,0,0,0,0,1,1,1,1]],[1,"room_name_2",2,[[3,-30,[2],3],[4,"room_name_2",-31],[6,1,169.5,70,-32]],[0,"a0How29NxAl7W6F2EzvyuO",1],[5,116,44],[-120,65,0,0,0,0,1,1,1,1]],[1,"room_name_3",2,[[3,-33,[4],5],[4,"room_name_3",-34],[2,1,214,299.5,70,-35]],[0,"d8Hl4QMwNO/JLSE4S11fhJ",1],[5,116,44],[0,65,0,0,0,0,1,1,1,1]],[1,"room_name_4",2,[[3,-36,[6],7],[4,"room_name_1",-37],[2,1,214,169.5,66,-38]],[0,"073B63NktHoLYv+Jf0Y/Q/",1],[5,123,52],[120,65,0,0,0,0,1,1,1,1]],[1,"room_name_5",2,[[3,-39,[8],9],[4,"room_name_1",-40],[2,1,214,44.5,66,-41]],[0,"79jXt5hZdHhY7LNHnNrrFe",1],[5,123,52],[240,65,0,0,0,0,1,1,1,1]],[1,"room_name_6",2,[[3,-42,[10],11],[4,"room_name_1",-43],[6,1,39.5,170.253,-44]],[0,"0eqI+8BnVA0KB/C/F0cLIK",1],[5,123,52],[-240,-39.252999999999986,0,0,0,0,1,1,1,1]],[1,"room_name_7",2,[[3,-45,[12],13],[4,"room_name_1",-46],[6,1,169.5,170.253,-47]],[0,"9fSOvVMpNGfaTgKZU+tlFK",1],[5,123,52],[-120,-39.252999999999986,0,0,0,0,1,1,1,1]],[1,"room_name_8",2,[[3,-48,[14],15],[4,"room_name_1",-49],[2,1,214,299.5,170.253,-50]],[0,"d666dWB4pIW5NOCMjBJxp3",1],[5,123,52],[0,-39.252999999999986,0,0,0,0,1,1,1,1]],[1,"room_name_9",2,[[3,-51,[16],17],[4,"room_name_1",-52],[2,1,214,169.5,170.253,-53]],[0,"bbLRtIiJdDfYF1InV1d4NN",1],[5,123,52],[120,-39.252999999999986,0,0,0,0,1,1,1,1]],[1,"room_name_10",2,[[3,-54,[18],19],[4,"room_name_1",-55],[2,1,214,39.5,170.253,-56]],[0,"2b10vnpahDzrfc1VwLkE1G",1],[5,123,52],[240,-39.252999999999986,0,0,0,0,1,1,1,1]],[1,"biaoti1",1,[[3,-57,[42],43],[15,1,32,-58],[4,"biaoti1",-59]],[0,"6aF8FVHOtPvqnebHGV5dwu",1],[5,352,56],[0,113,0,0,0,0,1,1,1,1]],[1,"room_name_1",2,[[3,-60,[0],1],[4,"room_name_1",-61]],[0,"23Focz6/9PGqTKaGtCwSE3",1],[5,123,52],[-240,68,0,0,0,0,1,1,1,1]],[1,"lab_qi_1",3,[[6,1,25.819999999999993,121,-62],[5,"第100225期",20,20,false,1,1,2,2,-63,[22],23]],[0,"dc7+3/tlFAlbJwcf9ubYsT",1],[5,108.36,20],[-240,26,0,0,0,0,1,1,1,1]],[1,"lab_qi_2",3,[[6,1,155.82,121,-64],[5,"第100225期",20,20,false,1,1,2,2,-65,[24],25]],[0,"8cj726yUtB2Y+jvt3Fwl9G",1],[5,108.36,20],[-120,26,0,0,0,0,1,1,1,1]],[1,"lab_qi_3",3,[[2,1,214,285.82,121,-66],[5,"第100225期",20,20,false,1,1,2,2,-67,[26],27]],[0,"68RqqwhiROr6rszl4iZ4Av",1],[5,108.36,20],[7.105427357601002e-15,26,0,0,0,0,1,1,1,1]],[1,"lab_qi_4",3,[[2,1,214,155.82,121,-68],[5,"第100225期",20,20,false,1,1,2,2,-69,[28],29]],[0,"f8bRKxEM9KSKv7BHEp8eb8",1],[5,108.36,20],[120,26,0,0,0,0,1,1,1,1]],[1,"lab_qi_5",3,[[2,1,214,25.819999999999993,121,-70],[5,"第100225期",20,20,false,1,1,2,2,-71,[30],31]],[0,"d89LZc3f5BcadAoCgth+9L",1],[5,108.36,20],[240,26,0,0,0,0,1,1,1,1]],[1,"lab_qi_6",3,[[6,1,30.819999999999986,229.253,-72],[5,"第100225期",20,20,false,1,1,2,2,-73,[32],33]],[0,"e0wClfvDRGXIC4pxcygjUu",1],[5,108.36,20],[-240,-82.25299999999999,0,0,0,0,1,1,1,1]],[1,"lab_qi_7",3,[[6,1,155.82,229.253,-74],[5,"第100225期",20,20,false,1,1,2,2,-75,[34],35]],[0,"af5uBSAoZF3p57n+ahELLM",1],[5,108.36,20],[-120,-82.25299999999999,0,0,0,0,1,1,1,1]],[1,"lab_qi_8",3,[[2,1,214,285.82,229.253,-76],[5,"第100225期",20,20,false,1,1,2,2,-77,[36],37]],[0,"59zMmyBIBEjLoNR3n04AMu",1],[5,108.36,20],[0,-82.25299999999999,0,0,0,0,1,1,1,1]],[1,"lab_qi_9",3,[[2,1,214,155.82,229.253,-78],[5,"第100225期",20,20,false,1,1,2,2,-79,[38],39]],[0,"9cFFUBo61PSqTSDSrwZucH",1],[5,108.36,20],[120,-82.25299999999999,0,0,0,0,1,1,1,1]],[1,"lab_qi_10",3,[[2,1,214,25.819999999999993,229.253,-80],[5,"第100225期",20,20,false,1,1,2,2,-81,[40],41]],[0,"faZV40bohATq1+5Z4+0oWE",1],[5,108.36,20],[240,-82.25299999999999,0,0,0,0,1,1,1,1]]],0,[0,4,1,0,0,1,0,0,1,0,-1,2,0,-2,3,0,-3,13,0,0,2,0,0,2,0,-1,14,0,-2,4,0,-3,5,0,-4,6,0,-5,7,0,-6,8,0,-7,9,0,-8,10,0,-9,11,0,-10,12,0,0,3,0,-1,15,0,-2,16,0,-3,17,0,-4,18,0,-5,19,0,-6,20,0,-7,21,0,-8,22,0,-9,23,0,-10,24,0,0,4,0,0,4,0,0,4,0,0,5,0,0,5,0,0,5,0,0,6,0,0,6,0,0,6,0,0,7,0,0,7,0,0,7,0,0,8,0,0,8,0,0,8,0,0,9,0,0,9,0,0,9,0,0,10,0,0,10,0,0,10,0,0,11,0,0,11,0,0,11,0,0,12,0,0,12,0,0,12,0,0,13,0,0,13,0,0,13,0,0,14,0,0,14,0,0,15,0,0,15,0,0,16,0,0,16,0,0,17,0,0,17,0,0,18,0,0,18,0,0,19,0,0,19,0,0,20,0,0,20,0,0,21,0,0,21,0,0,22,0,0,22,0,0,23,0,0,23,0,0,24,0,0,24,0,5,1,81],[0,0,0,0,0,0,0,0,0,0,0,0,0,0,0,0,0,0,0,0,0,0,0,0,0,0,0,0,0,0,0,0,0,0,0,0,0,0,0,0,0,0,0,0,0,0,0,0,0,0,0,0],[-1,1,-1,1,-1,1,-1,1,-1,1,-1,1,-1,1,-1,1,-1,1,-1,1,-1,1,-1,2,-1,2,-1,2,-1,2,-1,2,-1,2,-1,2,-1,2,-1,2,-1,2,-1,1,-1,-2,-3,-4,-5,-6,-7,-8],[0,3,0,4,0,5,0,3,0,3,0,3,0,3,0,3,0,3,0,3,0,6,0,1,0,1,0,1,0,1,0,1,0,1,0,1,0,1,0,1,0,1,0,7,8,9,10,11,12,13,14,15]],[[{"name":"room_name_4","rect":[679,1740,100,40],"offset":[0,0],"originalSize":[100,40],"rotated":1,"capInsets":[0,0,0,0]}],[0],0,[0],[3],[2]],[[{"name":"room_name_7","rect":[679,1846,100,40],"offset":[0,0],"originalSize":[100,40],"capInsets":[0,0,0,0]}],[0],0,[0],[3],[2]],[[{"name":"biaoti1","rect":[0,0,352,56],"offset":[0,0],"originalSize":[352,56],"capInsets":[0,0,0,0]}],[0],0,[0],[3],[16]],[[{"name":"room_name_3","rect":[725,1634,100,40],"offset":[0,0],"originalSize":[100,40],"rotated":1,"capInsets":[0,0,0,0]}],[0],0,[0],[3],[2]],[[{"name":"room_name_6","rect":[725,1740,100,40],"offset":[0,0],"originalSize":[100,40],"rotated":1,"capInsets":[0,0,0,0]}],[0],0,[0],[3],[2]],[[{"name":"room_name_8","rect":[943,695,100,40],"offset":[0,0],"originalSize":[100,40],"capInsets":[0,0,0,0]}],[0],0,[0],[3],[2]],[[{"name":"room_name_1","rect":[854,695,100,40],"offset":[0,0],"originalSize":[100,40],"rotated":1,"capInsets":[0,0,0,0]}],[0],0,[0],[3],[2]]]]