[1,["ecpdLyjvZBwrvm+cedCcQy","1d191b498","012fyFQYRM54Qg+JpxGh5r","c4aplNTFdLT7YvM9jFzDK0"],["node","_textureSetter","root","data","_spriteFrame","_N$file"],[["cc.Node",["_name","_active","_components","_prefab","_contentSize","_children","_parent","_trs"],1,9,4,5,2,1,7],["cc.PrefabInfo",["fileId","root"],2,1],"cc.SpriteFrame",["cc.Prefab",["_name"],2],["dd9dfqmYr9HX76gC7gQoDq8",["node"],3,1],["cc.Sprite",["node","_materials","_spriteFrame"],3,1,3,6],["41ebaVoPpRA4Kp67XEdHfZn",["_string","_fontSize","_lineHeight","_enableWrapText","_N$horizontalAlign","_N$verticalAlign","_N$overflow","i18n_string","node","_materials"],-5,1,3],["cc.Label",["_string","_fontSize","_lineHeight","_isSystemFontUsed","_N$horizontalAlign","_N$verticalAlign","_N$cacheMode","node","_materials","_N$file"],-4,1,3,6]],[[1,0,1,2],[0,0,6,2,3,4,7,2],[3,0,2],[0,0,5,2,3,4,2],[0,0,1,6,5,2,3,4,7,3],[4,0,1],[1,1,1],[5,0,1,2,1],[6,0,1,2,3,4,5,6,7,8,9,9],[7,0,1,2,3,4,5,6,7,8,9,8]],[[[{"name":"label_1","rect":[1657,346,50,28],"offset":[0,0],"originalSize":[50,28],"capInsets":[0,0,0,0]}],[2],0,[0],[1],[1]],[[[2,"playerName"],[3,"playerName",[-3,-4],[[5,-2]],[6,-1],[5,100,100]],[4,"label_name_bg",false,1,[-6],[[7,-5,[1],2]],[0,"38kFipeJNJ+prRR7oqlPIE",1],[5,50,28],[0,59.262,0,0,0,0,1,1,1,1]],[1,"lan_name1",2,[[8,"自己",22,22,false,1,1,2,"MYSELF",-7,[0]]],[0,"dfl2uzjrZImI9N2OsTV7ai",1],[5,31.48,16],[0,1.054,0,0,0,0,1,1,1,1]],[1,"lan_name",1,[[9,"a*",16,16,false,1,1,2,-8,[3],4]],[0,"64WXyVeLNLbZcl8E/ffP1K",1],[5,16.67,16],[0,54.05,0,0,0,0,1,1,1,1]]],0,[0,2,1,0,0,1,0,-1,2,0,-2,4,0,0,2,0,-1,3,0,0,3,0,0,4,0,3,1,8],[0,0,0,0,0],[-1,-1,4,-1,5],[0,0,2,0,3]]]]