[1,["ecpdLyjvZBwrvm+cedCcQy","1d191b498","7a/QZLET9IDreTiBfRn2PD","4aYK7fw1VFE4Otv+xGn75f","bdqn/RWqJHcasQlZRyOU+B","6cbMwRGitIzr1w2I20PAIK","774PwSuL5NSZBV3PVf1MT2","c4aplNTFdLT7YvM9jFzDK0","24uBADTwZK+LgW2F0+TqBk","d13+v2KK5GDI2kY4LiCNDh"],["node","_spriteFrame","_textureSetter","root","data","_N$skeletonData","_N$file","playerAtlas"],[["cc.Node",["_name","_active","_components","_prefab","_trs","_contentSize","_parent","_children","_anchorPoint","_color"],1,9,4,7,5,1,2,5,5],["cc.PrefabInfo",["fileId","root"],2,1],["cc.Sprite",["_type","_sizeMode","node","_materials","_spriteFrame"],1,1,3,6],"cc.SpriteFrame",["cc.Prefab",["_name"],2],["a12d7VM4XBJ47RShtdB+ttX",["node","playerAtlas"],3,1,6],["cc.Layout",["_resize","_N$layoutType","_N$paddingLeft","_N$paddingRight","_N$spacingX","_N$affectedByScale","node","_layoutSize"],-3,1,5],["8446cEUsTFAkqItqI1C7CB0",["watchPath","valueA","node","watchNodes"],1,1,2],["sp.Skeleton",["defaultSkin","defaultAnimation","_preCacheMode","premultipliedAlpha","_animationName","node","_materials","_N$skeletonData"],-2,1,3,6],["cc.Label",["_string","_fontSize","_lineHeight","_isSystemFontUsed","_N$horizontalAlign","_N$verticalAlign","node","_materials","_N$file"],-3,1,3,6]],[[1,0,1,2],[2,2,3,4,1],[7,0,1,2,3,3],[0,0,1,6,2,3,5,4,3],[4,0,2],[0,0,7,2,3,5,4,2],[0,0,6,7,2,3,5,8,4,2],[0,0,6,2,3,4,2],[0,0,6,2,3,5,4,2],[0,0,6,2,3,5,8,4,2],[0,0,6,2,3,9,5,4,2],[5,0,1,1],[1,1,1],[2,0,1,2,3,4,3],[6,0,1,2,3,4,5,6,7,7],[8,0,1,2,3,4,5,6,7,6],[9,0,1,2,3,4,5,6,7,8,7]],[[[{"name":"qipao","rect":[1763,1787,58,48],"offset":[0,0],"originalSize":[58,48],"capInsets":[17.5,10.5,16.5,14.5]}],[3],0,[0],[2],[1]],[[[4,"player"],[5,"player",[-3,-4,-5],[[11,-2,12]],[12,-1],[5,100,100],[0,0,0,0,0,0,1,0.6,0.6,1]],[6,"img_bubble",1,[-8,-9,-10,-11],[[13,1,0,-6,[10],11],[14,1,1,10,8,4,true,-7,[5,50.35,36]]],[0,"59eVX6ww9AyKXD4VusTn9Y",1],[5,50.35,36],[0,0,0.5],[16.533,30,0,0,0,0,1,1.5,1.5,1]],[7,"VM",1,[[2,"roomInfo.roomType",1,-13,[-12]],[2,"roomInfo.roomType",2,-15,[-14]],[2,"roomInfo.roomType",3,-17,[-16]]],[0,"63oEQWZbBPV5UQnZlNAHoW",1],[58.883,30,0,0,0,0,1,-1,1,-1]],[8,"coin_1",2,[[1,-18,[2],3]],[0,"68LUGa9c榴莲N4iq82/9Odcg",1],[5,60,62],[19,0,0,0,0,0,1,0.3,0.3,1]],[3,"coin_2",false,2,[[1,-19,[4],5]],[0,"3dzLItsexGR6wuo/rwT+KG",1],[5,53,80],[11.575,0,0,0,0,0,1,0.3,0.3,1]],[3,"coin_3",false,2,[[1,-20,[6],7]],[0,"67K1yXV+ZPsrZKE17HNiGB",1],[5,74,68],[-6.125000000000002,0,0,0,0,0,1,0.3,0.3,1]],[9,"img_cat",1,[[15,"default","loop",0,false,"loop",-21,[0],1]],[0,"d8p+sxMN1HZ5PyIUJFihWr",1],[5,110,169.29],[0,0.5,0],[0,0,0,0,0,0,1,0.5,0.5,1]],[10,"lab_coin",2,[[16,"0",18,18,false,1,1,-22,[8],9]],[0,"78bYwtV3BDlKtUSwIb18kP",1],[4,4280028941],[5,10.35,22.68],[37.175,0,0,0,0,0,1,1,1,1]]],0,[0,3,1,0,0,1,0,-1,7,0,-2,2,0,-3,3,0,0,2,0,0,2,0,-1,4,0,-2,5,0,-3,6,0,-4,8,0,-1,4,0,0,3,0,-1,5,0,0,3,0,-1,6,0,0,3,0,0,4,0,0,5,0,0,6,0,0,7,0,0,8,0,4,1,22],[0,0,0,0,0,0,0,0,0,0,0,0,0],[-1,5,-1,1,-1,1,-1,1,-1,6,-1,1,7],[2,3,0,4,0,5,0,6,0,7,0,8,9]]]]