[1,["c4Ps10mstG4qqwtEKDiW5r","16DUZaj41Fern3j3uqfYbs","88rYWaNqFGQZrIFM49pcPu","9fA/Wsqu1JT6fgYc1YkkHN","b075ZIZoxHlK/iZd7WXCjN","9cItSGErtMjq/zAjZRsTlC","dckiEEa2hKEZjV+19kG7wT","a9eClCBsVLHK+RrTTC8FRo","95FeSizXNH17VmuMUj9Ddf","a0US4W9LxFl6MsQ08CFikH","a6jtzXE2dHBJMXd4FI7ds0","dc/IGS2hBBKaLgJXjPE2dQ","94baBUQy5A85kakhDfC0XL","a9Ujc8j0RKOZ271hW1R2UU","a9eIAjNWlJMoY29gDb8zpS","f6W0M1ZuFLLIifgJa+sxWh","96GNydyQFI0rwJBKWWfUSR","14gPuSqrRAd4zxAqfAlbPs","006Tsu2IhJVq5e/1G0nQ8i","d7FU8e04hLnIcuFH4WIda1","50+WlCdARFLp2Bm2YFZP33","2aUmK/uGZJnLP28jUqJo3A","5749aEL8xEF6DRBy8W0llr","9fW55F4MdIPazSW42lwVd+","0asbE4vYxMdbQouUXW+lMW","4eC9nPxb9Kk4QdvGVDUknE","206SiwfiRGPrl8JuCocwMs","351kx4hC9LzK1u0JU+Wd7S","02WnKykKtFuL1PKlN1M2nh","adNWC3igBNXqEHd2110ix8","e7sDFC/vhH0a7g7i1UodB1","ccJC9r9i9LR49Et76207FM","98Hr+awo9BuKCXKJrsRfY6","52jYkEgDZGPIvcYwNACGOL","a3rwuBxzxIMoZyuE1kYIn2","5acBPnbfZLVI4tBVOtD+J2","f4JMsCcpxNT4MiJN0keIiB","df/CIXLOROdrCdkGkdaAQj","6b7O9ZvLtIV49UyY5W7+6v","83Kdp5GGdG2p4JBb1SAb20","40lh3RZRZO2IzmdbUsSgCw"],["_textureSetter","first_wait_0","first_wait_1","first_wait_2","first_wait_3","first_walk_0","first_walk_1","first_walk_2","first_walk_3","others_wait_0","others_wait_1","others_wait_2","others_wait_3","others_walk_0","others_walk_1","others_walk_2","others_walk_3","second_wait_0","second_wait_1","second_wait_2","second_wait_3","second_walk_0","second_walk_1","second_walk_2","second_walk_3","self_wait_0","self_wait_1","self_wait_2","self_wait_3","self_walk_0","self_walk_1","self_walk_2","self_walk_3","third_wait_0","third_wait_1","third_wait_2","third_wait_3","third_walk_0","third_walk_1","third_walk_2","third_walk_3"],["cc.SpriteFrame",["cc.SpriteAtlas",["_name","_spriteFrames"],2,11]],[[1,0,1,2]],[[[{"name":"second_wait_1","rect":[56,496,56,64],"offset":[0,0],"originalSize":[56,64],"capInsets":[0,0,0,0]}],[0],0,[0],[0],[0]],[[{"name":"self_wait_3","rect":[60,812,60,60],"offset":[0,0],"originalSize":[60,60],"capInsets":[0,0,0,0]}],[0],0,[0],[0],[0]],[[{"name":"second_walk_3","rect":[56,688,56,64],"offset":[0,0],"originalSize":[56,64],"capInsets":[0,0,0,0]}],[0],0,[0],[0],[0]],[[{"name":"second_wait_0","rect":[0,496,56,64],"offset":[0,0],"originalSize":[56,64],"capInsets":[0,0,0,0]}],[0],0,[0],[0],[0]],[[{"name":"first_wait_0","rect":[0,0,56,64],"offset":[0,0],"originalSize":[56,64],"capInsets":[0,0,0,0]}],[0],0,[0],[0],[0]],[[{"name":"self_wait_1","rect":[60,752,60,60],"offset":[0,0],"originalSize":[60,60],"capInsets":[0,0,0,0]}],[0],0,[0],[0],[0]],[[{"name":"second_walk_0","rect":[0,624,56,64],"offset":[0,0],"originalSize":[56,64],"capInsets":[0,0,0,0]}],[0],0,[0],[0],[0]],[[{"name":"self_wait_2","rect":[0,812,60,60],"offset":[0,0],"originalSize":[60,60],"capInsets":[0,0,0,0]}],[0],0,[0],[0],[0]],[[{"name":"third_walk_3","rect":[56,1184,56,64],"offset":[0,0],"originalSize":[56,64],"capInsets":[0,0,0,0]}],[0],0,[0],[0],[0]],[[{"name":"self_wait_0","rect":[0,752,60,60],"offset":[0,0],"originalSize":[60,60],"capInsets":[0,0,0,0]}],[0],0,[0],[0],[0]],[[{"name":"second_wait_3","rect":[56,560,56,64],"offset":[0,0],"originalSize":[56,64],"capInsets":[0,0,0,0]}],[0],0,[0],[0],[0]],[[{"name":"third_wait_0","rect":[0,992,56,64],"offset":[0,0],"originalSize":[56,64],"capInsets":[0,0,0,0]}],[0],0,[0],[0],[0]],[[{"name":"second_walk_1","rect":[56,624,56,64],"offset":[0,0],"originalSize":[56,64],"capInsets":[0,0,0,0]}],[0],0,[0],[0],[0]],[[{"name":"third_wait_2","rect":[0,1056,56,64],"offset":[0,0],"originalSize":[56,64],"capInsets":[0,0,0,0]}],[0],0,[0],[0],[0]],[[{"name":"third_walk_1","rect":[56,1120,56,64],"offset":[0,0],"originalSize":[56,64],"capInsets":[0,0,0,0]}],[0],0,[0],[0],[0]],[[{"name":"third_walk_2","rect":[0,1184,56,64],"offset":[0,0],"originalSize":[56,64],"capInsets":[0,0,0,0]}],[0],0,[0],[0],[0]],[[{"name":"first_wait_1","rect":[56,0,56,64],"offset":[0,0],"originalSize":[56,64],"capInsets":[0,0,0,0]}],[0],0,[0],[0],[0]],[[{"name":"others_wait_3","rect":[60,316,60,60],"offset":[0,0],"originalSize":[60,60],"capInsets":[0,0,0,0]}],[0],0,[0],[0],[0]],[[{"name":"first_walk_3","rect":[56,192,56,64],"offset":[0,0],"originalSize":[56,64],"capInsets":[0,0,0,0]}],[0],0,[0],[0],[0]],[[{"name":"others_walk_3","rect":[60,436,60,60],"offset":[0,0],"originalSize":[60,60],"capInsets":[0,0,0,0]}],[0],0,[0],[0],[0]],[[{"name":"self_walk_3","rect":[60,932,60,60],"offset":[0,0],"originalSize":[60,60],"capInsets":[0,0,0,0]}],[0],0,[0],[0],[0]],[[{"name":"first_walk_0","rect":[0,128,56,64],"offset":[0,0],"originalSize":[56,64],"capInsets":[0,0,0,0]}],[0],0,[0],[0],[0]],[[{"name":"first_wait_2","rect":[0,64,56,64],"offset":[0,0],"originalSize":[56,64],"capInsets":[0,0,0,0]}],[0],0,[0],[0],[0]],[[{"name":"second_walk_2","rect":[0,688,56,64],"offset":[0,0],"originalSize":[56,64],"capInsets":[0,0,0,0]}],[0],0,[0],[0],[0]],[[{"name":"others_wait_0","rect":[0,256,60,60],"offset":[0,0],"originalSize":[60,60],"capInsets":[0,0,0,0]}],[0],0,[0],[0],[0]],[[{"name":"third_wait_1","rect":[56,992,56,64],"offset":[0,0],"originalSize":[56,64],"capInsets":[0,0,0,0]}],[0],0,[0],[0],[0]],[[{"name":"others_wait_1","rect":[60,256,60,60],"offset":[0,0],"originalSize":[60,60],"capInsets":[0,0,0,0]}],[0],0,[0],[0],[0]],[[{"name":"others_walk_0","rect":[0,376,60,60],"offset":[0,0],"originalSize":[60,60],"capInsets":[0,0,0,0]}],[0],0,[0],[0],[0]],[[{"name":"first_walk_2","rect":[0,192,56,64],"offset":[0,0],"originalSize":[56,64],"capInsets":[0,0,0,0]}],[0],0,[0],[0],[0]],[[{"name":"others_walk_1","rect":[60,376,60,60],"offset":[0,0],"originalSize":[60,60],"capInsets":[0,0,0,0]}],[0],0,[0],[0],[0]],[[{"name":"self_walk_0","rect":[0,872,60,60],"offset":[0,0],"originalSize":[60,60],"capInsets":[0,0,0,0]}],[0],0,[0],[0],[0]],[[{"name":"first_wait_3","rect":[56,64,56,64],"offset":[0,0],"originalSize":[56,64],"capInsets":[0,0,0,0]}],[0],0,[0],[0],[0]],[[{"name":"self_walk_2","rect":[0,932,60,60],"offset":[0,0],"originalSize":[60,60],"capInsets":[0,0,0,0]}],[0],0,[0],[0],[0]],[[[0,"player.plist",[{},"first_wait_0",6,0,"first_wait_1",6,1,"first_wait_2",6,2,"first_wait_3",6,3,"first_walk_0",6,4,"first_walk_1",6,5,"first_walk_2",6,6,"first_walk_3",6,7,"others_wait_0",6,8,"others_wait_1",6,9,"others_wait_2",6,10,"others_wait_3",6,11,"others_walk_0",6,12,"others_walk_1",6,13,"others_walk_2",6,14,"others_walk_3",6,15,"second_wait_0",6,16,"second_wait_1",6,17,"second_wait_2",6,18,"second_wait_3",6,19,"second_walk_0",6,20,"second_walk_1",6,21,"second_walk_2",6,22,"second_walk_3",6,23,"self_wait_0",6,24,"self_wait_1",6,25,"self_wait_2",6,26,"self_wait_3",6,27,"self_walk_0",6,28,"self_walk_1",6,29,"self_walk_2",6,30,"self_walk_3",6,31,"third_wait_0",6,32,"third_wait_1",6,33,"third_wait_2",6,34,"third_wait_3",6,35,"third_walk_0",6,36,"third_walk_1",6,37,"third_walk_2",6,38,"third_walk_3",6,39]]],0,0,[0,0,0,0,0,0,0,0,0,0,0,0,0,0,0,0,0,0,0,0,0,0,0,0,0,0,0,0,0,0,0,0,0,0,0,0,0,0,0,0],[1,2,3,4,5,6,7,8,9,10,11,12,13,14,15,16,17,18,19,20,21,22,23,24,25,26,27,28,29,30,31,32,33,34,35,36,37,38,39,40],[1,2,3,4,5,6,7,8,9,10,11,12,13,14,15,16,17,18,19,20,21,22,23,24,25,26,27,28,29,30,31,32,33,34,35,36,37,38,39,40]],[[{"name":"second_wait_2","rect":[0,560,56,64],"offset":[0,0],"originalSize":[56,64],"capInsets":[0,0,0,0]}],[0],0,[0],[0],[0]],[[{"name":"first_walk_1","rect":[56,128,56,64],"offset":[0,0],"originalSize":[56,64],"capInsets":[0,0,0,0]}],[0],0,[0],[0],[0]],[[{"name":"others_wait_2","rect":[0,316,60,60],"offset":[0,0],"originalSize":[60,60],"capInsets":[0,0,0,0]}],[0],0,[0],[0],[0]],[[{"name":"third_walk_0","rect":[0,1120,56,64],"offset":[0,0],"originalSize":[56,64],"capInsets":[0,0,0,0]}],[0],0,[0],[0],[0]],[[{"name":"self_walk_1","rect":[60,872,60,60],"offset":[0,0],"originalSize":[60,60],"capInsets":[0,0,0,0]}],[0],0,[0],[0],[0]],[[{"name":"third_wait_3","rect":[56,1056,56,64],"offset":[0,0],"originalSize":[56,64],"capInsets":[0,0,0,0]}],[0],0,[0],[0],[0]],[[{"name":"others_walk_2","rect":[0,436,60,60],"offset":[0,0],"originalSize":[60,60],"capInsets":[0,0,0,0]}],[0],0,[0],[0],[0]]]]