[1,["ecpdLyjvZBwrvm+cedCcQy","c4aplNTFdLT7YvM9jFzDK0","dfzmzt8YJGobOuByhQqeAh","1d191b498"],["node","root","data","_N$file","_spriteFrame","_textureSetter"],[["cc.Node",["_name","_components","_prefab","_contentSize","_children","_parent"],2,9,4,5,2,1],["cc.PrefabInfo",["fileId","root"],2,1],"cc.SpriteFrame",["cc.Prefab",["_name"],2],["dbdfdbIDIBKtL232M9qnlEC",["node"],3,1],["cc.Sprite",["_type","_sizeMode","node","_materials","_spriteFrame"],1,1,3,6],["cc.Layout",["_resize","_N$layoutType","_N$paddingLeft","_N$paddingRight","node","_layoutSize"],-1,1,5],["cc.Label",["_string","_fontSize","_lineHeight","_isSystemFontUsed","_N$horizontalAlign","_N$verticalAlign","_N$overflow","node","_materials","_N$file"],-4,1,3,6]],[[1,0,1,2],[3,0,2],[0,0,4,1,2,3,2],[0,0,5,4,1,2,3,2],[0,0,5,1,2,3,2],[4,0,1],[1,1,1],[5,0,1,2,3,4,3],[6,0,1,2,3,4,5,5],[7,0,1,2,3,4,5,6,7,8,9,8]],[[[[1,"comTipsItem"],[2,"comTipsItem",[-3],[[5,-2]],[6,-1],[5,423,100]],[3,"TipsBg",1,[-6],[[7,1,0,-4,[2],3],[8,1,1,20,20,-5,[5,423,75]]],[0,"6b3ghiE7dOAaKuG2l8W15r",1],[5,423,75]],[4,"lab_des",2,[[9,"签到成功获得38点运气值",26,26,false,1,1,3,-7,[0],1]],[0,"2328CYnrFMgYnOekPJFbg5",1],[5,383,32.76]]],0,[0,1,1,0,0,1,0,-1,2,0,0,2,0,0,2,0,-1,3,0,0,3,0,2,1,7],[0,0,0,0],[-1,3,-1,4],[0,1,0,2]],[[{"name":"pop_tips","rect":[1615,553,75,75],"offset":[0,0],"originalSize":[75,75],"capInsets":[30,29,29,31]}],[2],0,[0],[5],[3]]]]