[1,["27bv2/5ipD6YcLUW26PTi0"],0,[["sp.SkeletonData",["_name","_atlasText","textureNames","_skeletonJson","textures"],-1,3]],[[0,0,1,2,3,4,5]],[[0,"konglong","\nkonglong.png\nsize: 284,137\nformat: RGBA8888\nfilter: Linear,Linear\nrepeat: none\nST\n  rotate: false\n  xy: 2, 14\n  size: 68, 121\n  orig: 68, 121\n  offset: 0, 0\n  index: -1\nWBA\n  rotate: false\n  xy: 72, 12\n  size: 73, 40\n  orig: 73, 40\n  offset: 0, 0\n  index: -1\nYOUJIO\n  rotate: true\n  xy: 237, 2\n  size: 22, 35\n  orig: 22, 35\n  offset: 0, 0\n  index: -1\nYOUJIOZ\n  rotate: false\n  xy: 203, 3\n  size: 32, 36\n  orig: 32, 49\n  offset: 0, 0\n  index: -1\nZUOJ\n  rotate: true\n  xy: 229, 50\n  size: 25, 51\n  orig: 25, 51\n  offset: 0, 0\n  index: -1\nZUOJIOZ\n  rotate: false\n  xy: 237, 26\n  size: 40, 22\n  orig: 41, 22\n  offset: 0, 0\n  index: -1\nshange\n  rotate: false\n  xy: 154, 90\n  size: 81, 45\n  orig: 81, 45\n  offset: 0, 0\n  index: -1\ntx_2\n  rotate: false\n  xy: 72, 54\n  size: 80, 81\n  orig: 83, 81\n  offset: 0, 0\n  index: -1\nxiae\n  rotate: false\n  xy: 154, 41\n  size: 73, 47\n  orig: 73, 47\n  offset: 0, 0\n  index: -1\nyanzhu\n  rotate: false\n  xy: 279, 41\n  size: 3, 7\n  orig: 3, 7\n  offset: 0, 0\n  index: -1\nyoushou\n  rotate: true\n  xy: 147, 5\n  size: 34, 54\n  orig: 34, 54\n  offset: 0, 0\n  index: -1\nzuoshou\n  rotate: false\n  xy: 237, 77\n  size: 44, 58\n  orig: 44, 58\n  offset: 0, 0\n  index: -1\n",["konglong.png"],{"skeleton":{"hash":"17csRN7eR3wXEydF4tBudfal9oM","spine":"3.8.99","x":-80.87,"y":-12.99,"width":145.94,"height":181.26,"images":"./images/","audio":"/Users/oo34/Desktop/人物恐龙游戏需求/renwu"},"bones":[{"name":"root"},{"name":"all","parent":"root","scaleX":0.25,"scaleY":0.25},{"name":"all2","parent":"all","x":13.17,"y":143.42},{"name":"all3","parent":"all2","length":227.64,"rotation":93.76,"x":29.84,"y":58.03},{"name":"all4","parent":"all3","length":197.1,"rotation":-16.39,"x":282.23,"y":-3.59},{"name":"all5","parent":"all4","length":164.14,"rotation":-95.42,"x":24.65,"y":20.03},{"name":"all6","parent":"all4","length":207.33,"rotation":-70.32,"x":60.68,"y":26.02},{"name":"all7","parent":"all6","rotation":70.32,"x":47.46,"y":40},{"name":"all8","parent":"all3","length":83.48,"rotation":-149.06,"x":141.2,"y":-68.66},{"name":"all9","parent":"all8","length":50.18,"rotation":0.67,"x":107.36,"y":4.34},{"name":"all10","parent":"all9","length":40.08,"rotation":-18.12,"x":64.14,"y":1.42},{"name":"all11","parent":"all3","length":79.12,"rotation":148.39,"x":162.49,"y":74.14},{"name":"all12","parent":"all11","length":58.87,"rotation":70.12,"x":90.73,"y":9.12},{"name":"all13","parent":"all12","length":42.83,"rotation":-8.58,"x":68.19,"y":0.44},{"name":"all14","parent":"all2","length":73.08,"rotation":-159.15,"x":-45.8,"y":-5.96},{"name":"all15","parent":"all14","length":43.78,"rotation":-5.79,"x":73.08},{"name":"all16","parent":"all15","length":35.77,"rotation":-15.07,"x":43.78},{"name":"all17","parent":"all16","length":31.95,"rotation":-14.74,"x":35.77},{"name":"all18","parent":"all17","length":26.67,"rotation":-22.83,"x":31.95},{"name":"all19","parent":"all18","length":24.39,"rotation":-15.56,"x":26.67},{"name":"all20","parent":"all19","length":24.39,"x":24.39},{"name":"all21","parent":"all20","length":23.11,"rotation":13.84,"x":24.39},{"name":"all22","parent":"all21","length":19.03,"rotation":19.31,"x":23.11},{"name":"all23","parent":"all2","length":64.96,"rotation":-83.48,"x":84.81,"y":12.39},{"name":"all24","parent":"all23","length":87.52,"rotation":-26.86,"x":65.88,"y":-0.1},{"name":"all25","parent":"all","length":54.68,"rotation":-5.81,"x":84.59,"y":15.56,"color":"ff3f00ff"},{"name":"all26","parent":"all2","length":89.32,"rotation":-78.69,"x":-114.34,"y":35.44},{"name":"all27","parent":"all26","length":68.21,"rotation":-24.59,"x":105.42,"y":-4.16},{"name":"all28","parent":"all","length":35.48,"rotation":-65.43,"x":-108.11,"y":9.11,"color":"ff3f00ff"},{"name":"tx_1","parent":"root","x":307.15,"y":276.86},{"name":"tx_2","parent":"root","rotation":111.79,"x":-70.85,"y":249.65}],"slots":[{"name":"WBA","bone":"all14","attachment":"WBA"},{"name":"zuoshou","bone":"all8","attachment":"zuoshou"},{"name":"ZUOJ","bone":"all23","attachment":"ZUOJ"},{"name":"ZUOJIOZ","bone":"all24","attachment":"ZUOJIOZ"},{"name":"ST","bone":"all3","attachment":"ST"},{"name":"YOUJIOZ","bone":"all27","attachment":"YOUJIOZ"},{"name":"YOUJIO","bone":"all26","attachment":"YOUJIO"},{"name":"youshou","bone":"all11","attachment":"youshou"},{"name":"xiae","bone":"all5","attachment":"xiae"},{"name":"shange","bone":"all6","attachment":"shange"},{"name":"yanzhu","bone":"all7","attachment":"yanzhu"},{"name":"tx_1","bone":"tx_1"},{"name":"tx_2","bone":"tx_2"}],"ik":[{"name":"jio1ik","target":"all25","bendPositive":false,"bones":["all23","all24"]},{"name":"jio2ik","order":1,"target":"all28","bendPositive":false,"bones":["all26","all27"]}],"skins":[{"name":"default","attachments":{"ST":{"ST":{"type":"mesh","hull":22,"width":270,"height":482,"uvs":[0.74231,0.0709,0.85929,0.13729,0.85992,0.23491,0.86398,0.24372,0.92208,0.35322,1,0.5598,1,0.60524,0.96526,0.71885,0.85761,0.84168,0.67786,0.93698,0.47376,0.99386,0.19927,0.98499,0.06884,0.92347,0.01179,0.82773,0,0.73765,0,0.72969,0.06389,0.526,0.27184,0.28069,0.32593,0.25364,0.3081,0.06955,0.36067,0.00184,0.49435,0.0015,0.45696,0.89963,0.60385,0.8338,0.73115,0.70215,0.75074,0.53758,0.73605,0.37576,0.69688,0.22491],"triangles":[14,22,13,11,22,10,10,22,9,11,12,22,22,23,9,9,23,8,12,13,22,23,22,14,21,19,20,21,18,19,27,21,0,23,24,8,8,24,7,15,24,23,23,14,15,15,16,24,7,24,6,24,16,25,25,16,17,17,26,25,24,25,6,26,17,18,26,18,27,25,5,6,25,4,5,25,26,4,27,18,21,26,3,4,3,27,2,3,26,27,27,1,2,27,0,1],"vertices":[2,3,286.01,-37.94,0.2102,4,13.32,-31.9,0.7898,2,3,252.01,-67.36,0.64802,4,-11,-69.71,0.35198,2,3,205.05,-64.45,0.94197,4,-56.87,-80.17,0.05803,2,3,200.74,-65.27,0.95831,4,-60.77,-82.17,0.04169,1,3,147.05,-77.46,1,1,3,46.31,-91.92,1,1,3,24.45,-90.49,1,2,3,-29.57,-77.54,0.96815,14,-158.89,18.2,0.03185,2,3,-86.75,-44.65,0.68102,14,-110.65,63.17,0.31898,2,3,-129.4,6.79,0.24664,14,-48.94,88.82,0.75336,3,3,-153.14,63.57,0.03163,14,12.31,94.82,0.95737,15,-70.02,88.21,0.011,3,3,-144.02,137.24,0,14,80.05,64.45,0.68313,15,0.44,64.82,0.31687,4,3,-112.12,170.44,0.32154,14,102.4,24.2,0.1828,15,26.73,27.03,0.27459,26,94.88,-37.88,0.22107,4,3,-65.06,182.79,0.40129,14,100.37,-24.41,0.08056,15,29.61,-21.53,0.22083,26,46.6,-43.93,0.29731,4,3,-21.53,183.12,0.568,14,87.89,-66.12,0.09114,15,21.4,-64.29,0.12243,26,3.4,-38.54,0.21843,4,3,-17.7,182.86,0.664,14,86.52,-69.7,0.21346,15,20.4,-67.99,0.09063,26,-0.36,-37.79,0.03191,3,3,79.13,159.21,0.952,14,35.45,-155.31,0.04441,15,-21.78,-158.31,0.00358,3,3,193.44,95.44,0.93993,4,-113.13,69.94,0.02154,14,-59.11,-245.81,0.03853,3,3,205.49,80.01,0.9069,4,-97.22,58.54,0.07412,14,-77.4,-252.79,0.01898,2,3,294.35,79,0.17382,4,-11.68,82.65,0.82618,2,3,325.98,62.7,0.0427,4,23.27,75.94,0.9573,2,3,323.78,26.67,0.00388,4,31.32,40.75,0.99612,3,3,-107.52,65.12,0.04394,14,0.38,50.76,0.95351,15,-77.44,43.18,0.00255,2,3,-78.46,23.46,0.33033,14,-47.97,35.23,0.66967,2,3,-17.4,-14.99,0.94922,14,-102.68,-11.83,0.05078,1,3,61.4,-25.47,1,1,3,139.5,-26.62,1,2,3,212.74,-20.84,0.97579,4,-61.8,-36.16,0.02421],"edges":[0,42,0,2,2,4,4,6,6,8,8,10,10,12,12,14,14,16,16,18,18,20,20,22,22,24,24,26,26,28,28,30,30,32,32,34,34,36,36,38,38,40,40,42]}},"WBA":{"WBA":{"type":"mesh","hull":44,"width":290,"height":161,"uvs":[0.77893,0.01085,0.85515,0.01213,0.94117,0.16694,0.96341,0.26178,0.99738,0.59266,0.98526,0.83554,0.96937,0.87985,0.94049,0.92322,0.87594,0.98173,0.81383,0.98784,0.72709,0.98953,0.60588,0.97273,0.49283,0.90465,0.4322,0.8415,0.35856,0.74317,0.30557,0.63744,0.2804,0.56901,0.24912,0.48397,0.22568,0.42024,0.20066,0.3522,0.1718,0.27374,0.14868,0.24347,0.11621,0.21339,0.08265,0.18231,0.0336,0.15562,0.01805,0.15572,0.0029,0.1471,0.00334,0.11808,0.0238,0.09929,0.10639,0.09894,0.14212,0.12445,0.19225,0.16026,0.23303,0.21879,0.34097,0.42757,0.37295,0.44716,0.39972,0.50241,0.44153,0.5024,0.47471,0.51543,0.55281,0.48788,0.57734,0.41615,0.63008,0.41589,0.64579,0.31183,0.70334,0.26084,0.72829,0.11747],"triangles":[22,30,21,21,30,31,23,29,22,22,29,30,23,24,29,28,24,25,25,26,27,25,27,28,24,28,29,19,20,32,20,31,32,20,21,31,33,18,32,18,19,32,34,16,33,16,17,33,17,18,33,14,35,36,14,15,35,35,16,34,16,35,15,13,37,12,13,14,37,37,14,36,12,38,11,11,38,40,40,38,39,12,37,38,9,10,40,40,10,11,42,40,41,9,7,8,4,7,9,40,4,9,42,4,40,5,6,7,2,42,43,4,42,3,43,1,2,43,0,1,4,5,7,3,42,2],"vertices":[2,14,36.09,-90.04,0.91997,15,-27.73,-93.31,0.08003,2,14,15.5,-81.98,0.94721,15,-49.02,-87.37,0.05279,2,14,1.07,-49.81,0.98597,15,-66.63,-56.82,0.01403,2,14,0.47,-33.24,0.99676,15,-68.89,-40.39,0.00324,2,14,10.23,20.04,0.99966,15,-64.55,13.61,0.00034,2,14,27.44,55.34,0.91664,15,-50.99,50.45,0.08336,2,14,34.28,60.36,0.88747,15,-44.68,56.14,0.11253,2,14,44.6,63.9,0.83234,15,-34.78,60.71,0.16766,3,14,65.44,66.04,0.67077,15,-14.26,64.94,0.32781,16,-72.92,47.62,0.00142,3,14,82.62,60.55,0.47584,15,3.39,61.2,0.50412,16,-54.91,48.6,0.02004,3,14,106.23,51.85,0.17224,15,27.75,54.93,0.68523,16,-29.76,48.87,0.14253,4,14,138.11,36.81,0.00577,15,60.99,43.18,0.36679,16,5.39,46.17,0.61746,17,-41.13,36.92,0.00998,3,15,89.8,24.07,0.01976,16,38.18,35.21,0.61979,17,-6.63,34.66,0.36046,3,16,55.76,25.04,0.18251,17,12.96,29.3,0.81565,18,-28.87,19.64,0.00184,2,17,37.64,19.43,0.5189,18,-2.29,20.11,0.4811,3,17,56.83,6.88,0.00064,18,20.27,15.99,0.93152,19,-10.45,13.69,0.06784,2,18,32.77,11.71,0.30716,19,2.74,12.92,0.69284,2,19,19.14,11.96,0.8769,20,-5.25,11.96,0.1231,2,19,31.42,11.24,0.12762,20,7.03,11.24,0.87238,2,20,20.15,10.47,0.76237,21,-1.61,11.18,0.23763,1,21,12.86,6.71,1,2,21,21.14,7.18,0.61427,22,0.51,7.43,0.38573,1,22,11.02,6.09,1,1,22,21.88,4.72,1,1,22,36.71,5.54,1,1,22,40.94,7.1,1,1,22,45.55,7.29,1,1,22,47.03,2.86,1,1,22,42.48,-2.01,1,1,22,19.99,-10.25,1,2,21,34.75,-6.44,0.01692,22,8.85,-9.93,0.98308,2,21,19.84,-11.19,0.85235,22,-6.78,-9.48,0.14765,2,20,31.7,-9.92,0.09839,21,4.72,-11.38,0.90161,4,17,55.5,-28.41,0.00081,18,32.73,-17.05,0.19776,19,10.42,-14.8,0.79471,20,-13.97,-14.8,0.00673,3,17,45.73,-27.72,0.02828,18,23.46,-20.2,0.5144,19,2.33,-20.32,0.45732,4,16,65.18,-29.55,0.00294,17,35.96,-21.1,0.23184,18,11.88,-17.89,0.65442,19,-9.44,-21.2,0.11081,5,15,87.33,-42.33,0.00107,16,53.06,-29.56,0.05631,17,24.24,-24.18,0.63367,18,2.28,-25.28,0.3023,19,-16.72,-30.9,0.00666,4,15,78.58,-37.81,0.01377,16,43.43,-27.46,0.2132,17,14.39,-24.61,0.67476,18,-6.63,-29.49,0.09827,5,14,124.71,-41.62,0.01592,15,55.56,-36.2,0.25199,16,20.78,-31.89,0.58918,17,-6.38,-34.66,0.14254,18,-21.88,-46.81,0.00038,4,14,113.95,-49.88,0.05329,15,45.69,-45.5,0.43535,16,13.67,-43.44,0.47015,17,-10.32,-47.64,0.0412,4,14,99.64,-44.47,0.18202,15,30.91,-41.57,0.56313,16,-1.62,-43.48,0.24737,17,-25.1,-51.57,0.00747,4,14,89.42,-58.5,0.40686,15,22.15,-56.56,0.50531,16,-6.18,-60.24,0.08783,17,-25.24,-68.93,0,3,14,70.9,-60.23,0.64774,15,3.9,-60.15,0.32503,16,-22.87,-68.45,0.02723,3,14,55.92,-79.23,0.86166,15,-9.09,-80.55,0.13699,16,-30.11,-91.53,0.00135],"edges":[0,86,0,2,2,4,4,6,6,8,8,10,10,12,12,14,14,16,16,18,18,20,20,22,22,24,24,26,26,28,28,30,40,42,46,48,48,50,50,52,52,54,54,56,56,58,62,64,64,66,66,68,68,70,70,72,72,74,74,76,76,78,78,80,80,82,82,84,84,86,38,40,36,38,34,36,30,32,32,34,42,44,44,46,58,60,60,62]}},"YOUJIO":{"YOUJIO":{"type":"mesh","hull":30,"width":88,"height":141,"uvs":[0.46176,0.01633,0.55741,0.04616,0.62482,0.07776,0.7045,0.12739,0.79618,0.20372,0.90922,0.35002,0.9615,0.44201,0.98907,0.51066,0.989,0.60932,0.95599,0.69564,0.86321,0.88012,0.81507,0.94062,0.68321,0.98218,0.61403,0.99307,0.42659,0.99302,0.39244,0.98779,0.31802,0.96462,0.19367,0.88703,0.12697,0.80541,0.09058,0.73808,0.09068,0.69587,0.08231,0.66725,0.01949,0.50988,0.00863,0.271,0.03894,0.17503,0.06712,0.12136,0.10164,0.07777,0.17083,0.03505,0.26259,0.00683,0.38635,0.00699],"triangles":[19,20,18,10,18,9,17,18,10,17,14,16,15,16,14,11,12,10,13,14,17,17,10,13,12,13,10,26,22,23,7,20,6,26,24,25,24,26,23,22,4,21,27,28,29,29,26,27,0,26,29,0,1,26,26,1,2,26,2,3,3,22,26,5,6,21,7,8,20,20,21,6,3,4,22,5,21,4,8,9,20,18,20,9],"vertices":[1,26,-1.61,14.1,1,1,26,4.16,21.53,1,1,26,9.69,26.47,1,1,26,17.93,31.98,1,1,26,30.07,37.78,1,1,26,52.25,43.49,1,2,26,65.87,45.45,0.99281,27,-57.72,26.35,0.00719,2,26,75.83,45.93,0.96809,27,-49.04,31.29,0.03191,2,26,89.47,43.2,0.87755,27,-35.64,35.02,0.12245,2,26,100.84,37.97,0.70559,27,-23.14,35.5,0.29441,2,26,124.74,24.86,0.15123,27,4.11,34.62,0.84877,2,26,132.28,19.03,0.06057,27,13.46,32.83,0.93943,2,26,135.75,6.5,0.00674,27,22.23,23.23,0.99326,2,26,136.06,0.23,0.00025,27,25.34,17.78,0.99975,1,27,29.77,1.89,1,2,26,131.51,-18.74,0.00002,27,29.86,-1.2,0.99998,2,26,127.02,-24.52,0.00518,27,28.48,-8.39,0.99482,2,26,114.14,-33.11,0.10362,27,20.88,-21.87,0.89638,2,26,101.71,-36.61,0.30735,27,11.37,-30.62,0.69265,2,26,91.77,-37.89,0.50358,27,3.09,-36.25,0.49642,2,26,85.94,-36.71,0.6271,27,-2.65,-37.84,0.3729,2,26,81.84,-36.64,0.71644,27,-6.34,-39.64,0.28356,2,26,58.99,-37.71,0.96357,27,-26.23,-50.92,0.03643,1,26,25.78,-32.04,1,1,26,13.03,-26.77,1,1,26,6.1,-22.86,1,1,26,0.67,-18.67,1,1,26,-4.05,-11.52,1,1,26,-6.36,-2.82,1,1,26,-4.21,7.85,1],"edges":[0,58,0,2,2,4,4,6,6,8,8,10,10,12,12,14,14,16,16,18,18,20,20,22,22,24,24,26,26,28,28,30,30,32,32,34,34,36,36,38,38,40,40,42,42,44,44,46,46,48,48,50,50,52,52,54,54,56,56,58]}},"YOUJIOZ":{"YOUJIOZ":{"type":"mesh","hull":26,"width":127,"height":196,"uvs":[0.37437,0.26986,0.59136,0.27043,0.79962,0.33805,0.85073,0.38809,0.85041,0.43876,0.80337,0.50042,0.8039,0.53871,0.8488,0.67845,0.99214,0.80971,0.99246,0.91116,0.95857,0.96968,0.89808,0.96988,0.80088,0.90682,0.60975,0.89806,0.56232,0.98448,0.52812,1,0.51877,1,0.3014,0.9037,0.22924,0.92869,0.12445,0.94754,0.01853,0.98471,0.0078,0.96555,0.0072,0.87459,0.219,0.71555,0.21716,0.70493,0.25554,0.45491],"triangles":[7,23,24,12,13,7,13,23,7,17,23,13,18,22,23,8,12,7,12,8,9,17,18,23,19,22,18,21,22,19,9,11,12,10,11,9,13,16,17,20,21,19,14,16,13,15,16,14,4,2,3,5,2,4,25,0,1,5,25,1,24,6,7,2,5,1,6,25,5,6,24,25],"vertices":[1,27,-8.81,-32.06,1,1,27,-15.04,-5.21,1,1,27,-8.22,23.58,1,2,27,-0.16,32.15,0.99887,28,-29.41,69.59,0.00113,2,27,9.51,34.39,0.99193,28,-20.71,64.8,0.00807,2,27,22.65,31.35,0.94351,28,-12.96,53.77,0.05649,2,27,29.94,33.14,0.86223,28,-6.34,50.23,0.13777,2,27,55.28,44.99,0.32038,28,20.43,42.11,0.67962,2,27,76.14,68.61,0.02261,28,51.73,45.77,0.97739,2,27,95.48,73.22,0.00071,28,69.2,36.28,0.99929,1,28,77.21,27,1,1,28,73.56,20.24,1,2,27,100.24,49.35,0.00069,28,56.8,15.33,0.99931,1,28,43.67,-5.16,1,1,28,55.65,-18.56,1,1,28,56.24,-23.83,1,1,28,55.67,-24.87,1,1,28,25.88,-40.06,1,1,28,25.79,-50.45,1,1,28,22.65,-63.9,1,1,28,22.6,-79.2,1,1,28,18.65,-78.6,1,2,27,117.26,-50.2,0.00005,28,2.97,-70.12,0.99995,2,27,80.74,-31.19,0.27665,28,-11.51,-31.58,0.72335,2,27,78.77,-31.89,0.33877,28,-13.45,-30.79,0.66123,2,27,29.95,-38.41,1,28,-54.13,-3.03,0],"edges":[0,2,2,4,4,6,6,8,8,10,10,12,12,14,14,16,16,18,18,20,20,22,22,24,24,26,26,28,28,30,30,32,32,34,34,36,36,38,38,40,40,42,42,44,44,46,46,48,48,50,50,0]}},"ZUOJ":{"ZUOJ":{"type":"mesh","hull":21,"width":99,"height":202,"uvs":[0.71197,0.00019,0.88422,0.08585,0.99081,0.32664,0.99029,0.45353,0.99004,0.5141,0.9333,0.58963,0.83147,0.65889,0.78471,0.93259,0.60022,0.98705,0.17186,0.99766,0.03621,0.92769,0,0.85721,0,0.8347,0.05605,0.72959,0.07055,0.67598,0.05055,0.61641,0.0331,0.56442,0.0121,0.50188,0.05531,0.4383,0.20287,0.22114,0.55309,0.05072,0.62244,0.52571,0.60964,0.60418,0.5584,0.68264,0.62885,0.44411],"triangles":[21,24,4,16,18,21,5,21,4,22,16,21,22,21,5,15,16,22,6,22,5,23,14,15,22,23,15,23,22,6,23,10,11,11,12,23,7,23,6,8,23,7,23,13,14,9,23,8,13,23,12,9,10,23,20,2,24,1,20,0,2,20,1,19,20,24,18,19,24,3,24,2,4,24,3,21,18,24,16,17,18],"vertices":[1,23,-38.56,20.72,1,1,23,-19.43,35.7,1,2,23,30.09,40.66,0.92825,24,-50.34,20.2,0.07175,2,23,55.55,37.7,0.59358,24,-26.29,29.06,0.40642,2,23,67.71,36.29,0.34569,24,-14.81,33.29,0.65431,2,23,82.23,28.97,0.08596,24,1.45,33.33,0.91404,2,23,94.98,17.37,0.00021,24,18.07,28.74,0.99979,1,24,71.52,43.62,1,1,24,88.18,30.32,1,1,24,104.94,-8.7,1,2,23,139.99,-67.02,0.00015,24,96.35,-26.2,0.99985,2,23,125.44,-68.96,0.00609,24,84.25,-34.51,0.99391,2,23,120.92,-68.45,0.01034,24,79.99,-36.1,0.98966,2,23,100.46,-60.52,0.09477,24,58.15,-38.27,0.90523,2,23,89.86,-57.87,0.21781,24,47.49,-40.69,0.78219,2,23,77.68,-58.47,0.41544,24,36.9,-46.73,0.58456,2,23,67.05,-58.99,0.59045,24,27.66,-52,0.40955,2,23,54.26,-59.62,0.75085,24,16.53,-58.34,0.24915,2,23,41.99,-53.92,0.87621,24,3,-58.8,0.12379,1,23,0.06,-34.42,1,1,23,-30.2,3.94,1,1,24,0.04,-0.02,1,1,24,15.34,4.31,1,1,24,31.97,5.06,1,2,23,49.6,2.36,0.9865,24,-15.64,-5.15,0.0135],"edges":[0,40,0,2,2,4,8,10,10,12,12,14,14,16,16,18,18,20,20,22,22,24,24,26,26,28,38,40,4,6,6,8,34,36,36,38,32,34,28,30,30,32]}},"ZUOJIOZ":{"ZUOJIOZ":{"type":"mesh","hull":15,"width":162,"height":88,"uvs":[0.22339,0.01037,0.45507,0.01133,0.58037,0.37302,0.65085,0.43136,0.78606,0.43172,0.91464,0.60566,0.97935,0.81878,0.98276,0.90132,0.76294,0.86415,0.72327,0.98888,0.39438,0.98923,0.20686,0.80764,0.0008,0.80703,0.02265,0.58558,0.11155,0.21166],"triangles":[11,14,0,13,14,11,12,13,11,0,2,11,2,0,1,8,3,4,8,4,5,8,5,6,8,6,7,9,3,8,10,11,2,10,2,3,10,3,9],"vertices":[1,24,48.21,-15.68,1,2,25,11.84,52.91,0.16871,24,35.24,19.54,0.83129,2,25,35.26,23.3,0.86824,24,58.03,49.64,0.13176,2,25,47.14,19.35,0.97885,24,58.87,62.13,0.02115,1,25,68.93,21.53,1,1,25,91.2,8.41,1,1,25,103.53,-9.18,1,1,25,104.81,-16.36,1,1,25,69.05,-16.7,1,1,25,63.77,-28.27,1,2,25,10.77,-33.7,0.99691,24,119.34,40.24,0.00309,2,25,-21.07,-20.87,0.41373,24,114.92,6.2,0.58627,1,24,126.48,-25.12,1,1,24,106.98,-28.57,1,1,24,71.12,-26.51,1],"edges":[0,28,0,2,2,4,4,6,6,8,8,10,10,12,12,14,14,16,16,18,18,20,20,22,22,24,24,26,26,28]}},"shange":{"shange":{"type":"mesh","hull":24,"width":324,"height":181,"uvs":[0.3684,0.00239,0.46745,0.01773,0.50801,0.12566,0.54893,0.11991,0.61992,0.17098,0.69406,0.1899,0.76218,0.10546,0.92544,0.3884,0.99632,0.56834,0.9988,0.79962,0.90243,0.96969,0.8158,0.99537,0.40063,0.99414,0.32376,0.83173,0.31034,0.83911,0.09829,0.89862,0.0307,0.80025,0.00256,0.64945,0.00319,0.59382,0.07336,0.52422,0.11077,0.42313,0.11109,0.22651,0.2315,0.22631,0.23135,0.05632,0.77351,0.6973,0.76151,0.55767,0.71951,0.46638,0.63851,0.39657,0.51851,0.32676,0.41951,0.25694,0.34152,0.20324,0.28044,0.24761,0.30903,0.38996,0.31712,0.35734,0.33035,0.33762,0.35753,0.34945,0.38691,0.37575,0.41409,0.40073,0.43833,0.4244,0.44935,0.44412,0.45155,0.48752,0.4442,0.52171,0.4229,0.54537,0.39132,0.56115,0.35532,0.55984,0.32447,0.53617,0.31125,0.50067,0.3039,0.44938],"triangles":[19,17,18,16,17,19,16,19,15,46,15,19,20,46,19,30,23,0,31,22,23,30,31,23,29,0,1,29,1,2,30,0,29,28,2,3,28,3,4,29,2,28,34,31,30,35,34,30,29,35,30,33,31,34,36,35,29,32,31,33,37,36,29,38,37,29,28,38,29,39,38,28,31,32,22,40,39,28,32,35,47,46,47,35,38,40,42,40,38,39,32,33,35,35,33,34,36,46,35,46,44,45,42,37,38,36,44,46,43,44,36,37,43,36,42,43,37,45,14,46,13,45,44,13,44,43,46,20,47,13,14,45,20,21,22,22,32,20,47,20,32,14,15,46,42,13,43,12,13,42,27,4,5,28,4,27,26,5,6,26,6,7,27,5,26,41,42,40,25,26,7,8,24,25,8,25,7,24,8,9,10,24,9,11,24,10,26,25,24,27,26,24,40,28,27,27,41,40,24,41,27,12,42,41,24,12,41,12,24,11],"vertices":[1,6,55.11,119,1,1,6,86.62,112.31,1,1,6,97.26,91.31,1,1,6,110.55,90.71,1,1,6,132.24,78.72,1,1,6,155.66,72.37,1,1,6,179.44,84.83,1,1,6,225.66,27.52,1,1,6,244.45,-7.62,1,1,6,240.12,-49.26,1,1,6,205.35,-75.98,1,1,6,176.92,-77.15,1,1,6,43.45,-60.43,1,1,6,22.34,-28.2,1,1,6,17.86,-29,1,1,4,13.86,64.13,1,1,4,26.44,89.39,1,1,4,51.08,104.26,1,1,4,60.95,106.26,1,2,6,-51.35,36.99,0.14133,4,78.22,86.83,0.85867,2,6,-37.08,53.66,0.47467,4,98.72,79,0.52533,2,6,-32.61,88.97,0.808,4,133.47,86.69,0.192,1,6,6.12,84.22,1,1,6,9.84,114.76,1,1,6,169.95,-21.93,1,1,6,169.19,3.63,1,1,6,157.71,21.7,1,1,6,133.21,37.46,1,1,6,96.18,54.77,1,1,6,65.89,71.24,1,1,6,42,83.99,1,1,6,21.38,78.44,1,1,6,26.41,51.38,1,1,6,30.74,57.28,1,1,6,34.96,60.35,1,1,6,44.14,57.06,1,1,6,52.77,51.2,1,1,6,60.96,45.63,1,1,6,68.22,40.41,1,1,6,71.33,36.43,1,1,6,71.07,28.55,1,1,6,67.95,22.7,1,1,6,60.58,19.3,1,1,6,50.07,17.72,1,1,6,38.53,19.38,1,1,6,29.13,24.86,1,1,6,25.67,31.76,1,1,6,24.44,41.27,1],"edges":[0,46,0,2,2,4,4,6,6,8,8,10,10,12,12,14,14,16,16,18,18,20,20,22,22,24,24,26,26,28,28,30,30,32,32,34,34,36,36,38,38,40,40,42,42,44,44,46,64,66,66,68,68,70,70,72,72,74,74,76,76,78,78,80,80,82,82,84,84,86,86,88,88,90,90,92,92,94,94,64]}},"tx_1":{"tx_2":{"width":332,"height":325}},"tx_2":{"tx_2":{"width":332,"height":325}},"xiae":{"xiae":{"type":"mesh","hull":19,"width":292,"height":189,"uvs":[0.48734,0,0.64602,0.20747,0.66516,0.38615,0.70328,0.48227,0.95365,0.62473,1,0.74414,1,0.75296,0.98911,0.8404,0.87629,0.97711,0.79691,1,0.74791,1,0.21162,0.78384,0.13965,0.7277,0.03375,0.55683,0,0.39695,0,0.32321,0.10664,0.11888,0.28354,0.0247,0.40941,0],"triangles":[14,15,16,12,16,17,11,12,17,18,0,1,2,18,1,11,17,18,2,11,18,13,14,16,13,16,12,4,5,6,7,4,6,3,9,10,8,4,7,3,4,9,11,2,3,10,11,3,8,9,4],"vertices":[2,5,32.87,97.97,0.2407,4,119.08,-21.95,0.7593,2,5,90.4,78.6,0.50947,4,94.37,-77.38,0.49053,2,5,108.04,49.27,0.80633,4,63.5,-92.18,0.19367,2,5,125.09,36.49,0.95742,4,49.16,-107.94,0.04258,1,5,202.97,38.41,1,1,5,223.87,22.42,1,1,5,224.49,20.87,1,1,5,227.62,4.33,1,1,5,206.53,-31.83,1,1,5,186.57,-44.4,1,1,5,173.27,-49.67,1,2,5,12.65,-69.42,0.56903,4,-45.65,14,0.43097,2,5,-10.8,-67.3,0.2357,4,-41.33,37.14,0.7643,1,4,-18.95,75.85,1,1,4,7.31,93.75,1,1,4,20.69,97.64,1,1,4,66.47,78.52,1,2,5,-20.73,71.69,0.20106,4,97.98,33.9,0.79894,1,4,112.73,-0.09,1],"edges":[0,36,0,2,2,4,4,6,6,8,8,10,10,12,12,14,14,16,16,18,18,20,20,22,22,24,24,26,26,28,28,30,30,32,32,34,34,36]}},"yanzhu":{"yanzhu":{"x":0.06,"y":1,"rotation":-77.37,"width":13,"height":27}},"youshou":{"youshou":{"type":"mesh","hull":29,"width":137,"height":216,"uvs":[0.58345,0.05642,0.64424,0.18644,0.5623,0.25962,0.4465,0.38641,0.44565,0.40525,0.465,0.45006,0.51211,0.5592,0.58796,0.57849,0.87048,0.57856,1,0.63766,1,0.68107,0.94203,0.7926,0.86493,0.76732,0.77946,0.98812,0.70703,0.90103,0.58553,1,0.57812,1,0.32834,0.75212,0.2912,0.71527,0.24536,0.66977,0.11199,0.56629,0.07049,0.5341,0.00564,0.48378,0.00619,0.43836,0.02323,0.37901,0.04376,0.30754,0.17991,0.09815,0.3223,0.00911,0.48093,0.00911,0.50834,0.70856,0.49669,0.66177,0.40349,0.61004,0.18215,0.46719,0.19768,0.42779,0.22875,0.3736],"triangles":[16,17,14,15,16,14,14,17,29,12,13,14,14,29,12,11,12,10,29,7,12,12,8,10,12,7,8,8,9,10,17,18,29,18,30,29,18,31,30,18,19,31,29,30,7,19,20,31,30,6,7,30,31,6,20,32,31,31,32,5,5,32,33,31,5,6,33,4,5,20,21,32,21,22,32,22,23,32,32,23,33,4,33,34,23,24,33,33,24,34,4,34,3,3,34,2,24,25,34,27,0,2,27,2,26,25,26,34,26,2,34,2,0,1,0,27,28],"vertices":[1,11,-11.23,13.57,1,1,11,9.71,34.06,1,2,11,28.93,31.52,0.99259,12,0.05,65.74,0.00741,2,11,60.55,30.28,0.67408,12,9.64,35.57,0.32592,2,11,64.21,32.08,0.53107,12,12.58,32.75,0.46893,2,11,71.53,38.94,0.25339,12,21.52,28.2,0.74661,3,11,89.36,55.66,0.00634,12,43.31,17.12,0.92377,13,-27.1,12.77,0.06989,3,11,88.19,66.8,0.00001,12,53.38,22,0.58908,13,-17.87,19.11,0.41091,2,12,79.43,50.63,0.0104,13,3.62,51.3,0.9896,1,13,24.08,58.99,1,1,13,31.88,53.79,1,1,13,47.52,33.82,1,1,13,37.12,28.06,1,1,13,70.31,-8.14,1,1,13,49.15,-5.96,1,2,12,120.52,-39.49,0,13,57.7,-31.67,1,2,12,119.84,-40.24,0,13,57.14,-32.52,1,2,12,57.2,-29.54,0.70132,13,-6.39,-31.29,0.29868,2,12,47.89,-27.95,0.89549,13,-15.84,-31.11,0.10451,2,12,36.4,-25.99,0.99021,13,-27.5,-30.88,0.00979,2,11,116.32,7.91,0.01311,12,7.57,-24.47,0.98689,2,11,112.82,-0.36,0.08908,12,-1.4,-24,0.91092,2,11,107.36,-13.3,0.33431,12,-15.42,-23.26,0.66569,2,11,98.65,-17.81,0.54612,12,-22.63,-16.61,0.45388,2,11,86.23,-21.74,0.86612,12,-30.55,-6.26,0.13388,2,11,71.26,-26.46,0.998,12,-40.08,6.21,0.002,1,11,22.56,-31.1,1,1,11,-3.56,-22.83,1,1,11,-13.71,-3.62,1,2,12,66.83,-4.97,0.30038,13,-0.54,-5.55,0.69962,1,12,58.28,0.65,1,1,12,41.42,-1.28,1,2,11,92.9,6.41,0.06355,12,-1.81,-2.96,0.93645,2,11,84.38,4.32,0.55977,12,-6.67,4.34,0.44023,2,11,72.04,2.61,0.96739,12,-12.47,15.36,0.03261],"edges":[0,56,0,2,2,4,4,6,6,8,12,14,14,16,16,18,18,20,20,22,22,24,24,26,26,28,28,30,30,32,44,46,50,52,52,54,54,56,32,34,34,36,36,38,46,48,48,50,8,10,10,12,42,44,38,40,40,42]}},"zuoshou":{"zuoshou":{"type":"mesh","hull":28,"width":174,"height":232,"uvs":[0.27519,0.07834,0.48944,0.32102,0.5309,0.36798,0.56212,0.40335,0.61456,0.46275,0.70733,0.6056,0.73962,0.64471,0.90268,0.65919,1,0.75494,1,0.77392,0.93143,0.95861,0.66279,1,0.62437,1,0.50675,0.87462,0.52929,0.78218,0.50419,0.73054,0.39269,0.63959,0.35071,0.60535,0.3154,0.57655,0.28154,0.54893,0.24132,0.51612,0.20242,0.4844,0.06992,0.37632,0,0.22085,0,0.19293,0.01261,0.07038,0.10661,0.00638,0.17443,0.04197,0.42579,0.46713,0.47855,0.49878,0.51021,0.55682,0.35896,0.40909],"triangles":[10,11,9,9,11,12,6,9,14,13,14,12,9,12,14,7,9,6,7,8,9,14,15,6,15,5,6,15,30,5,15,16,30,16,17,30,30,4,5,30,17,29,17,18,29,30,29,4,29,3,4,18,28,29,18,19,28,19,20,28,20,31,28,20,21,31,29,28,3,21,22,31,28,2,3,28,31,2,31,1,2,1,31,0,22,23,0,31,22,0,27,24,25,0,24,27,25,26,27,0,23,24],"vertices":[1,8,-2.49,28.87,1,2,8,65.02,27.48,0.98248,9,-42.07,23.63,0.01752,2,8,78.08,27.21,0.86387,9,-29.01,23.2,0.13613,2,8,87.92,27,0.64848,9,-19.17,22.89,0.35152,2,8,104.45,26.66,0.18896,9,-2.65,22.35,0.81104,2,9,33.71,16.34,0.98688,10,-33.55,4.71,0.01312,2,9,44.36,15.67,0.79671,10,-23.22,7.39,0.20329,2,9,63.53,36.86,0.08665,10,-11.6,33.49,0.91335,2,9,91.44,37.81,0.00013,10,14.63,43.08,0.99987,1,10,18.84,41.77,1,1,10,56.22,17.68,1,2,9,103.85,-42.94,0.02989,10,51.54,-29.81,0.97011,2,9,99.98,-48.39,0.03979,10,49.56,-36.2,0.96021,2,9,64.41,-48.25,0.26979,10,15.71,-47.12,0.73021,2,9,49.19,-32.64,0.63038,10,-3.61,-37.02,0.36962,3,8,144.6,-24.49,0.00159,9,36.9,-29.27,0.91052,10,-16.34,-37.64,0.08789,2,8,116.2,-28.43,0.17728,9,8.46,-32.88,0.82272,2,8,105.51,-29.92,0.38967,9,-2.24,-34.24,0.61033,2,8,96.52,-31.17,0.60549,9,-11.25,-35.38,0.39451,2,8,87.9,-32.36,0.78901,9,-19.88,-36.47,0.21099,2,8,77.66,-33.78,0.92909,9,-30.14,-37.78,0.07091,2,8,67.76,-35.16,0.98572,9,-40.06,-39.04,0.01428,1,8,34.02,-39.84,1,1,8,-2.56,-29.32,1,1,8,-7.89,-25.63,1,1,8,-30.02,-7.64,1,1,8,-32.92,14.26,1,1,8,-19.41,19.26,1,2,8,86.58,-0.92,0.92769,9,-20.84,-5.02,0.07231,2,8,97.85,2.44,0.38288,9,-9.53,-1.79,0.61712,2,8,112.05,-0.69,0.02403,9,4.63,-5.09,0.97597,1,8,68.9,-2.82,1],"edges":[0,54,8,10,10,12,12,14,14,16,16,18,18,20,20,22,22,24,24,26,26,28,28,30,44,46,46,48,48,50,50,52,52,54,4,6,6,8,0,2,2,4,42,44,40,42,38,40,30,32,32,34,34,36,36,38]}}}}],"animations":{"attack":{"slots":{"tx_1":{"color":[{"color":"ffffff00","curve":"stepped"},{"time":0.6,"color":"ffffff00"},{"time":0.6667,"color":"ffffffff","curve":"stepped"},{"time":0.7,"color":"ffffffff"},{"time":0.7667,"color":"ffffff00"}],"attachment":[{"time":0.6,"name":"tx_2"}]},"tx_2":{"color":[{"color":"ffffff00","curve":"stepped"},{"time":0.5667,"color":"ffffff00"},{"time":0.6333,"color":"ffffffff","curve":"stepped"},{"time":0.6667,"color":"ffffffff"},{"time":0.7333,"color":"ffffff00"}],"attachment":[{"time":0.5667,"name":"tx_2"}]}},"bones":{"root":{"rotate":[{"curve":"stepped"},{"time":1}],"translate":[{"curve":"stepped"},{"time":1}],"scale":[{"curve":"stepped"},{"time":1}],"shear":[{"curve":"stepped"},{"time":1}]},"all":{"rotate":[{"curve":"stepped"},{"time":1}],"translate":[{"curve":"stepped"},{"time":1}],"scale":[{"curve":"stepped"},{"time":1}],"shear":[{"curve":"stepped"},{"time":1}]},"all2":{"rotate":[{"curve":0.25,"c3":0.75},{"time":0.3333,"angle":-14.4,"curve":0.25,"c3":0.75},{"time":0.5,"angle":17.23,"curve":0.25,"c3":0.75},{"time":0.6667,"angle":-14.4,"curve":0.25,"c3":0.75},{"time":1}],"translate":[{"curve":0.25,"c3":0.75},{"time":0.3333,"x":12.84,"y":-32.1,"curve":0.25,"c3":0.75},{"time":0.5,"x":-25.68,"y":28.89,"curve":0.25,"c3":0.75},{"time":0.6667,"x":12.84,"y":-32.1,"curve":0.25,"c3":0.75},{"time":1}],"scale":[{"curve":"stepped"},{"time":1}],"shear":[{"curve":"stepped"},{"time":1}]},"all3":{"rotate":[{"curve":0.25,"c3":0.75},{"time":0.4,"angle":-14.4,"curve":0.25,"c3":0.75},{"time":0.5667,"angle":17.23,"curve":0.25,"c3":0.75},{"time":0.7333,"angle":-14.4,"curve":0.25,"c3":0.75},{"time":1}],"translate":[{"curve":"stepped"},{"time":1}],"scale":[{"curve":"stepped"},{"time":1}],"shear":[{"curve":"stepped"},{"time":1}]},"all4":{"rotate":[{"curve":0.25,"c3":0.75},{"time":0.4333,"angle":-23.21,"curve":0.25,"c3":0.75},{"time":0.6,"angle":21.15,"curve":0.25,"c3":0.75},{"time":0.7667,"angle":-23.21,"curve":0.25,"c3":0.75},{"time":1}],"translate":[{"curve":"stepped"},{"time":1}],"scale":[{"curve":"stepped"},{"time":1}],"shear":[{"curve":"stepped"},{"time":1}]},"all5":{"rotate":[{"curve":0.25,"c3":0.75},{"time":0.3667,"angle":-21.26,"curve":0.25,"c3":0.75},{"time":0.5333,"angle":9.04,"curve":0.25,"c3":0.75},{"time":0.7,"angle":-21.26,"curve":0.25,"c3":0.75},{"time":1}],"translate":[{"curve":"stepped"},{"time":1}],"scale":[{"curve":"stepped"},{"time":1}],"shear":[{"curve":"stepped"},{"time":1}]},"all6":{"rotate":[{"curve":"stepped"},{"time":1}],"translate":[{"curve":"stepped"},{"time":1}],"scale":[{"curve":"stepped"},{"time":1}],"shear":[{"curve":"stepped"},{"time":1}]},"all7":{"rotate":[{"curve":"stepped"},{"time":1}],"translate":[{"curve":"stepped"},{"time":1}],"scale":[{"curve":"stepped"},{"time":1}],"shear":[{"curve":"stepped"},{"time":1}]},"all8":{"rotate":[{"curve":0.25,"c3":0.75},{"time":0.4667,"angle":-22.02,"curve":0.25,"c3":0.75},{"time":0.6333,"angle":92.95,"curve":0.25,"c3":0.75},{"time":0.8,"angle":-22.02,"curve":0.25,"c3":0.75},{"time":1}],"translate":[{"curve":"stepped"},{"time":1}],"scale":[{"curve":"stepped"},{"time":1}],"shear":[{"curve":"stepped"},{"time":1}]},"all9":{"rotate":[{"curve":"stepped"},{"time":1}],"translate":[{"curve":"stepped"},{"time":1}],"scale":[{"curve":"stepped"},{"time":1}],"shear":[{"curve":"stepped"},{"time":1}]},"all10":{"rotate":[{"curve":"stepped"},{"time":1}],"translate":[{"curve":"stepped"},{"time":1}],"scale":[{"curve":"stepped"},{"time":1}],"shear":[{"curve":"stepped"},{"time":1}]},"all11":{"rotate":[{"curve":0.25,"c3":0.75},{"time":0.4333,"angle":-43.1,"curve":0.25,"c3":0.75},{"time":0.6,"angle":89.16,"curve":0.25,"c3":0.75},{"time":0.7667,"angle":-43.1,"curve":0.25,"c3":0.75},{"time":1}],"translate":[{"curve":"stepped"},{"time":1}],"scale":[{"curve":"stepped"},{"time":1}],"shear":[{"curve":"stepped"},{"time":1}]},"all12":{"rotate":[{"curve":"stepped"},{"time":1}],"translate":[{"curve":"stepped"},{"time":1}],"scale":[{"curve":"stepped"},{"time":1}],"shear":[{"curve":"stepped"},{"time":1}]},"all13":{"rotate":[{"curve":"stepped"},{"time":1}],"translate":[{"curve":"stepped"},{"time":1}],"scale":[{"curve":"stepped"},{"time":1}],"shear":[{"curve":"stepped"},{"time":1}]},"all14":{"rotate":[{"curve":0.25,"c3":0.75},{"time":0.3333,"angle":11.44,"curve":0.25,"c3":0.75},{"time":0.5667,"angle":-10.38,"curve":0.25,"c3":0.75},{"time":0.8,"angle":11.44,"curve":0.25,"c3":0.75},{"time":1}],"translate":[{"curve":"stepped"},{"time":1}],"scale":[{"curve":"stepped"},{"time":1}],"shear":[{"curve":"stepped"},{"time":1}]},"all15":{"rotate":[{"curve":0.25,"c3":0.75},{"time":0.3667,"angle":11.44,"curve":0.25,"c3":0.75},{"time":0.6,"angle":-10.38,"curve":0.25,"c3":0.75},{"time":0.8333,"angle":11.44,"curve":0.25,"c3":0.75},{"time":1}],"translate":[{"curve":"stepped"},{"time":1}],"scale":[{"curve":"stepped"},{"time":1}],"shear":[{"curve":"stepped"},{"time":1}]},"all16":{"rotate":[{"curve":0.25,"c3":0.75},{"time":0.4,"angle":11.44,"curve":0.25,"c3":0.75},{"time":0.6333,"angle":-10.38,"curve":0.25,"c3":0.75},{"time":0.8667,"angle":11.44,"curve":0.25,"c3":0.75},{"time":1}],"translate":[{"curve":"stepped"},{"time":1}],"scale":[{"curve":"stepped"},{"time":1}],"shear":[{"curve":"stepped"},{"time":1}]},"all17":{"rotate":[{"curve":0.25,"c3":0.75},{"time":0.4333,"angle":11.44,"curve":0.25,"c3":0.75},{"time":0.6667,"angle":-10.38,"curve":0.25,"c3":0.75},{"time":0.9,"angle":11.44,"curve":0.25,"c3":0.75},{"time":1}],"translate":[{"curve":"stepped"},{"time":1}],"scale":[{"curve":"stepped"},{"time":1}],"shear":[{"curve":"stepped"},{"time":1}]},"all18":{"rotate":[{"curve":0.25,"c3":0.75},{"time":0.4333,"angle":11.44,"curve":0.25,"c3":0.75},{"time":0.6667,"angle":-10.38,"curve":0.25,"c3":0.75},{"time":0.9,"angle":11.44,"curve":0.25,"c3":0.75},{"time":1}],"translate":[{"curve":"stepped"},{"time":1}],"scale":[{"curve":"stepped"},{"time":1}],"shear":[{"curve":"stepped"},{"time":1}]},"all19":{"rotate":[{"curve":0.25,"c3":0.75},{"time":0.4333,"angle":11.44,"curve":0.25,"c3":0.75},{"time":0.6667,"angle":-10.38,"curve":0.25,"c3":0.75},{"time":0.9,"angle":11.44,"curve":0.25,"c3":0.75},{"time":1}],"translate":[{"curve":"stepped"},{"time":1}],"scale":[{"curve":"stepped"},{"time":1}],"shear":[{"curve":"stepped"},{"time":1}]},"all20":{"rotate":[{"curve":0.25,"c3":0.75},{"time":0.4333,"angle":11.44,"curve":0.25,"c3":0.75},{"time":0.6667,"angle":-10.38,"curve":0.25,"c3":0.75},{"time":0.9,"angle":11.44,"curve":0.25,"c3":0.75},{"time":1}],"translate":[{"curve":"stepped"},{"time":1}],"scale":[{"curve":"stepped"},{"time":1}],"shear":[{"curve":"stepped"},{"time":1}]},"all21":{"rotate":[{"curve":0.25,"c3":0.75},{"time":0.4333,"angle":11.44,"curve":0.25,"c3":0.75},{"time":0.6667,"angle":-10.38,"curve":0.25,"c3":0.75},{"time":0.9,"angle":11.44,"curve":0.25,"c3":0.75},{"time":1}],"translate":[{"curve":"stepped"},{"time":1}],"scale":[{"curve":"stepped"},{"time":1}],"shear":[{"curve":"stepped"},{"time":1}]},"all22":{"rotate":[{"curve":0.25,"c3":0.75},{"time":0.4333,"angle":11.44,"curve":0.25,"c3":0.75},{"time":0.6667,"angle":-10.38,"curve":0.25,"c3":0.75},{"time":0.9,"angle":11.44,"curve":0.25,"c3":0.75},{"time":1}],"translate":[{"curve":"stepped"},{"time":1}],"scale":[{"curve":"stepped"},{"time":1}],"shear":[{"curve":"stepped"},{"time":1}]},"all23":{"rotate":[{"angle":15.18,"curve":"stepped"},{"time":1,"angle":15.18}],"translate":[{"curve":"stepped"},{"time":1}],"scale":[{"curve":"stepped"},{"time":1}],"shear":[{"curve":"stepped"},{"time":1}]},"all24":{"rotate":[{"angle":-20.32,"curve":"stepped"},{"time":1,"angle":-20.32}],"translate":[{"curve":"stepped"},{"time":1}],"scale":[{"curve":"stepped"},{"time":1}],"shear":[{"curve":"stepped"},{"time":1}]},"all25":{"rotate":[{"curve":"stepped"},{"time":0.3333,"curve":0.325,"c2":0.31,"c3":0.663,"c4":0.65},{"time":0.4667,"angle":-67.42,"curve":0.337,"c2":0.35,"c3":0.675,"c4":0.69},{"time":0.6,"angle":-14.98,"curve":0.382,"c2":0.57,"c3":0.735},{"time":0.7333,"curve":"stepped"},{"time":1}],"translate":[{"curve":0.25,"c3":0.75},{"time":0.3333,"x":45.13,"y":-4.59,"curve":0.25,"c3":0.75},{"time":0.5333,"x":-25.69,"y":122.17,"curve":0.25,"c3":0.75},{"time":0.7333,"x":45.13,"y":-4.59,"curve":0.25,"c3":0.75},{"time":1}],"scale":[{"curve":"stepped"},{"time":1}],"shear":[{"curve":"stepped"},{"time":1}]},"all26":{"rotate":[{"angle":-1.75,"curve":"stepped"},{"time":1,"angle":-1.75}],"translate":[{"curve":"stepped"},{"time":1}],"scale":[{"curve":"stepped"},{"time":1}],"shear":[{"curve":"stepped"},{"time":1}]},"all27":{"rotate":[{"angle":-2.3,"curve":"stepped"},{"time":1,"angle":-2.3}],"translate":[{"curve":"stepped"},{"time":1}],"scale":[{"curve":"stepped"},{"time":1}],"shear":[{"curve":"stepped"},{"time":1}]},"all28":{"rotate":[{"curve":"stepped"},{"time":1}],"translate":[{"curve":0.25,"c3":0.75},{"time":0.3333,"x":-6.18,"y":-0.04,"curve":"stepped"},{"time":0.6,"x":-6.18,"y":-0.04,"curve":0.25,"c3":0.75},{"time":0.7667,"x":0.57,"y":6.77,"curve":0.25,"c3":0.75},{"time":1}],"scale":[{"curve":"stepped"},{"time":1}],"shear":[{"curve":"stepped"},{"time":1}]},"tx_1":{"rotate":[{"curve":"stepped"},{"time":0.6},{"time":0.7667,"angle":0.43}],"translate":[{},{"time":0.6,"x":147.12,"y":259.91},{"time":0.7667,"x":-24.52,"y":-63.75}],"scale":[{"curve":"stepped"},{"time":0.6,"curve":"stepped"},{"time":0.7667}]},"tx_2":{"rotate":[{},{"time":0.5667,"angle":-65.47},{"time":0.7333,"angle":0.43}],"translate":[{"x":-46.42,"y":190.36,"curve":"stepped"},{"time":0.5667,"x":-46.42,"y":190.36},{"time":0.7333,"x":178.09,"y":-97.02}],"scale":[{"curve":"stepped"},{"time":0.5667,"curve":"stepped"},{"time":0.7333}]}}},"walk":{"bones":{"all25":{"rotate":[{"angle":-16.3,"curve":0.375,"c2":0.62,"c3":0.716},{"time":0.0667,"angle":-1.88,"curve":0.25,"c3":0.75},{"time":0.5,"curve":0.25,"c3":0.75},{"time":0.9,"angle":-4.05,"curve":0.25,"c3":0.75},{"time":1.3333,"angle":-112.7,"curve":0.243,"c3":0.68,"c4":0.71},{"time":1.6667,"angle":-16.3}],"translate":[{"x":36.59,"y":73.19,"curve":0.25,"c3":0.75},{"time":0.4,"x":20.44,"y":-12.61,"curve":0.25,"c3":0.75},{"time":0.8333,"x":-38.63,"y":0.34,"curve":0.25,"c3":0.625,"c4":0.5},{"time":1.2,"x":-63.52,"y":85.34,"curve":0.375,"c2":0.5,"c3":0.75},{"time":1.6667,"x":36.59,"y":73.19}],"scale":[{"curve":"stepped"},{"time":1.6667}]},"all28":{"rotate":[{"angle":-3.53,"curve":0.375,"c2":0.62,"c3":0.716},{"time":0.0667,"angle":-4.05,"curve":0.25,"c3":0.75},{"time":0.5,"angle":-70.55,"curve":0.25,"c3":0.75},{"time":0.9,"angle":33.46,"curve":0.25,"c3":0.75},{"time":1.3333,"curve":0.243,"c3":0.68,"c4":0.71},{"time":1.6667,"angle":-3.53}],"translate":[{"x":-32.21,"y":11.04,"curve":"stepped"},{"time":0.0667,"x":-32.21,"y":11.04,"curve":0.25,"c3":0.75},{"time":0.4,"x":-11.3,"y":57.64,"curve":0.32,"c2":0.29,"c3":0.757},{"time":0.8333,"x":80.64,"y":76.58,"curve":0.25,"c3":0.75},{"time":1.2333,"x":44.25,"y":8.37,"curve":0.25,"c3":0.75},{"time":1.6667,"x":-32.21,"y":11.04}],"scale":[{"curve":"stepped"},{"time":1.6667}]},"all2":{"rotate":[{"curve":0.25,"c3":0.75},{"time":0.4,"angle":-6.31,"curve":0.25,"c3":0.75},{"time":0.8333,"curve":0.25,"c3":0.75},{"time":1.2333,"angle":-6.31,"curve":0.25,"c3":0.75},{"time":1.6667}],"translate":[{"y":-0.61,"curve":0.345,"c2":0.37,"c3":0.757},{"time":0.3,"y":-23.83,"curve":0.25,"c3":0.75},{"time":0.7,"y":6.81,"curve":0.25,"c3":0.75},{"time":1.1333,"y":-23.83,"curve":0.25,"c3":0.75},{"time":1.5333,"y":6.81,"curve":0.269,"c3":0.618,"c4":0.42},{"time":1.6667,"y":-0.61}]},"all3":{"rotate":[{"angle":-1.53,"curve":0.382,"c2":0.58,"c3":0.731},{"time":0.1333,"curve":0.25,"c3":0.75},{"time":0.5333,"angle":-6.31,"curve":0.25,"c3":0.75},{"time":0.9667,"curve":0.25,"c3":0.75},{"time":1.3667,"angle":-6.31,"curve":0.243,"c3":0.655,"c4":0.63},{"time":1.6667,"angle":-1.53}]},"all4":{"rotate":[{"angle":-3.97,"curve":0.333,"c2":0.33,"c3":0.68,"c4":0.71},{"time":0.1333,"angle":-1.53,"curve":0.382,"c2":0.58,"c3":0.731},{"time":0.2333,"curve":0.25,"c3":0.75},{"time":0.6667,"angle":-6.31,"curve":0.25,"c3":0.75},{"time":1.0667,"curve":0.25,"c3":0.75},{"time":1.5,"angle":-6.31,"curve":0.258,"c3":0.619,"c4":0.45},{"time":1.6667,"angle":-3.97}],"scale":[{"y":0.916,"curve":0.369,"c2":0.63,"c3":0.706},{"time":0.1333,"y":0.909,"curve":0.25,"c3":0.75},{"time":0.9667,"curve":0.244,"c3":0.694,"c4":0.77},{"time":1.6667,"y":0.916}]},"all14":{"rotate":[{"angle":-2.78,"curve":0.345,"c2":0.37,"c3":0.757},{"time":0.3,"angle":337.77,"curve":0.25,"c3":0.75},{"time":0.7,"curve":0.25,"c3":0.75},{"time":1.1333,"angle":-18.72,"curve":0.25,"c3":0.75},{"time":1.5333,"curve":0.269,"c3":0.618,"c4":0.42},{"time":1.6667,"angle":-2.78}],"scale":[{"x":1.203,"curve":"stepped"},{"time":1.6667,"x":1.203}]},"all15":{"rotate":[{"angle":-1.46,"curve":0.32,"c2":0.29,"c3":0.655,"c4":0.63},{"time":0.0333,"angle":-2.78,"curve":0.345,"c2":0.37,"c3":0.757},{"time":0.3333,"angle":-11.46,"curve":0.25,"c3":0.75},{"time":0.7333,"curve":0.25,"c3":0.75},{"time":1.1667,"angle":-11.46,"curve":0.25,"c3":0.75},{"time":1.5667,"curve":0.284,"c3":0.625,"c4":0.38},{"time":1.6667,"angle":-1.46}]},"all16":{"rotate":[{"angle":-0.45,"curve":0.314,"c2":0.24,"c3":0.649,"c4":0.58},{"time":0.0333,"angle":-1.46,"curve":0.32,"c2":0.29,"c3":0.655,"c4":0.63},{"time":0.0667,"angle":-2.78,"curve":0.345,"c2":0.37,"c3":0.757},{"time":0.3667,"angle":-11.46,"curve":0.25,"c3":0.75},{"time":0.8,"curve":0.25,"c3":0.75},{"time":1.2,"angle":-11.46,"curve":0.25,"c3":0.75},{"time":1.6333,"curve":0.305,"c3":0.64,"c4":0.36},{"time":1.6667,"angle":-0.45}]},"all17":{"rotate":[{"curve":0.305,"c3":0.64,"c4":0.36},{"time":0.0333,"angle":-0.45,"curve":0.314,"c2":0.24,"c3":0.649,"c4":0.58},{"time":0.0667,"angle":-1.46,"curve":0.32,"c2":0.29,"c3":0.655,"c4":0.63},{"time":0.1333,"angle":-2.78,"curve":0.345,"c2":0.37,"c3":0.757},{"time":0.4,"angle":-11.46,"curve":0.25,"c3":0.75},{"time":0.8333,"curve":0.25,"c3":0.75},{"time":1.2333,"angle":-11.46,"curve":0.25,"c3":0.75},{"time":1.6667}]},"all18":{"rotate":[{"angle":-0.49,"curve":0.36,"c2":0.64,"c3":0.695},{"time":0.0333,"curve":0.305,"c3":0.64,"c4":0.36},{"time":0.0667,"angle":-0.45,"curve":0.314,"c2":0.24,"c3":0.649,"c4":0.58},{"time":0.1333,"angle":-1.46,"curve":0.32,"c2":0.29,"c3":0.655,"c4":0.63},{"time":0.1667,"angle":-2.78,"curve":0.345,"c2":0.37,"c3":0.757},{"time":0.4667,"angle":-11.46,"curve":0.25,"c3":0.75},{"time":0.8667,"curve":0.25,"c3":0.75},{"time":1.3,"angle":-11.46,"curve":0.245,"c3":0.711,"c4":0.83},{"time":1.6667,"angle":-0.49}]},"all19":{"rotate":[{"angle":-1.45,"curve":0.351,"c2":0.42,"c3":0.686,"c4":0.76},{"time":0.0333,"angle":-0.49,"curve":0.36,"c2":0.64,"c3":0.695},{"time":0.0667,"curve":0.305,"c3":0.64,"c4":0.36},{"time":0.1333,"angle":-0.45,"curve":0.314,"c2":0.24,"c3":0.649,"c4":0.58},{"time":0.1667,"angle":-1.46,"curve":0.32,"c2":0.29,"c3":0.655,"c4":0.63},{"time":0.2,"angle":-2.78,"curve":0.345,"c2":0.37,"c3":0.757},{"time":0.5,"angle":-11.46,"curve":0.25,"c3":0.75},{"time":0.9,"curve":0.25,"c3":0.75},{"time":1.3333,"angle":-11.46,"curve":0.243,"c3":0.68,"c4":0.71},{"time":1.6667,"angle":-1.45}]},"all20":{"rotate":[{"angle":-2.71,"curve":0.345,"c2":0.38,"c3":0.68,"c4":0.71},{"time":0.0333,"angle":-1.45,"curve":0.351,"c2":0.42,"c3":0.686,"c4":0.76},{"time":0.0667,"angle":-0.49,"curve":0.36,"c2":0.64,"c3":0.695},{"time":0.1333,"curve":0.305,"c3":0.64,"c4":0.36},{"time":0.1667,"angle":-0.45,"curve":0.314,"c2":0.24,"c3":0.649,"c4":0.58},{"time":0.2,"angle":-1.46,"curve":0.32,"c2":0.29,"c3":0.655,"c4":0.63},{"time":0.2333,"angle":-2.78,"curve":0.345,"c2":0.37,"c3":0.757},{"time":0.5333,"angle":-11.46,"curve":0.25,"c3":0.75},{"time":0.9667,"curve":0.25,"c3":0.75},{"time":1.3667,"angle":-11.46,"curve":0.243,"c3":0.655,"c4":0.62},{"time":1.6667,"angle":-2.71}]},"all21":{"rotate":[{"angle":-2.71,"curve":0.345,"c2":0.38,"c3":0.68,"c4":0.71},{"time":0.0333,"angle":-1.45,"curve":0.351,"c2":0.42,"c3":0.686,"c4":0.76},{"time":0.0667,"angle":-0.49,"curve":0.36,"c2":0.64,"c3":0.695},{"time":0.1333,"curve":0.305,"c3":0.64,"c4":0.36},{"time":0.1667,"angle":-0.45,"curve":0.314,"c2":0.24,"c3":0.649,"c4":0.58},{"time":0.2,"angle":-1.46,"curve":0.32,"c2":0.29,"c3":0.655,"c4":0.63},{"time":0.2333,"angle":-2.78,"curve":0.345,"c2":0.37,"c3":0.757},{"time":0.5333,"angle":-11.46,"curve":0.25,"c3":0.75},{"time":0.9667,"curve":0.25,"c3":0.75},{"time":1.3667,"angle":-11.46,"curve":0.243,"c3":0.655,"c4":0.62},{"time":1.6667,"angle":-2.71}]},"all22":{"rotate":[{"angle":-2.71,"curve":0.345,"c2":0.38,"c3":0.68,"c4":0.71},{"time":0.0333,"angle":-1.45,"curve":0.351,"c2":0.42,"c3":0.686,"c4":0.76},{"time":0.0667,"angle":-0.49,"curve":0.36,"c2":0.64,"c3":0.695},{"time":0.1333,"curve":0.305,"c3":0.64,"c4":0.36},{"time":0.1667,"angle":-0.45,"curve":0.314,"c2":0.24,"c3":0.649,"c4":0.58},{"time":0.2,"angle":-1.46,"curve":0.32,"c2":0.29,"c3":0.655,"c4":0.63},{"time":0.2333,"angle":-2.78,"curve":0.345,"c2":0.37,"c3":0.757},{"time":0.5333,"angle":-11.46,"curve":0.25,"c3":0.75},{"time":0.9667,"curve":0.25,"c3":0.75},{"time":1.3667,"angle":-11.46,"curve":0.243,"c3":0.655,"c4":0.62},{"time":1.6667,"angle":-2.71}]},"all5":{"rotate":[{"angle":-6.65,"curve":0.363,"c2":0.44,"c3":0.755},{"time":0.2333,"curve":0.25,"c3":0.75},{"time":0.6667,"angle":-10.52,"curve":0.25,"c3":0.75},{"time":1.0667,"curve":0.25,"c3":0.75},{"time":1.5,"angle":-10.52,"curve":0.258,"c3":0.619,"c4":0.45},{"time":1.6667,"angle":-6.65}]},"all11":{"rotate":[{"angle":40.23,"curve":0.382,"c2":0.57,"c3":0.737},{"time":0.3,"angle":57.77,"curve":0.25,"c3":0.75},{"time":1.1333,"curve":0.25,"c3":0.625,"c4":0.5},{"time":1.5333,"angle":28.88,"curve":0.337,"c2":0.34,"c3":0.673,"c4":0.69},{"time":1.6667,"angle":40.23}]},"all12":{"rotate":[{"angle":28.88,"curve":0.375,"c2":0.5,"c3":0.75},{"time":0.4,"angle":21.08,"curve":0.25,"c3":0.75},{"time":1.2333,"curve":0.25,"c3":0.625,"c4":0.5},{"time":1.6667,"angle":28.88}]},"all23":{"translate":[{},{"time":0.8333,"x":-23.14,"y":-4.63},{"time":1.6667}]},"all13":{"rotate":[{"angle":17.53,"curve":0.327,"c2":0.31,"c3":0.663,"c4":0.66},{"time":0.1333,"angle":28.88,"curve":0.375,"c2":0.5,"c3":0.75},{"time":0.5333,"angle":21.08,"curve":0.25,"c3":0.75},{"time":1.3667,"curve":0.263,"c3":0.618,"c4":0.43},{"time":1.6667,"angle":17.53}]},"all10":{"rotate":[{"angle":27.16,"curve":0.381,"c2":0.54,"c3":0.744},{"time":0.3333,"angle":21.08,"curve":0.294,"c3":0.631,"c4":0.37},{"time":0.4667,"angle":19.4,"curve":0.311,"c2":0.25,"c3":0.648,"c4":0.59},{"time":0.6,"angle":15.97,"curve":0.32,"c2":0.29,"c3":0.666,"c4":0.66},{"time":0.8333,"angle":8.14,"curve":0.381,"c2":0.54,"c3":0.743},{"time":1.1667,"curve":0.25,"c3":0.625,"c4":0.5},{"time":1.6,"angle":28.88,"curve":0.334,"c2":0.34,"c3":0.669,"c4":0.67},{"time":1.6667,"angle":27.16}]},"all8":{"rotate":[{"angle":-54.56,"curve":0.355,"c2":0.65,"c3":0.69},{"time":0.0667,"angle":303.86,"curve":0.25,"c3":0.625,"c4":0.5},{"time":0.4667,"angle":-27.26,"curve":0.337,"c2":0.34,"c3":0.673,"c4":0.69},{"time":0.6,"angle":-15.91,"curve":0.366,"c2":0.47,"c3":0.712,"c4":0.85},{"time":0.8333,"angle":0.14,"curve":0.355,"c2":0.65,"c3":0.69},{"time":0.9,"angle":1.63,"curve":0.246,"c3":0.718,"c4":0.86},{"time":1.6667,"angle":-54.56}]},"all9":{"rotate":[{"angle":68.18,"curve":0.375,"c2":0.62,"c3":0.716},{"time":0.1667,"angle":65.44,"curve":0.263,"c3":0.618,"c4":0.43},{"time":0.4667,"angle":82.69,"curve":0.326,"c2":0.31,"c3":0.663,"c4":0.66},{"time":0.6,"angle":94.32,"curve":0.346,"c2":0.38,"c3":0.693,"c4":0.75},{"time":0.8333,"angle":88.66,"curve":0.376,"c2":0.61,"c3":0.717},{"time":1,"angle":86.52,"curve":0.243,"c3":0.68,"c4":0.71},{"time":1.6667,"angle":68.18}]}},"deform":{"default":{"ST":{"ST":[{"offset":108,"curve":0.25,"c3":0.75,"vertices":[1.30684,19.89207,18.77882,-6.69023,19.47291,-4.26718,1.30684,19.89207,18.77882,-6.69023,1.30684,19.89207,18.77882,-6.69023,1.30684,19.89207,1.30684,19.89207,1.30684,19.89207,-5.69809,19.10327]},{"time":0.8333,"offset":108,"curve":0.25,"c3":0.75,"vertices":[-1.91518,-29.15452,-27.52296,9.80495,-28.54321,6.2403,-1.91518,-29.15452,-27.52296,9.80495,-1.91518,-29.15452,-27.52296,9.80495,-1.91518,-29.15452,-1.91518,-29.15452,-1.91518,-29.15452,8.35864,-27.996]},{"time":1.6667,"offset":108,"vertices":[1.30684,19.89207,18.77882,-6.69023,19.47291,-4.26718,1.30684,19.89207,18.77882,-6.69023,1.30684,19.89207,18.77882,-6.69023,1.30684,19.89207,1.30684,19.89207,1.30684,19.89207,-5.69809,19.10327]}]},"shange":{"shange":[{"offset":20,"curve":0.369,"c2":0.63,"c3":0.706,"vertices":[-2.00613,-6.09234,-17.77869,1.70302,0,0,0,0,0,0,0,0,0,0,0,0,0,0,0,0,0,0,0,0,0,0,0,0,0,0,0,0,0,0,-18.24557,-0.04903,-17.13167,-4.38104,-20.79181,-4.01852,-22.29408,5.41644,-12.03647,2.35849,0,0,0,0,0,0,-5.82675,0.72012,-5.82675,0.72012,-5.82675,0.72012,-5.82675,0.72012,-5.82675,0.72012,-5.82675,0.72012,-5.82675,0.72012,-5.82675,0.72012,-5.82675,0.72012,-5.82675,0.72012,-5.82675,0.72012,-5.82675,0.72012,-5.82675,0.72012,-5.82675,0.72012,-5.82675,0.72012,-5.82675,0.72012]},{"time":0.1333,"offset":20,"curve":0.25,"c3":0.75,"vertices":[-2.18766,-6.64362,-19.38743,1.85712,0,0,0,0,0,0,0,0,0,0,0,0,0,0,0,0,0,0,0,0,0,0,0,0,0,0,0,0,0,0,-19.89655,-0.05347,-18.68187,-4.77747,-22.67319,-4.38214,-24.31141,5.90656,-13.12562,2.5719,0,0,0,0,0,0,-6.354,0.78528,-6.354,0.78528,-6.354,0.78528,-6.354,0.78528,-6.354,0.78528,-6.354,0.78528,-6.354,0.78528,-6.354,0.78528,-6.354,0.78528,-6.354,0.78528,-6.354,0.78528,-6.354,0.78528,-6.354,0.78528,-6.354,0.78528,-6.354,0.78528,-6.354,0.78528]},{"time":0.9667,"curve":0.244,"c3":0.694,"c4":0.77},{"time":1.6667,"offset":20,"vertices":[-2.00613,-6.09234,-17.77869,1.70302,0,0,0,0,0,0,0,0,0,0,0,0,0,0,0,0,0,0,0,0,0,0,0,0,0,0,0,0,0,0,-18.24557,-0.04903,-17.13167,-4.38104,-20.79181,-4.01852,-22.29408,5.41644,-12.03647,2.35849,0,0,0,0,0,0,-5.82675,0.72012,-5.82675,0.72012,-5.82675,0.72012,-5.82675,0.72012,-5.82675,0.72012,-5.82675,0.72012,-5.82675,0.72012,-5.82675,0.72012,-5.82675,0.72012,-5.82675,0.72012,-5.82675,0.72012,-5.82675,0.72012,-5.82675,0.72012,-5.82675,0.72012,-5.82675,0.72012,-5.82675,0.72012]}]}}}}}},[0]]],0,0,[0],[-1],[0]]