[1,["62VAD12CtAGqehPf6kPsMf","8feX9wh1lJl4IOnwBp0xKS","887SEzzypOY4WSxzoaL/WV"],["_textureSetter"],["cc.SpriteFrame"],0,[[[{"name":"room_name_3","rect":[0,0,100,40],"offset":[0,0],"originalSize":[100,40],"capInsets":[0,0,0,0]}],[0],0,[0],[0],[0]],[[{"name":"room_name_2","rect":[0,0,100,40],"offset":[0,0],"originalSize":[100,40],"capInsets":[0,0,0,0]}],[0],0,[0],[0],[1]],[[{"name":"room_name_1","rect":[0,0,100,40],"offset":[0,0],"originalSize":[100,40],"capInsets":[0,0,0,0]}],[0],0,[0],[0],[2]]]]