[1,["ecpdLyjvZBwrvm+cedCcQy","f0BIwQ8D5Ml7nTNQbh1YlS","e97GVMl6JHh5Ml5qEDdSGa","29FYIk+N1GYaeWH/q1NxQO","9bvaMerUlDyary99mJa6xp","a2MjXRFdtLlYQ5ouAFv/+R","d8HsitJHxOYqo801xBk8ev"],["node","_spriteFrame","_parent","_N$normalSprite","_N$pressedSprite","_N$hoverSprite","_N$disabledSprite","root","data","_textureSetter"],[["cc.Node",["_name","_opacity","_components","_prefab","_contentSize","_parent","_trs","_children","_color"],1,9,4,5,1,7,2,5],["cc.Widget",["_alignFlags","_originalWidth","_originalHeight","alignMode","_top","node"],-2,1],["cc.Label",["_string","_N$horizontalAlign","_N$verticalAlign","_fontSize","_N$overflow","_isSystemFontUsed","_lineHeight","_enableWrapText","_N$cacheMode","node","_materials"],-6,1,3],["cc.PrefabInfo",["fileId","root"],2,1],["cc.Sprite",["_type","_sizeMode","node","_materials","_spriteFrame"],1,1,3,6],["cc.Button",["_N$transition","node","_N$normalColor","_N$pressedColor","_N$disabledColor","_N$target","_N$normalSprite","_N$pressedSprite","_N$hoverSprite","_N$disabledSprite"],2,1,5,5,5,1,6,6,6,6],"cc.SpriteFrame",["cc.Prefab",["_name"],2],["4cc64rWWDZJZpiFyp1TUAA6",["node"],3,1],["cc.BlockInputEvents",["node"],3,1],["cc.LabelOutline",["_width","node","_color"],2,1,5],["cc.Layout",["_resize","_N$layoutType","_N$spacingX","node","_layoutSize"],0,1,5]],[[3,0,1,2],[4,0,1,2,3,4,3],[0,0,7,2,3,4,6,2],[0,0,5,7,2,3,4,2],[0,0,5,7,2,3,4,6,2],[1,3,0,1,2,5,5],[2,0,3,7,1,2,4,8,9,10,8],[0,0,5,2,3,8,4,6,2],[0,0,5,2,3,8,4,2],[5,0,1,2,3,4,5,6,7,8,9,2],[7,0,2],[0,0,1,5,2,3,8,4,3],[0,0,5,2,3,4,6,2],[1,0,5,2],[1,0,1,2,5,4],[1,0,4,5,3],[8,0,1],[3,1,1],[4,2,3,1],[9,0,1],[2,0,5,1,2,9,10,5],[2,0,3,6,1,2,4,9,10,7],[10,0,1,2,2],[5,0,1,2],[11,0,1,2,3,4,4]],[[[[10,"comDialog"],[2,"confirmDialog",[-4,-5],[[13,45,-2],[16,-3]],[17,-1],[5,750,1334],[375,667,0,0,0,0,1,1,1,1]],[3,"background",1,[-7,-8,-9,-10],[[1,1,0,-6,[22],23]],[0,"80+1GoG2ZKGYJfNhsK6Zwn",1],[5,500,400]],[2,"Background_cancel",[-13],[[1,1,0,-11,[9],10],[5,0,45,100,40,-12]],[0,"04mq6rfuZO3YHBdY+KHC/z",1],[5,100,40],[0,0,0,0,0,0,1,1,1,0]],[2,"Background_certain",[-16],[[1,1,0,-14,[16],17],[5,0,45,100,40,-15]],[0,"33sJVfmstP25bGGWXVy0BY",1],[5,100,40],[0,0,0,0,0,0,1,1,1,0]],[11,"model",150,1,[[1,1,0,-17,[0],1],[14,45,400,320,-18],[19,-19]],[0,"726gYEDL9O56UZ3y4xl6h9",1],[4,4278190084],[5,750,1334]],[12,"lbl_title",2,[[20,"提示",false,1,1,-20,[2]],[22,2,-21,[4,4280365412]],[15,1,10.878000000000014,-22]],[0,"4aPFOhZGRBc4NATtNPlIwA",1],[5,84,54.4],[0,161.922,0,0,0,0,1,1,1,1]],[4,"btn_close",2,[-25],[[18,-23,[7]],[23,3,-24]],[0,"d5y5RhwHFEkbnXIVZU8pv6",1],[5,100,40],[186.595,164.007,0,0,0,0,1,1,1,0]],[3,"Background_close",7,[-28],[[1,1,0,-26,[5],6],[5,0,45,100,40,-27]],[0,"b16WgbVOJMGa6pIgzTsJTp",1],[5,100,40]],[3,"layout_btn",2,[-30,-31],[[24,1,1,200,-29,[5,400,150]]],[0,"71A8yrq85L+Z0Yp4S5jTPE",1],[5,400,150]],[4,"btn_cancel",9,[3],[[9,3,-32,[4,4293322470],[4,4291348680],[4,3363338360],3,11,12,13,14]],[0,"bd7uDYPcVMFLtXiVye6JNJ",1],[5,100,40],[-150,-168.258,0,0,0,0,1,1,1,1]],[4,"btn_certain",9,[4],[[9,3,-33,[4,4293322470],[4,4291348680],[4,3363338360],4,18,19,20,21]],[0,"65tCspkF1IcazJEKZSF+2i",1],[5,100,40],[150,-168.515,0,0,0,0,1,1,1,1]],[7,"lbl_content",2,[[21,"恭喜获得物品x2道具！",35,35,1,1,3,-34,[3]]],[0,"f9fW/j9p1Nm6/w9++rAGEk",1],[4,4280365412],[5,450,44.1],[-2,21.68,0,0,0,0,1,1,1,1]],[7,"Label_close",8,[[6,"关闭",20,false,1,1,1,1,-35,[4]]],[0,"2bwt0FJPpN+6uQWA877Hyp",1],[4,4278190080],[5,100,40],[0,2.842170943040401e-14,0,0,0,0,1,1,1,1]],[8,"Label_cancel",3,[[6,"取消",20,false,1,1,1,1,-36,[8]]],[0,"f4hKrp0NdB0aiH+n21Y+ug",1],[4,4278190080],[5,100,40]],[8,"Label_certain",4,[[6,"确定",20,false,1,1,1,1,-37,[15]]],[0,"49WL6wT/JMqrdjpFI12es/",1],[4,4278190080],[5,100,40]]],0,[0,7,1,0,0,1,0,0,1,0,-1,5,0,-2,2,0,0,2,0,-1,6,0,-2,12,0,-3,7,0,-4,9,0,0,3,0,0,3,0,-1,14,0,0,4,0,0,4,0,-1,15,0,0,5,0,0,5,0,0,5,0,0,6,0,0,6,0,0,6,0,0,7,0,0,7,0,-1,8,0,0,8,0,0,8,0,-1,13,0,0,9,0,-1,10,0,-2,11,0,0,10,0,0,11,0,0,12,0,0,13,0,0,14,0,0,15,0,8,1,3,2,10,4,2,11,37],[0,0,0,0,0,0,0,0,0,0,0,0,0,0,0,0,0,0,0,0,0,0,0,0],[-1,1,-1,-1,-1,-1,1,-1,-1,-1,1,3,4,5,6,-1,-1,1,3,4,5,6,-1,1],[0,4,0,0,0,0,1,0,0,0,1,1,2,1,3,0,0,1,1,2,1,3,0,5]],[[{"name":"default_panel","rect":[0,0,20,20],"offset":[0,0],"originalSize":[20,20],"capInsets":[6,6,6,6]}],[6],0,[0],[9],[6]]]]