{"paths":{"0":["font/AlibabaPuHuiTi-3-55-Regular",1],"1":["font/Bold",1],"2":["i18n/sprite/en/bg_phb_1",3],"3":["i18n/sprite/en/biaoti1",3],"4":["i18n/sprite/en/biaoti2",3],"5":["i18n/sprite/en/bt_1",3],"6":["i18n/sprite/en/Group 47",3],"7":["i18n/sprite/en/img_ranking",3],"8":["i18n/sprite/en/img_record",3],"9":["i18n/sprite/en/img_tc_zd",3],"10":["i18n/sprite/en/label_benefit",3],"11":["i18n/sprite/en/label_pfqy",3],"12":["i18n/sprite/en/label_qy",3],"13":["i18n/sprite/en/label_skin_benefit",3],"14":["i18n/sprite/en/my_record",3],"15":["i18n/sprite/en/pop_win1",3],"16":["i18n/sprite/en/room_name_1",3],"17":["i18n/sprite/en/room_name_2",3],"18":["i18n/sprite/en/room_name_3",3],"19":["i18n/sprite/en/room_name_4",3],"20":["i18n/sprite/en/room_name_5",3],"21":["i18n/sprite/en/room_name_6",3],"22":["i18n/sprite/en/room_name_7",3],"23":["i18n/sprite/en/room_name_8",3],"24":["i18n/sprite/en/ts2",3],"25":["i18n/sprite/zh/bg_phb_1",3],"26":["i18n/sprite/zh/biaoti1",3],"27":["i18n/sprite/zh/biaoti2",3],"28":["i18n/sprite/zh/bt_1",3],"29":["i18n/sprite/zh/Group 47",3],"30":["i18n/sprite/zh/img_ranking",3],"31":["i18n/sprite/zh/img_record",3],"32":["i18n/sprite/zh/img_tc_zd",3],"33":["i18n/sprite/zh/label_benefit",3],"34":["i18n/sprite/zh/label_pfqy",3],"35":["i18n/sprite/zh/label_qy",3],"36":["i18n/sprite/zh/label_skin_benefit",3],"37":["i18n/sprite/zh/my_record",3],"38":["i18n/sprite/zh/pop_win1",3],"39":["i18n/sprite/zh/room_name_1",3],"40":["i18n/sprite/zh/room_name_2",3],"41":["i18n/sprite/zh/room_name_3",3],"42":["i18n/sprite/zh/room_name_4",3],"43":["i18n/sprite/zh/room_name_5",3],"44":["i18n/sprite/zh/room_name_6",3],"45":["i18n/sprite/zh/room_name_7",3],"46":["i18n/sprite/zh/room_name_8",3],"47":["i18n/sprite/zh/ts2",3],"48":["loading/texture/bg",3],"49":["loading/texture/Bg2",3],"50":["loading/texture/Loading..",3],"51":["loading/texture/prog_bar",3],"52":["loading/texture/prog_bg",3],"53":["sounds/bgm",6],"54":["sounds/daojishi",6],"55":["sounds/guanmen",6],"56":["sounds/jianshe",6],"57":["sounds/kan",6],"58":["sounds/ui_click",6],"59":["spine/door/men_Anim",7],"60":["spine/door/men_Anim",3],"61":["spine/killer/killer",7],"62":["spine/killer/killer",3],"63":["spine/killer/konglong",7],"64":["spine/killer/konglong",3],"65":["spine/player/renwu",7],"66":["spine/player/renwu",3],"67":["texture/bg/img_bg",3],"68":["texture/outGame/outGame",3],"69":["texture/player/player",3],"70":["texture/setting/bg_toggle",3],"71":["texture/setting/bg",3],"72":["texture/setting/btn_close",3],"73":["texture/setting/checkmark",3],"74":["texture/setting/dec",3],"75":["texture/setting/effect",3],"76":["texture/setting/sep",3],"77":["texture/setting/sound",3],"78":["texture/setting/toggle_language",3],"79":["texture/weihu/img_whz",3],"80":["animations/huxi",0],"81":["animations/shachou_chuxian",0],"82":["i18n/label/en",2],"83":["i18n/label/zh",2],"84":["i18n/sprite/en/bg_phb_1",4,1],"85":["i18n/sprite/en/biaoti1",4,1],"86":["i18n/sprite/en/biaoti2",4,1],"87":["i18n/sprite/en/bt_1",4,1],"88":["i18n/sprite/en/Group 47",4,1],"89":["i18n/sprite/en/img_ranking",4,1],"90":["i18n/sprite/en/img_record",4,1],"91":["i18n/sprite/en/img_tc_zd",4,1],"92":["i18n/sprite/en/label_benefit",4,1],"93":["i18n/sprite/en/label_pfqy",4,1],"94":["i18n/sprite/en/label_qy",4,1],"95":["i18n/sprite/en/label_skin_benefit",4,1],"96":["i18n/sprite/en/my_record",4,1],"97":["i18n/sprite/en/pop_win1",4,1],"98":["i18n/sprite/en/room_name_1",4,1],"99":["i18n/sprite/en/room_name_2",4,1],"100":["i18n/sprite/en/room_name_3",4,1],"101":["i18n/sprite/en/room_name_4",4,1],"102":["i18n/sprite/en/room_name_5",4,1],"103":["i18n/sprite/en/room_name_6",4,1],"104":["i18n/sprite/en/room_name_7",4,1],"105":["i18n/sprite/en/room_name_8",4,1],"106":["i18n/sprite/en/ts2",4,1],"107":["i18n/sprite/zh/bg_phb_1",4,1],"108":["i18n/sprite/zh/biaoti1",4,1],"109":["i18n/sprite/zh/biaoti2",4,1],"110":["i18n/sprite/zh/bt_1",4,1],"111":["i18n/sprite/zh/Group 47",4,1],"112":["i18n/sprite/zh/img_ranking",4,1],"113":["i18n/sprite/zh/img_record",4,1],"114":["i18n/sprite/zh/img_tc_zd",4,1],"115":["i18n/sprite/zh/label_benefit",4,1],"116":["i18n/sprite/zh/label_pfqy",4,1],"117":["i18n/sprite/zh/label_qy",4,1],"118":["i18n/sprite/zh/label_skin_benefit",4,1],"119":["i18n/sprite/zh/my_record",4,1],"120":["i18n/sprite/zh/pop_win1",4,1],"121":["i18n/sprite/zh/room_name_1",4,1],"122":["i18n/sprite/zh/room_name_2",4,1],"123":["i18n/sprite/zh/room_name_3",4,1],"124":["i18n/sprite/zh/room_name_4",4,1],"125":["i18n/sprite/zh/room_name_5",4,1],"126":["i18n/sprite/zh/room_name_6",4,1],"127":["i18n/sprite/zh/room_name_7",4,1],"128":["i18n/sprite/zh/room_name_8",4,1],"129":["i18n/sprite/zh/ts2",4,1],"130":["loading/texture/bg",4,1],"131":["loading/texture/Bg2",4,1],"132":["loading/texture/Loading..",4,1],"133":["loading/texture/prog_bar",4,1],"134":["loading/texture/prog_bg",4,1],"135":["prefab/comPop/comDialog",5],"136":["prefab/comPop/comTips",5],"137":["prefab/comPop/comTipsItem",5],"138":["prefab/drop_coin",5],"139":["prefab/gameLayer",5],"140":["prefab/icon_coin",5],"141":["prefab/jiluItem1",5],"142":["prefab/jiluItem2",5],"143":["prefab/jiluItem3",5],"144":["prefab/jiluItem4",5],"145":["prefab/jiluItem5",5],"146":["prefab/jiluLayer",5],"147":["prefab/killer",5],"148":["prefab/player",5],"149":["prefab/playerName",5],"150":["prefab/rankLayer",5],"151":["prefab/weihuLayer",5],"152":["spine/door/men_Anim",8],"153":["spine/door/men_Anim",4,1],"154":["spine/killer/killer",8],"155":["spine/killer/killer",4,1],"156":["spine/killer/konglong",8],"157":["spine/killer/konglong",4,1],"158":["spine/player/renwu",8],"159":["spine/player/renwu",4,1],"160":["texture/bg/img_bg",4,1],"161":["texture/choseRoom/AutoAtlas",9],"162":["texture/choseRoom/icon_tr",4,1],"163":["texture/choseRoom/room1",4,1],"164":["texture/choseRoom/room2",4,1],"165":["texture/choseRoom/room3",4,1],"166":["texture/hall/AutoAtlas",9],"167":["texture/hall/bt_1",4,1],"168":["texture/hall/bt_2",4,1],"169":["texture/hall/bt_3",4,1],"170":["texture/hall/btn_trxz",4,1],"171":["texture/hall/coin_1",4,1],"172":["texture/hall/coin_2",4,1],"173":["texture/hall/coin_3",4,1],"174":["texture/hall/coin_heibian_1",4,1],"175":["texture/hall/coin_heibian_2",4,1],"176":["texture/hall/coin_heibian_3",4,1],"177":["texture/hall/head_more",4,1],"178":["texture/hall/img_bubble",4,1],"179":["texture/hall/img_cat",4,1],"180":["texture/hall/img_djs",4,1],"181":["texture/hall/img_ranking",4,1],"182":["texture/hall/img_record",4,1],"183":["texture/hall/img_tc_zd",4,1],"184":["texture/hall/img_tc",4,1],"185":["texture/hall/img_xz",4,1],"186":["texture/hall/img_xz2",4,1],"187":["texture/hall/img_xz3",4,1],"188":["texture/hall/label_1",4,1],"189":["texture/hall/label_2",4,1],"190":["texture/hall/pop_tips",4,1],"191":["texture/hall/pop_win1",4,1],"192":["texture/hall/pop_win2",4,1],"193":["texture/hall/pop_win3",4,1],"194":["texture/hall/qipao",4,1],"195":["texture/hall/room_1",4,1],"196":["texture/hall/room_2",4,1],"197":["texture/hall/room_3",4,1],"198":["texture/hall/room_4",4,1],"199":["texture/hall/room_5",4,1],"200":["texture/hall/room_6",4,1],"201":["texture/hall/room_7",4,1],"202":["texture/hall/room_8",4,1],"203":["texture/hall/room_name_1",4,1],"204":["texture/hall/room_name_2",4,1],"205":["texture/hall/room_name_3",4,1],"206":["texture/hall/room_name_4",4,1],"207":["texture/hall/room_name_5",4,1],"208":["texture/hall/room_name_6",4,1],"209":["texture/hall/room_name_7",4,1],"210":["texture/hall/room_name_8",4,1],"211":["texture/hall/tc_over_2",4,1],"212":["texture/hall/ts1",4,1],"213":["texture/hall/ts2",4,1],"214":["texture/jilu/AutoAtlas",9],"215":["texture/jilu/beijing",4,1],"216":["texture/jilu/biaoti1",4,1],"217":["texture/jilu/biaoti2",4,1],"218":["texture/jilu/coin_1",4,1],"219":["texture/jilu/coin_2",4,1],"220":["texture/jilu/coin_3",4,1],"221":["texture/jilu/ditu1",4,1],"222":["texture/jilu/fanhui",4,1],"223":["texture/jilu/icons8-buffering-96",4,1],"224":["texture/jilu/kuiang_2",4,1],"225":["texture/jilu/linghuntubiao",4,1],"226":["texture/jilu/room_name_1",4,1],"227":["texture/jilu/room_name_2",4,1],"228":["texture/jilu/room_name_3",4,1],"229":["texture/jilu/room_name_4",4,1],"230":["texture/jilu/room_name_5",4,1],"231":["texture/jilu/room_name_6",4,1],"232":["texture/jilu/room_name_7",4,1],"233":["texture/jilu/room_name_8",4,1],"234":["texture/jilu/wode_jilu",4,1],"235":["texture/outGame/outGame",4,1],"236":["texture/player/player",9],"237":["texture/rank/AutoAtlas",9],"238":["texture/rank/beijing",4,1],"239":["texture/rank/bg_phb_1",4,1],"240":["texture/rank/bg_phb_2",4,1],"241":["texture/rank/bg_phb_3",4,1],"242":["texture/rank/btn_szb_1",4,1],"243":["texture/rank/btn_szb_2",4,1],"244":["texture/rank/coin_1",4,1],"245":["texture/rank/coin_2",4,1],"246":["texture/rank/coin_3",4,1],"247":["texture/rank/fanhui",4,1],"248":["texture/rank/fengex",4,1],"249":["texture/rank/first",4,1],"250":["texture/rank/lab_bg",4,1],"251":["texture/rank/label_pfqy",4,1],"252":["texture/rank/label_qy",4,1],"253":["texture/rank/rank_bg",4,1],"254":["texture/rank/second",4,1],"255":["texture/rank/tc_szb",4,1],"256":["texture/rank/third",4,1],"257":["texture/rank/touxiangshiyi",4,1],"258":["texture/setting/bg_toggle",4,1],"259":["texture/setting/bg",4,1],"260":["texture/setting/btn_close",4,1],"261":["texture/setting/checkmark",4,1],"262":["texture/setting/dec",4,1],"263":["texture/setting/effect",4,1],"264":["texture/setting/sep",4,1],"265":["texture/setting/sound",4,1],"266":["texture/setting/toggle_language",4,1],"267":["texture/weihu/img_whz",4,1]},"types":["cc.AnimationClip","cc.TTFFont","cc.JsonAsset","cc.Texture2D","cc.SpriteFrame","cc.Prefab","cc.AudioClip","cc.Asset","sp.SkeletonData","cc.SpriteAtlas"],"uuids":["c4aplNTFdLT7YvM9jFzDK0","d6ztkJPMFDB6eWg27jNpoM","5aY86OBbhKfadwL0xWrUtq","3bKwH5MOdGN5J9bFEstaJt","e0AwspgmdKH7EAchRDmfMp","bduCiNj8lJ1q+ot0++nNPl","48jDx8bKJDrL0GpOiZxkUG","78BsDjQ2JAJrR/i7QIqZI0","23XQorgINNUoGNMN1CSUYu","98AGeXrZNMsJy7W1F/x4uZ","1caqQl9uhNcbKhZmJ0Emoe","21ZKid9pVH5oCrtZ+MYR+e","d40b8RCtFP35PBvfvvaHjY","ebfCY3eFdJ15T6anC84tae","ddeI7vx8tEp5+MKOeg182M","17H4j7v8JEqZbUkBe86Hiu","beYAhv8DtK3Ka/yRvhJ/wf","1eOdiPRVVPHo98T+b+5eY3","a4hXjW0qFFkrU/lpY74qAA","eb2ZRYFBVFH5ojq+IBhuzf","e19YB0ItpNRoLUXcFc0FxE","baZePFkDRL/qQDnEgszQb1","d58LmDsOlKy5C6wOubQHrC","f5U4ySS0BD67svTEl21NUj","f783PreLpAdZbrdb9uE/b3","41TNNfFdBD55NLB1FCnXZZ","b8m3XJLodHvpXan2imbEqN","30c1IoKdpKBLI1MpIAImsl","f4IugApHBKP5xFnzqjapFv","4dIwO44LdE6LAZTOv0v+Qa","45i3E55BlAgZMsJGv+WLtB","7dgI/F1WtG44P5dP//sp4W","a8nc4+N+NMX50HcdLrHeQq","4fjRSHZrdHo5D6rbGcP/Uj","80M1oscwdMXKKHrSM78D/r","6eaN6d9MtA6IFkQu4IWVGW","39L021iihCzZh4MyDMlnwi","441Tif4ZFOCZnfkRdIRAe1","b9wsYOt9FPkZUQgTZdQ1Cu","887SEzzypOY4WSxzoaL/WV","8feX9wh1lJl4IOnwBp0xKS","62VAD12CtAGqehPf6kPsMf","80vwV5Y+FCvLvZBtnIE8hn","b1BNnJ8whDz6kQKGvodYmr","8d120iEF9LsKWhX7GxhgyI","07MIOF3hNFQ4QiRwMRNnw8","adNoVQ59xDuLKIqXU/X7//","348x/Bv/BJYY5uyBDJy10Q","3bLgDIYBxDwrnvAeDCBIye","7a3XX/DB5Op62V7heALAg7","3djA8FIkBDcJiAHWtP3S0z","54l9xhXRVFnr5pTYCELiIo","8bhTxdTANNvrgE9HVSy7TW","f4JK55G3ZLmYQ/IDS3Qbi9","483cpqGlZJ3I84p7Pq8FnQ","c3lFze1c5FJoo6p/cZYGrh","1aJZd6QqhLyoIHbL71Bgjz","cbK+femzdK1omiuKhi4Kov","e2mKynvmVKqKH/5bo98oLz","6aK/5GII1DU7ZOXftkQT9G","77hnEhkopEKo1Wf6LW0ZTn","218E7veXFJrL8/H62mBqEh","5dzXSB9SdGx6SYoYSD9bzJ","38vSgJcrVPe5T3F5r0XHCW","27bv2/5ipD6YcLUW26PTi0","b1VFWXPh5ISLvLztRzN043","18gRbTpi9CJYD8oUUAZiQ/","bbcJ7R0K1AZ6kvm6Y1Uwt4","58RJx1p3xHHqXL72i4I4Fo","c4Ps10mstG4qqwtEKDiW5r","92mxrOum9OcqP6g58Wagxj","e2Hv32RERLWKxt72CMm4tP","0aCIOHeJZMB4F0lXUC5sn2","e7S4gJq+RM8Y7iFj/8KpKk","2d8n52DKlALLAlQNSnIlVz","58XgdSHjlP1rsaVRX3j81m","f7ZKuHaQNNHIi0F2uK/qKF","f2BDn/laNAU5BsVRGPipEK","9dSjm2vK5AAYaKpL1VjS6O","e835X30AtHDozFMfq1tFa6","dbhEVILU9DeJfduSNo9iqn","05oemwGfhO3ZeG8XK2USSF","95x77bYwhIRLMRdidWkJxx","b54UJ0XyxH4oRwabAEWjlY","dfnG+KXChBGpddw+7lKr4g","3dqWOmTaZKRaZRYnpkeCwX","a50eOrqBVBVbEzb0p12j12","76wHV7fkBKgbR3ldxMQiIp","c2ntw2I4VHs4oiA3VibSTY","acihEhwPtMCrfFl52EvSmq","70A8UE9aFLmqMslAQMmVmg","e7P+NkkOBAVbFgwUN3Qkju","ceXQ8feedF0rprTF3Ld++3","c5eEOiyh9B45rfN737J8nW","52YC4TUH1GLqC/4eYvLKvt","85f6OEw45NQJaGc0+81br9","0bjJkOHYRAgINZBHYCSGro","adpdBcr0BC0Y8vHAVva81L","01u0qVEuROuLwp00KLHFey","849TlrVEFE0aW0ptICjSF2","e6+9E4TjRLCanULSfataV2","a3hcfRucNOPoLrFfhiaYys","64AgAaSuFEzrP+PYtZIQx3","deyeBFw69EVYmYHEUOmdvX","acD5wI57BM35RILrhQ6Gi1","182aVcIN9BtoYGhVml+9mh","9dbZbvRfBE0K513/nq7C0M","75a/Y1GSJKl4EbVh/VmI3T","abvVeVikFBTa6oBd/0wH67","12rMFCWURNt6BzI/YTGDa6","e3IQmExCtEQKgks7BuWZyd","4fcmm7Lc1Kn7pmnZxW+Vi5","d0+Sq9yyVD5YnzjllwFuNy","baul5it5lDEo3Z/ZdrygIb","5dg9PK/x9Ee7iZ6Iq3gnGw","8cYzVmY4JEe7KIixB/lGqx","ddxWUUSrZFFKelWkcgXwBo","b4fXyz18BGfolk+Vf++8We","47wbmOzbBBurUSkzO0K2jg","c508yFwu9Kur/iIkhZ/LhZ","81UdGv+ZxCJp0l2hEvK/N2","8dGB6nF0JMX5C2ym0W0uf8","8apwCN4fZBDL8RtsKt2fQ2","27+0vpi9dAh5lYRIMpYCje","31n5VgFHdOcYtzIlc2pPG/","d1X/9JsJxFzZ+m6GE8E0pM","21HS7FCFRNxbcdJ9VRCn7I","7cspLeIYhPSpgNGIXpk792","3dA0JEWmJG+bgS9j0uXiy2","12MuS2R1RNq6Bx31fq7aQc","a3Ne8cbzNLLaz5cT9d1YPQ","55d9z3hshOxIfAj4vCRQzS","135s6VjJRNEqi9l6skgBj7","70N8UceF5KLrD9vaKhnrkW","239+AWj1VPO4B0AkAXtso4","2aiWjvralN4683iIQxC8mi","91Bg/x+7xEqqFZlgcoggyd","8czVg9gr1H7ZEIGU+pCjxD","f5gUySVKBPJpg1BXe6F1/y","f9EQh8yA9Hv7jRGf+X993/","4dbct+W+dJ9YWueciqW5rv","b8zFpJVxZLD41RmQPkxJhW","3388JTvVxPQKvVhNqUWBU5","02Gym68oxAE4yv59m8Pa6i","5dpf8Gq/9G8oLauqdVCZ60","95TFp3cYdCVb/H8/cd1xwD","ddtA+f7WtIaYpUshzuaP7o","85CdFQ89RNlb7B9u5uvd2R","55Wf+KU39Kv4OFlXle1510","1fqB4irG9Bz7jPA7U+zYq4","d0Yf3KxeJLypMFsYd05+12","6cLc8uuwZHcIrGyr/MDAYa","83PG+MA8RH+7/UGogYeSb+","a5hwRC7VhGJZX4dRdcPdag","51YRr2wRFOELSx4JehDExd","2fPtFCFSlHL6EOSsANa7k8","e4S/sUpINLtpah3jjpb8PE","a78LTwAgpPS6/2dU9ZB3Hr","4aYK7fw1VFE4Otv+xGn75f","92Rk8/oZZBP68Bv9jfcb3f","04vBtXGs5M7I/6SQZxVWWi","16vQ9w28dASJkFvL8c8OWi","99peYZ8ZBMK6ojMHUWkvPP","9fnnurlpxNE66dtTcSpAGn","33h8pVdqxIlrXN3lORtp7v","6f+PeQP/VET4VHXGOe4C3T","f7tTM4NGdDa5PqGkDqnmnT","c89wcLHCRHhIphNpki9s7w","77RxqKft9GWbO8cGmnZMay","f6xUxHFxpMLLWv3IgvWSeL","4eCMnSYqxGEKUT0ktZPRg/","bdqn/RWqJHcasQlZRyOU+B","6cbMwRGitIzr1w2I20PAIK","774PwSuL5NSZBV3PVf1MT2","61kaphluhKfK/V6ClfpWiI","00OSCjMS1DkKlplypbw+LS","57OMsuvGRA14ihhwV0XTVP","13j3tb5GNCM6GI+9Pxz3w5","3elzOVQ75GXJVfU6JyNmwf","532Oxx5W5I2qg08adabGXy","a7mE/Ys7xEtZMDQLXFxqi5","7cK3lfGphNibQ8QdOvY0y8","b5yQ4E2BVLQ5jfc3vgRbjL","00Cia+c5dKa6giS2XITMzr","bd+21e7aRNlKi1SA22RCPA","88l4aTbCpAErHXPdB4UNjn","e4VP+GOLFEgYT+ZxzxVBfd","bcgvMxu09JrKJnl5aZJ3Aj","012fyFQYRM54Qg+JpxGh5r","cc7e6Q+mdDxaKZZggwCCsw","dfzmzt8YJGobOuByhQqeAh","cbZe1U37ZHvbbnP/fpJYh3","32dvgmQ7JB46cQDl7cQJuB","e9HaBCH8dPja5mydjtrZZ0","24uBADTwZK+LgW2F0+TqBk","4dLWZSor9N1rGjsRa/XyVL","07BtgDVntJ7ZY4M1YjlKzo","4fRZ2JAfVLL7q3CZLxB+/V","52FsBZbcxOz7CDPZu0NcvK","fe641q7cxIDok037ChPua0","37FndbAeZEY4Vn+14Gu1CB","62te6t4Z1OxoOAlaQXNFDA","f6SeFqRF9Ec7jSvQumSMqA","a1B1VPT19CSJpjr0/CHubt","afcuZwVelKz6zhXnhiG9NP","bdrBEMpa9GKbDiYNt+awdW","099Shl+7dFu40JchW0zdsD","f9OkZmZURMb4SRJZw0SBk6","67SDuDC8FNZrSGskBL5UL+","6cSOi5nQpEr6SkfBlSXpvA","7b3QkqJeNAoZVfkTJzbJfQ","294IhYilVJcokyinSQHUPj","ccJkqNZLJO85sf2n9voilE","af/BNo+bhIQZtycmikmrEi","c5fk3Mnf1G54gw4TyfFjw+","8043uF8XBJ4YpU9EMFmoan","b9Kg2a8MZI/o3cnovuXlhv","b9e1oJFIRE8qWb6aavv5pK","4a2RWHb2dBS6v6uPD8RP2g","c7cB6d13RK24kQBhWKAff+","a2+1EKEzlJwKjQOBhxwTaM","d0/ncVWfhIXbPAhK2rHpMl","e0VzpW1lFJEbdVQOy3MmoK","6fqganQuhBW4Q6w2Bp5Owj","e1N8dInBJOk4qXR9JajU5u","dbbzNK7/xCbrml2KoCAouJ","fdQzXEXGBNN78EaSe9oOc5","08oopXt9ROcZTumMLnRqp0","afWGC0JHhFJ4NNF9fnXrBA","5eBf9fv7tIz5SduqMN1m2z","189nZRxOdNAK0KWtubVKFi","e7Ea46emFLZbWfumzCBYcS","8dXlDK9nBG24PSCa3hVi2M","f9YDH1dkhDv4IR0zvDea1C","51OJVw02RNs4+gQvcmaxgn","b3B5c9dCVMYpLZ/LICdktN","d13+v2KK5GDI2kY4LiCNDh","8b6xevg3RALb0HU/6tft/L","1ay3wf0IhJ1rpGpVWdlFKx","1aO4RJjadMbpPZ5XS6znBm","29Ujjf2cVGIpH+QBbTA7xH","40ifeqTP5Dc5YfmdQK+n2m","d5dgNiqtJOrLGF+DYHIO3m","3e+ckvUHRC4oXbpq5q0Nzy","05jIpp8kVPRIDyBOKAisKO","57lMyhxmJMrYOSWY7a0R1Y","4dYPBElvBDl64exBdX48LO","22M0VVMvNHW7OIc8OPx8iR","23j5z1AU9HMpOj+cP23hxE","9cs5CgDL9OQrSGXfKlKTHq","e767fLCqFKJ5bOF3TLC7pC","57mDJACrhI2ICBsbqXkjm2","b5LSIiaWxAKpsklENvp38d","3aUFDNsDpBsJlOe+xk9+1R","a5IocW5L5PLYxZ77ewTY5N","91Eb/a7ZlE8p6fz218qlK/","62+sK+uAhFfbfSkC2lV2KO","670mCp3ydIGoSdDq33Arb0","ec/hZeDyJJBZ0TQvcZYs/s","72yO+lS8dJe79n7Acr/Q9u","2dZI5cq0VCO4H6gvCxSLHu","99DgHW0fpKLbhnBbmI6Of6","44WemaWqhMpLpddZQya+F9","7bwgqHHVBBBapjyyY9k7Ja","50ftp5a9xFr7KEQ1UQ9Wbh","0aun05fk9Og7aSADtiz4Ph","daag+yeEBCXoWmEDlKSl18","03sjLs3qhHKZZ16QdAty+M","d8HsitJHxOYqo801xBk8ev","e8Ueib+qJEhL6mXAHdnwbi","71VhFCTINJM6/Ky3oX9nBT","b4P/PCArtIdIH38t6mlw8Y","1e8f223f0","1d191b498","1800987f6","1484a7afd","16DUZaj41Fern3j3uqfYbs","88rYWaNqFGQZrIFM49pcPu","9fA/Wsqu1JT6fgYc1YkkHN","b075ZIZoxHlK/iZd7WXCjN","9cItSGErtMjq/zAjZRsTlC","dckiEEa2hKEZjV+19kG7wT","a9eClCBsVLHK+RrTTC8FRo","95FeSizXNH17VmuMUj9Ddf","a0US4W9LxFl6MsQ08CFikH","a6jtzXE2dHBJMXd4FI7ds0","dc/IGS2hBBKaLgJXjPE2dQ","94baBUQy5A85kakhDfC0XL","a9Ujc8j0RKOZ271hW1R2UU","a9eIAjNWlJMoY29gDb8zpS","f6W0M1ZuFLLIifgJa+sxWh","96GNydyQFI0rwJBKWWfUSR","14gPuSqrRAd4zxAqfAlbPs","006Tsu2IhJVq5e/1G0nQ8i","d7FU8e04hLnIcuFH4WIda1","50+WlCdARFLp2Bm2YFZP33","2aUmK/uGZJnLP28jUqJo3A","5749aEL8xEF6DRBy8W0llr","9fW55F4MdIPazSW42lwVd+","0asbE4vYxMdbQouUXW+lMW","4eC9nPxb9Kk4QdvGVDUknE","206SiwfiRGPrl8JuCocwMs","351kx4hC9LzK1u0JU+Wd7S","02WnKykKtFuL1PKlN1M2nh","adNWC3igBNXqEHd2110ix8","e7sDFC/vhH0a7g7i1UodB1","ccJC9r9i9LR49Et76207FM","98Hr+awo9BuKCXKJrsRfY6","52jYkEgDZGPIvcYwNACGOL","a3rwuBxzxIMoZyuE1kYIn2","5acBPnbfZLVI4tBVOtD+J2","f4JMsCcpxNT4MiJN0keIiB","df/CIXLOROdrCdkGkdaAQj","6b7O9ZvLtIV49UyY5W7+6v","83Kdp5GGdG2p4JBb1SAb20","40lh3RZRZO2IzmdbUsSgCw","ecpdLyjvZBwrvm+cedCcQy","9bvaMerUlDyary99mJa6xp","f0BIwQ8D5Ml7nTNQbh1YlS","e97GVMl6JHh5Ml5qEDdSGa","29FYIk+N1GYaeWH/q1NxQO","a2MjXRFdtLlYQ5ouAFv/+R","7a/QZLET9IDreTiBfRn2PD","3ae7efMv1CLq2ilvUY/tQi","02delMVqdBD70a/HSD99FK"],"scenes":{},"redirect":[316,0,322,0,323,0,324,0],"deps":["internal"],"packs":{"052af06d7":[137,190],"0c339d10f":[320,319,318],"0f13b6cd7":[135,317],"032a82b73":[126,124,128,127,125],"07f904274":[172,173,171],"09d57ef51":[293,303,299,292,276,301,296,302,315,300,295,308,297,310,313,314,277,287,283,291,307,280,278,298,284,309,285,288,282,289,304,279,306,236,294,281,286,312,305,311,290],"0ce147842":[109,141,225],"0a4df42fa":[175,160,196,265,177,260,200,178,262,195,170,197,264,198,176,114,174,201,259,263,185,261,180,235,113,187,184,112,266,80,110,186,258,202,139,199],"0c7e44351":[123,122,121],"01b2e7038":[227,230,142,229,232,108,228,231,233,226],"0b5273e6b":[143,218,220,119,219],"0b19d5aca":[223,215,145,146,222],"09a05b07d":[194,148],"0f63b21cf":[188,149],"0f3fc15a1":[244,238,247,248,253,243,118,246,245,256,107,115,255,254,150,242,250],"03f38ff59":[267,151],"077049871":[45,72,275,15,274,66,10,273,17,272,11,8,64,74,27,47,36,3,48,50,25,37,30,6,29,33,51,68,75,2,62,41,35,270,60,7,49,31,34,42,39,52,44,40,70,9,78,18,32,46,43,271,26,38,21,67,5,16,69,12,22,268,14,4,20,71,73,269,79,13,19,77,28,23,76,24]},"name":"resources","importBase":"import","nativeBase":"native","debug":false,"isZip":false,"encrypted":false,"versions":{"import":[183,"9e834","01b2e7038","880a4",98,"a0e03","032a82b73","fbd39","03f38ff59","b93b2","052af06d7","de66f",81,"c8411","077049871","80d7e","07f904274","a7b8d","09a05b07d","b29ac","09d57ef51","31214",206,"05c04","0a4df42fa","3bb2e","0b19d5aca","f8150","0b5273e6b","2f7de",96,"e2b2c","0c339d10f","a9ccb","0c7e44351","b3dee","0ce147842","eb3bf","0f13b6cd7","e1311","0f3fc15a1","7be5a","0f63b21cf","aca65",129,"c3e5f",132,"5983c",161,"2ba66",105,"8db7b",56,"764fd",239,"85b36",61,"37274",134,"c5317",240,"2be5e",211,"0340a",155,"0a5c0",192,"e0cb8",164,"90ec2",63,"88421",85,"99efe",241,"706b8",54,"992f6",158,"64555",140,"4eae1",111,"d882d",234,"a01e8",154,"00c3d",94,"97e01",179,"14702",131,"6fa82",251,"6f63a",144,"8799d",102,"78dab",208,"f6ad4",257,"0d97e",59,"b9af5",209,"5a3e3",165,"7916a",90,"9d9e4",133,"167dd",87,"ab9d6",168,"82fc8",210,"951e9",181,"1d274",120,"a0296",152,"d939d",99,"1107c",147,"ca7d3",95,"f3e1c",237,"1f141",136,"db277",159,"a60b0",82,"58602",162,"88325",249,"3248c",106,"961a4",163,"2d5ee",203,"ee69c",321,"43d76",130,"6c00c",101,"b3aa2",153,"9a90e",86,"75877",157,"a40f8",104,"1c362",89,"933e8",97,"8183d",204,"83daf",213,"1e8bf",65,"17f4f",117,"2202c",252,"56f7b",182,"15a03",83,"a6084",216,"a0f9b",217,"3733c",205,"ba00e",88,"e6b5d",55,"db195",0,"dba4f",93,"efc04",214,"08af0",167,"4749f",57,"a2095",191,"87bdd",212,"fa35d",189,"c616a",92,"6b36b",221,"327cf",1,"5ea3c",116,"e03cb",103,"1bea0",84,"f1217",224,"f16f8",58,"c350b",156,"6f486",100,"2a7f3",91,"e94cc",193,"3e20f",53,"6c2c2",138,"c72a4",169,"629a9",166,"1b817",207,"fc362"],"native":[45,"a6f98",72,"6b1ae",275,"d1d4a",15,"680b5",274,"98bee",66,"50131",56,"d3fdd",10,"71690",273,"ea6ea",17,"c5bea",272,"46e13",11,"0135f",61,"982c5",8,"f1fbb",64,"41d88",74,"96a26",27,"20ab5",47,"6c22c",63,"564ab",36,"20461",3,"c737f",48,"0998f",50,"db005",25,"96b36",37,"18885",30,"3810a",6,"35092",54,"d5b48",29,"a238a",33,"22d4d",51,"9eaa9",68,"35a5f",75,"669e2",2,"0d60b",62,"87afc",41,"26c0a",59,"60d7d",35,"10ede",270,"c06a9",60,"4ce32",7,"56b0b",49,"03f6e",31,"28009",34,"6d5be",42,"f92f5",39,"07bf0",52,"501f4",44,"1f25d",40,"da465",70,"5a767",9,"55ee2",78,"30f6c",18,"e171b",32,"6dcb9",46,"fba4d",43,"ce772",65,"ef11a",271,"83fcc",26,"2de23",38,"cf563",21,"8ad52",67,"fcc78",5,"bc85d",16,"9660b",55,"168b9",69,"0932e",0,"eb0d5",57,"9dcfc",12,"fed97",22,"db9ce",1,"7a12f",268,"cdbc9",14,"0d3a4",4,"31586",20,"dfd42",71,"17b97",58,"3b618",73,"7817a",269,"90cf4",79,"5dd90",13,"886b3",19,"62217",77,"adf00",28,"e67ba",53,"6258f",23,"209df",76,"bb237",24,"34247"]}}